pipe_id,diameter_mm,material,installation_year,age_years,length_m,operating_pressure_m,soil_type,elevation_m,previous_failures,leakage_incidents,annual_rainfall_mm,recent_rainfall_mm,maintenance_count_24m,failure_within_90_days,failure_risk_score,risk_category
P-00001,63,PVC,2016,10,1328.6,39.0,Clay,1478.0,0,3,672.4,0.6,4,1,12.7,Low
P-00002,50,GI,2011,15,690.1,11.1,Rocky,1768.3,0,1,956.3,6.9,3,0,8.1,Low
P-00003,63,HDPE,2013,13,2073.1,34.2,Sandy,809.2,1,1,1331.9,7.6,3,0,14.4,Low
P-00004,160,PVC,2012,14,1867.8,44.8,Clay,948.3,2,1,1323.1,8.7,3,0,24.2,Low
P-00005,40,PVC,2022,4,2119.9,31.8,Black Cotton,1012.5,0,0,882.4,3.2,2,0,7.5,Low
P-00006,110,GI,2006,20,1469.5,17.9,Sandy,1171.3,0,2,1156.8,1.7,1,0,16.1,Low
P-00007,32,GI,2010,16,1821.4,40.1,Loam,1713.9,1,3,790.5,3.3,1,0,30.2,Moderate
P-00008,63,Ductile Iron,2004,22,976.7,18.5,Clay,1305.5,0,3,1032.2,1.6,8,0,12.3,Low
P-00009,90,PVC,2022,4,2051.0,35.1,Loam,980.5,0,0,685.6,1.6,1,0,6.3,Low
P-00010,160,PVC,2017,9,1446.5,48.8,Clay,1148.9,2,0,1315.2,3.0,1,0,18.6,Low
P-00011,75,Ductile Iron,1998,28,896.3,31.3,Loam,1033.6,6,2,500.0,4.5,4,1,54.0,High
P-00012,63,PVC,2024,2,2014.9,51.2,Loam,1431.1,0,0,1293.1,3.9,2,0,8.9,Low
P-00013,32,Ductile Iron,2007,19,1163.5,26.9,Loam,1726.7,1,3,901.6,2.8,5,0,17.9,Low
P-00014,32,GI,2019,7,2270.8,40.9,Loam,1536.2,2,2,1037.4,5.8,0,0,20.8,Low
P-00015,50,HDPE,2019,7,1741.6,27.6,Loam,1615.3,0,1,882.7,2.6,0,0,7.3,Low
P-00016,75,Ductile Iron,2005,21,2197.4,34.2,Sandy,1077.6,3,6,662.3,5.3,7,0,38.9,Moderate
P-00017,25,Ductile Iron,1997,29,1991.6,41.3,Sandy,1662.8,6,1,1314.6,0.4,7,0,55.4,High
P-00018,50,PVC,2020,6,1355.2,32.6,Sandy,990.1,1,1,951.3,0.8,0,0,9.2,Low
P-00019,32,GI,2008,18,875.8,48.7,Sandy,1554.5,3,2,1071.0,3.7,7,0,37.5,Moderate
P-00020,90,HDPE,2002,24,1020.6,17.0,Loam,1117.9,3,3,1082.7,15.8,3,0,30.6,Moderate
P-00021,25,HDPE,2006,20,1598.1,24.0,Clay,851.3,1,1,1046.2,11.3,6,0,14.9,Low
P-00022,25,GI,1997,29,170.8,22.3,Black Cotton,1514.0,1,3,826.0,5.4,8,0,37.2,Moderate
P-00023,25,Ductile Iron,2003,23,2370.8,37.8,Sandy,1465.9,3,3,1295.2,4.1,8,0,34.5,Moderate
P-00024,160,HDPE,2020,6,2212.1,32.3,Loam,1771.8,0,1,1074.2,2.0,1,0,7.4,Low
P-00025,40,PVC,2017,9,2273.7,26.9,Sandy,1297.5,1,2,1120.8,3.8,1,0,10.5,Low
P-00026,160,PVC,2003,23,2036.8,26.3,Sandy,1566.6,2,2,1099.0,1.5,7,0,20.9,Low
P-00027,75,GI,2006,20,1378.7,33.4,Clay,1368.9,1,3,500.0,3.1,2,1,30.2,Moderate
P-00028,75,PVC,2009,17,1531.7,33.2,Rocky,1439.5,5,0,947.7,5.3,5,0,25.3,Moderate
P-00029,75,HDPE,1996,30,884.2,36.1,Black Cotton,1518.3,6,2,1327.0,1.0,5,1,67.2,High
P-00030,25,GI,2018,8,66.8,16.9,Sandy,844.7,0,2,1188.3,9.8,2,0,7.4,Low
P-00031,75,PVC,2009,17,1299.0,47.1,Sandy,1022.2,0,2,500.0,2.3,4,1,22.7,Low
P-00032,32,PVC,2006,20,2425.2,43.0,Rocky,853.3,1,3,1674.6,1.0,6,0,27.5,Moderate
P-00033,25,GI,2006,20,450.1,50.7,Black Cotton,1668.6,0,1,928.0,10.9,8,0,36.3,Moderate
P-00034,50,Ductile Iron,2014,12,1576.0,43.8,Loam,1670.0,0,0,1375.4,0.5,1,0,14.0,Low
P-00035,32,PVC,2012,14,1048.0,27.4,Clay,1032.1,1,1,1139.6,3.4,2,0,12.5,Low
P-00036,25,Ductile Iron,2021,5,2192.4,33.2,Sandy,1642.3,0,0,1040.2,2.6,1,0,6.4,Low
P-00037,50,HDPE,2013,13,914.1,19.2,Loam,1018.5,3,1,1091.7,1.6,3,0,11.5,Low
P-00038,40,GI,1998,28,2350.0,39.0,Loam,871.4,0,1,1282.1,0.8,4,0,34.7,Moderate
P-00039,90,PVC,2004,22,2179.5,36.1,Loam,1430.6,1,2,1227.8,3.7,6,0,24.0,Low
P-00040,160,Ductile Iron,2004,22,1799.4,39.8,Sandy,1633.1,5,3,946.0,9.2,5,1,49.3,Moderate
P-00041,50,PVC,2007,19,850.6,25.1,Rocky,1120.3,3,2,1100.9,1.2,3,0,22.1,Low
P-00042,160,PVC,2022,4,1215.3,36.5,Sandy,993.5,1,0,1073.2,6.4,1,0,8.3,Low
P-00043,160,PVC,2017,9,531.4,28.9,Clay,1196.2,0,1,1057.3,5.9,3,0,7.8,Low
P-00044,63,HDPE,2019,7,2457.4,45.8,Loam,1134.9,0,1,1331.0,0.7,0,0,12.7,Low
P-00045,110,PVC,2018,8,218.7,34.0,Sandy,1101.2,0,2,1324.3,6.5,3,0,9.7,Low
P-00046,40,GI,1998,28,1357.1,41.5,Sandy,1033.2,4,1,994.7,0.7,9,1,46.8,Moderate
P-00047,50,GI,1998,28,1499.3,22.9,Loam,1412.2,3,4,500.0,4.4,4,0,44.7,Moderate
P-00048,40,HDPE,2019,7,2266.0,40.6,Loam,817.1,0,0,1209.6,6.4,1,0,9.8,Low
P-00049,32,GI,1997,29,757.0,50.9,Sandy,1077.7,4,5,876.4,3.3,6,1,73.4,High
P-00050,75,PVC,2020,6,1778.7,21.8,Clay,1626.0,0,0,1378.1,8.7,2,0,4.9,Low
P-00051,40,PVC,2020,6,1910.7,38.0,Loam,1424.7,0,0,1201.5,1.6,0,0,8.4,Low
P-00052,160,PVC,2005,21,2400.3,45.7,Loam,1583.4,2,2,1174.8,2.2,4,1,35.1,Moderate
P-00053,160,PVC,2002,24,2492.0,67.6,Rocky,1330.3,1,4,1051.9,24.4,4,1,68.8,High
P-00054,32,PVC,1999,27,2302.6,46.7,Clay,1124.7,5,0,773.3,7.0,3,1,57.0,High
P-00055,63,PVC,2010,16,2133.2,24.2,Black Cotton,1527.1,3,0,1262.6,2.4,3,1,19.7,Low
P-00056,32,HDPE,2020,6,173.1,41.0,Loam,979.4,2,0,996.4,0.4,4,0,10.1,Low
P-00057,110,HDPE,1998,28,2353.3,67.8,Clay,969.8,3,1,1330.5,5.3,6,1,66.0,High
P-00058,40,PVC,2005,21,1200.5,49.1,Loam,1618.8,3,1,1063.8,4.0,5,0,38.3,Moderate
P-00059,25,HDPE,1996,30,1025.5,36.3,Loam,872.4,8,5,1053.7,4.5,8,1,73.1,High
P-00060,75,GI,2000,26,134.4,41.6,Loam,1757.9,1,1,637.3,3.8,7,1,34.3,Moderate
P-00061,160,HDPE,2009,17,112.0,55.1,Rocky,1268.3,2,4,726.7,6.7,3,0,45.1,Moderate
P-00062,50,GI,1995,31,1849.6,60.5,Loam,1530.8,2,2,969.8,4.3,6,1,68.3,High
P-00063,50,GI,2005,21,249.6,40.1,Loam,1267.6,0,4,1482.1,4.2,6,1,31.0,Moderate
P-00064,63,PVC,2023,3,793.5,41.0,Clay,1474.1,0,0,1340.6,6.1,0,0,8.0,Low
P-00065,160,Ductile Iron,2008,18,1812.9,13.4,Black Cotton,1572.4,2,0,1034.3,5.2,2,0,15.3,Low
P-00066,90,GI,1996,30,2119.4,37.4,Clay,1130.4,3,1,758.1,3.7,7,1,46.6,Moderate
P-00067,50,HDPE,2014,12,1619.6,26.0,Clay,1330.3,1,1,966.4,2.8,2,0,10.3,Low
P-00068,32,Ductile Iron,2005,21,530.8,49.4,Clay,1515.5,2,3,1286.3,1.0,6,1,38.0,Moderate
P-00069,63,HDPE,2008,18,2114.9,26.4,Sandy,1622.0,3,4,970.3,3.5,4,0,25.9,Moderate
P-00070,32,PVC,2008,18,2235.5,33.1,Sandy,1409.2,5,1,1040.1,5.8,1,1,34.6,Moderate
P-00071,110,PVC,2012,14,1162.3,30.8,Loam,1254.5,0,0,1108.8,0.5,2,0,10.1,Low
P-00072,32,PVC,2020,6,2392.1,47.5,Clay,1726.9,1,0,1077.9,1.7,1,0,12.5,Low
P-00073,32,PVC,2001,25,1722.7,29.9,Clay,1409.8,2,3,1111.4,15.8,6,1,34.2,Moderate
P-00074,25,PVC,2015,11,612.7,8.9,Clay,845.8,4,0,1002.4,5.8,1,1,9.0,Low
P-00075,25,HDPE,2018,8,1688.2,29.1,Sandy,871.4,1,1,1081.4,2.5,2,0,8.7,Low
P-00076,90,PVC,2024,2,1634.5,34.1,Loam,952.4,0,0,1546.1,5.1,0,1,5.8,Low
P-00077,90,HDPE,2015,11,1902.9,18.1,Clay,1262.3,1,0,722.9,0.5,3,0,6.1,Low
P-00078,90,PVC,2001,25,125.4,41.6,Clay,1705.8,3,4,926.0,6.5,10,0,42.3,Moderate
P-00079,90,HDPE,2002,24,905.3,39.6,Sandy,1003.4,7,2,1331.5,9.7,4,1,60.1,High
P-00080,25,PVC,2011,15,564.3,55.8,Sandy,1741.6,2,3,1231.6,12.6,5,1,38.2,Moderate
P-00081,32,PVC,2011,15,1768.6,40.5,Rocky,1774.4,4,1,692.8,3.9,4,1,27.1,Moderate
P-00082,32,HDPE,2018,8,877.9,22.0,Sandy,1088.9,2,0,1182.6,2.3,2,0,7.2,Low
P-00083,160,GI,2023,3,154.9,24.1,Rocky,1335.9,1,0,1002.8,3.0,1,0,5.9,Low
P-00084,160,PVC,2018,8,2296.0,40.0,Sandy,1177.2,1,0,1033.3,1.2,1,0,11.3,Low
P-00085,40,PVC,1997,29,641.6,33.3,Loam,847.3,2,2,951.6,9.6,9,0,34.6,Moderate
P-00086,25,PVC,2023,3,1062.7,37.9,Loam,958.4,0,0,833.6,10.4,0,0,7.6,Low
P-00087,110,PVC,1998,28,1890.7,31.1,Clay,1464.3,1,3,896.7,0.9,6,0,31.2,Moderate
P-00088,25,GI,1997,29,1692.4,38.5,Loam,1614.3,4,1,666.2,2.7,1,0,58.7,High
P-00089,40,HDPE,1997,29,414.1,61.4,Sandy,1178.1,1,4,1137.1,3.6,6,0,62.7,High
P-00090,90,Ductile Iron,2005,21,1500.3,41.3,Loam,1194.5,4,2,682.7,4.1,6,1,37.8,Moderate
P-00091,40,GI,1997,29,725.6,19.8,Black Cotton,1771.9,4,1,1005.4,12.6,10,1,41.5,Moderate
P-00092,63,GI,2003,23,555.2,34.0,Black Cotton,1519.4,3,0,858.5,10.9,5,0,41.8,Moderate
P-00093,63,HDPE,2000,26,944.9,62.1,Loam,827.5,6,2,1374.0,1.2,5,0,72.8,High
P-00094,32,PVC,2016,10,213.8,28.2,Loam,1198.8,2,0,564.2,0.2,0,0,10.9,Low
P-00095,90,Ductile Iron,2018,8,735.2,44.9,Loam,1424.8,1,0,1056.9,3.6,1,0,13.5,Low
P-00096,40,Ductile Iron,1998,28,163.5,35.6,Clay,1151.5,8,6,654.4,6.8,7,1,74.0,High
P-00097,63,GI,2016,10,2492.7,39.1,Sandy,1681.0,1,3,1167.5,6.5,1,0,21.9,Low
P-00098,63,Ductile Iron,2019,7,59.4,31.8,Sandy,1685.4,0,0,1085.5,1.9,1,0,6.9,Low
P-00099,25,GI,2011,15,905.8,26.5,Black Cotton,1278.4,3,2,964.2,1.8,0,0,31.6,Moderate
P-00100,75,PVC,2005,21,798.6,44.2,Clay,958.2,2,2,1052.9,3.1,7,0,30.3,Moderate
P-00101,110,Ductile Iron,2004,22,2393.0,45.1,Black Cotton,927.4,3,3,816.7,0.1,3,1,53.3,High
P-00102,160,PVC,2022,4,2025.0,43.2,Black Cotton,1286.3,0,0,1467.6,25.0,1,0,15.1,Low
P-00103,90,PVC,2001,25,154.4,31.8,Loam,1599.0,6,7,1024.7,0.8,1,0,67.5,High
P-00104,32,HDPE,2021,5,2016.6,43.5,Rocky,851.2,0,2,892.9,1.6,0,0,11.7,Low
P-00105,75,GI,2016,10,196.7,23.9,Rocky,1764.8,0,1,1016.5,3.8,2,0,8.7,Low
P-00106,32,PVC,2010,16,2287.5,40.7,Black Cotton,1465.8,3,0,1073.0,2.1,2,0,31.6,Moderate
P-00107,63,PVC,2017,9,816.5,34.1,Rocky,1037.8,0,2,978.6,1.3,4,0,9.2,Low
P-00108,40,GI,2021,5,1291.9,36.3,Loam,1788.3,0,0,1034.9,6.2,0,0,9.4,Low
P-00109,32,HDPE,2019,7,1270.9,43.7,Loam,1440.4,1,0,1346.4,4.3,2,0,11.7,Low
P-00110,32,PVC,2007,19,1198.4,33.8,Rocky,1074.1,3,2,1307.6,12.3,1,1,33.9,Moderate
P-00111,90,PVC,2021,5,1992.6,22.4,Clay,1333.4,1,0,855.4,7.6,0,0,6.0,Low
P-00112,50,PVC,2003,23,370.9,24.0,Clay,1663.4,3,1,1042.6,1.3,8,0,19.4,Low
P-00113,25,PVC,1995,31,1621.2,45.4,Clay,1013.6,1,5,816.2,4.1,8,1,53.1,High
P-00114,25,HDPE,2016,10,727.7,40.7,Clay,911.1,2,1,1048.6,2.9,7,1,12.9,Low
P-00115,75,PVC,2008,18,1090.5,15.6,Rocky,1663.1,1,3,1111.6,1.4,5,0,11.8,Low
P-00116,90,PVC,1996,30,795.7,41.1,Loam,1097.6,2,5,1183.5,17.0,3,1,63.9,High
P-00117,75,PVC,2003,23,1524.6,50.2,Clay,1473.4,2,6,1005.6,5.4,7,0,52.1,High
P-00118,40,PVC,2011,15,1636.3,24.0,Loam,1583.7,1,1,531.5,0.5,3,1,10.9,Low
P-00119,40,HDPE,2006,20,1340.5,18.5,Clay,1322.2,4,1,565.4,9.7,4,0,21.4,Low
P-00120,110,GI,2015,11,1283.5,43.1,Sandy,1382.8,0,1,1217.7,2.2,3,0,15.7,Low
P-00121,75,PVC,2011,15,504.0,14.4,Black Cotton,1166.6,0,0,1353.0,5.7,1,0,10.0,Low
P-00122,63,PVC,2021,5,1482.6,33.6,Rocky,870.8,0,0,919.6,7.1,2,0,6.5,Low
P-00123,32,PVC,2003,23,157.3,34.3,Sandy,1333.4,2,6,939.9,1.4,2,1,44.2,Moderate
P-00124,75,PVC,2017,9,961.3,37.7,Sandy,1762.4,1,1,1104.3,1.3,3,0,11.4,Low
P-00125,63,GI,2024,2,1712.1,41.6,Clay,1262.6,0,0,730.6,1.3,0,0,8.5,Low
P-00126,63,PVC,2000,26,1693.5,30.3,Rocky,931.9,2,5,881.2,8.8,6,0,40.0,Moderate
P-00127,50,GI,2024,2,2118.5,53.8,Rocky,830.2,0,0,1284.3,2.7,0,0,12.7,Low
P-00128,50,Ductile Iron,2004,22,654.9,37.1,Black Cotton,1505.0,3,4,1451.8,1.0,4,0,48.3,Moderate
P-00129,40,PVC,2017,9,1073.6,24.5,Loam,1411.8,3,1,782.0,3.1,1,0,11.8,Low
P-00130,32,GI,2013,13,1918.9,25.5,Black Cotton,1409.5,1,0,1223.1,13.3,2,0,17.9,Low
P-00131,63,PVC,2015,11,213.9,29.8,Loam,1071.5,2,2,1039.8,0.6,3,0,13.2,Low
P-00132,25,GI,2016,10,2218.4,23.6,Sandy,1085.7,0,2,725.1,3.0,1,0,10.1,Low
P-00133,40,PVC,2022,4,1883.4,33.5,Loam,1510.5,0,0,1308.2,2.0,0,0,6.3,Low
P-00134,50,HDPE,2012,14,1931.1,27.8,Rocky,1262.6,0,2,1272.5,7.6,0,0,14.2,Low
P-00135,90,HDPE,1999,27,1993.6,36.2,Sandy,1627.0,5,2,834.5,5.7,6,0,49.5,Moderate
P-00136,160,HDPE,1999,27,1710.4,47.9,Clay,1192.5,7,0,1201.2,3.1,6,1,61.0,High
P-00137,25,Ductile Iron,2006,20,820.9,15.7,Loam,1374.7,2,2,1520.4,3.5,7,1,13.0,Low
P-00138,50,GI,2015,11,2234.8,37.8,Sandy,1037.0,0,1,1085.2,5.4,2,1,14.7,Low
P-00139,90,PVC,2003,23,98.9,45.7,Sandy,1534.8,2,3,547.4,1.5,6,0,38.6,Moderate
P-00140,32,HDPE,2016,10,1721.1,42.4,Sandy,1603.7,3,0,1065.2,6.8,1,0,20.0,Low
P-00141,160,Ductile Iron,2021,5,1326.1,29.5,Sandy,1029.9,3,0,1234.4,0.1,0,0,9.5,Low
P-00142,25,Ductile Iron,2012,14,2042.0,36.2,Clay,1528.3,3,3,1001.2,6.9,0,0,29.9,Moderate
P-00143,110,PVC,2021,5,926.2,21.5,Black Cotton,1140.0,0,0,1027.4,20.5,4,0,6.6,Low
P-00144,50,PVC,2016,10,536.9,33.8,Clay,1500.8,1,0,1213.5,8.1,0,0,12.3,Low
P-00145,32,PVC,2017,9,1830.6,15.4,Clay,1113.2,0,1,1442.3,7.3,0,0,6.0,Low
P-00146,160,GI,2017,9,1139.2,40.8,Sandy,1232.0,2,0,1004.1,1.6,3,0,15.5,Low
P-00147,40,PVC,2018,8,1801.8,39.2,Loam,1554.2,1,2,1069.6,1.2,2,0,13.1,Low
P-00148,50,Ductile Iron,2019,7,1267.7,27.4,Loam,1308.1,4,0,1224.7,0.5,0,0,12.0,Low
P-00149,50,GI,2012,14,668.2,39.1,Loam,887.6,2,2,1687.6,2.6,3,1,24.9,Low
P-00150,32,PVC,2005,21,750.2,53.7,Loam,1347.2,2,4,713.9,9.0,9,1,43.3,Moderate
P-00151,90,PVC,2015,11,1571.6,25.3,Sandy,1403.7,2,1,1297.6,2.5,3,0,10.5,Low
P-00152,40,HDPE,2004,22,1735.2,40.7,Clay,1335.6,1,0,1309.7,2.8,5,1,23.1,Low
P-00153,90,PVC,1998,28,817.1,46.7,Sandy,966.7,2,1,1032.5,3.8,7,0,41.6,Moderate
P-00154,63,Ductile Iron,2010,16,492.4,37.6,Black Cotton,1298.6,2,0,1015.4,0.4,2,0,25.2,Moderate
P-00155,75,PVC,2001,25,986.0,41.4,Sandy,1085.5,4,1,687.0,1.1,5,1,42.3,Moderate
P-00156,90,PVC,1999,27,460.0,36.1,Black Cotton,881.0,3,4,1080.9,17.6,3,0,64.1,High
P-00157,160,PVC,1999,27,1551.3,35.4,Sandy,1085.6,4,3,1029.1,4.5,3,0,51.5,High
P-00158,110,PVC,2014,12,761.7,27.0,Rocky,1354.2,3,0,794.8,7.8,2,0,14.0,Low
P-00159,110,PVC,2005,21,464.5,22.2,Black Cotton,1726.7,3,2,597.5,2.5,8,0,24.2,Low
P-00160,90,PVC,2020,6,124.9,44.9,Loam,832.0,1,0,1023.8,5.3,2,0,11.5,Low
P-00161,63,HDPE,2006,20,863.5,18.2,Rocky,1639.1,1,1,1333.1,3.2,4,1,12.5,Low
P-00162,110,PVC,2011,15,1016.2,48.0,Loam,1534.7,1,1,1204.4,5.2,4,1,22.3,Low
P-00163,25,HDPE,2018,8,2238.4,25.9,Sandy,1251.1,0,0,1161.4,1.5,2,1,5.8,Low
P-00164,40,PVC,2005,21,1546.5,33.6,Sandy,812.5,3,1,1376.0,5.4,4,0,28.1,Moderate
P-00165,50,PVC,2015,11,1493.8,43.8,Rocky,1619.5,3,0,876.9,26.6,1,0,27.6,Moderate
P-00166,32,PVC,2011,15,1002.4,44.6,Clay,1214.3,2,2,1409.5,0.9,2,0,26.9,Moderate
P-00167,110,HDPE,2024,2,514.7,25.6,Rocky,1574.3,0,0,1201.0,4.7,0,0,4.4,Low
P-00168,50,PVC,2018,8,1462.0,35.4,Loam,1736.0,1,1,945.9,4.0,0,0,12.0,Low
P-00169,63,GI,2003,23,2087.5,34.7,Rocky,1232.9,4,2,1061.9,9.6,2,0,48.6,Moderate
P-00170,110,HDPE,1998,28,64.0,10.7,Loam,862.6,7,3,1240.3,7.0,8,0,39.0,Moderate
P-00171,160,PVC,2024,2,1406.7,35.9,Sandy,1334.4,0,0,1074.1,1.9,1,0,5.6,Low
P-00172,40,PVC,2002,24,2005.9,39.4,Rocky,1416.3,2,0,933.5,1.7,5,0,28.2,Moderate
P-00173,25,PVC,1998,28,981.8,24.5,Loam,1067.9,3,5,812.3,3.1,9,1,36.7,Moderate
P-00174,90,Ductile Iron,1997,29,264.4,45.3,Loam,1102.4,4,2,548.2,1.3,6,0,55.0,High
P-00175,25,HDPE,1995,31,959.6,49.3,Black Cotton,1032.2,3,3,845.1,15.0,10,1,68.0,High
P-00176,25,GI,1995,31,1461.0,34.7,Loam,1149.7,5,3,847.6,6.4,4,1,66.5,High
P-00177,160,PVC,2000,26,1842.0,19.3,Black Cotton,1654.2,0,2,920.1,5.6,4,1,24.6,Low
P-00178,63,Ductile Iron,2016,10,1388.3,34.1,Loam,1756.9,2,2,1022.9,0.7,3,0,14.1,Low
P-00179,32,PVC,2008,18,1665.5,38.4,Clay,1405.6,4,2,1108.5,6.1,4,0,33.7,Moderate
P-00180,32,PVC,2022,4,256.8,30.9,Sandy,1249.9,2,0,1654.9,0.9,2,0,7.1,Low
P-00181,32,GI,2014,12,1437.2,17.3,Sandy,1226.9,1,2,1291.8,6.1,2,0,11.1,Low
P-00182,90,GI,2013,13,1994.0,16.9,Clay,1234.0,2,1,1043.5,10.8,5,0,11.1,Low
P-00183,25,Ductile Iron,2015,11,1716.1,63.5,Clay,836.0,3,1,705.2,7.4,1,1,39.4,Moderate
P-00184,50,HDPE,2018,8,2238.4,53.3,Sandy,1226.6,2,0,652.8,4.5,3,0,18.5,Low
P-00185,160,GI,2011,15,1885.6,26.8,Black Cotton,1009.1,0,3,769.6,12.6,6,0,20.3,Low
P-00186,110,Ductile Iron,2004,22,164.1,21.9,Clay,1671.0,2,1,737.0,0.6,7,0,15.4,Low
P-00187,75,GI,2015,11,1270.0,40.6,Rocky,897.8,2,5,1425.0,2.8,1,0,31.8,Moderate
P-00188,50,PVC,2024,2,1858.2,45.4,Sandy,1144.5,0,0,1203.9,4.9,1,0,8.0,Low
P-00189,32,Ductile Iron,2006,20,795.0,18.6,Black Cotton,1312.7,2,3,562.2,6.9,4,1,25.2,Moderate
P-00190,110,PVC,2022,4,1783.2,26.6,Black Cotton,1187.6,0,0,1267.6,5.2,1,0,6.9,Low
P-00191,63,HDPE,2012,14,791.0,35.3,Rocky,1699.6,1,1,1051.9,3.8,3,0,15.1,Low
P-00192,110,PVC,2015,11,1015.4,11.3,Clay,1785.1,3,0,619.7,1.3,2,0,7.3,Low
P-00193,63,GI,2017,9,1358.0,23.0,Sandy,1164.4,1,1,1058.9,2.9,0,0,10.3,Low
P-00194,90,HDPE,1995,31,2036.3,38.8,Clay,876.2,2,1,1342.3,7.7,8,1,40.4,Moderate
P-00195,40,PVC,1999,27,1286.1,22.2,Clay,1606.8,2,4,872.2,1.9,4,1,32.5,Moderate
P-00196,32,PVC,2018,8,2229.0,29.0,Sandy,1634.1,3,0,989.2,17.9,3,0,12.4,Low
P-00197,50,PVC,2014,12,964.1,34.8,Loam,879.7,2,1,606.8,13.4,1,0,19.0,Low
P-00198,50,PVC,2000,26,2077.3,42.0,Black Cotton,1189.9,2,3,1174.9,2.2,6,0,49.8,Moderate
P-00199,25,HDPE,2022,4,1628.9,39.9,Clay,1721.2,1,1,893.1,11.4,1,0,11.1,Low
P-00200,160,Ductile Iron,2000,26,1629.6,22.7,Loam,1185.1,4,7,1282.1,3.9,5,1,48.3,Moderate
P-00201,32,PVC,2004,22,1866.2,24.1,Loam,934.0,2,6,1199.5,10.0,8,1,29.0,Moderate
P-00202,50,Ductile Iron,2008,18,859.7,36.8,Loam,918.9,0,1,951.0,3.1,4,0,16.4,Low
P-00203,110,PVC,2015,11,1679.5,21.6,Black Cotton,1443.8,2,1,1142.2,11.6,5,0,12.9,Low
P-00204,90,PVC,2007,19,1331.0,50.4,Loam,1377.2,1,5,1064.7,2.1,7,0,36.1,Moderate
P-00205,32,HDPE,2007,19,651.9,23.1,Loam,932.3,1,2,765.6,0.6,5,0,14.0,Low
P-00206,160,Ductile Iron,2020,6,1353.5,29.2,Clay,1564.1,2,0,725.8,7.3,1,0,9.0,Low
P-00207,40,GI,2006,20,2316.9,47.8,Clay,1285.4,4,2,1116.9,1.6,4,0,48.4,Moderate
P-00208,63,PVC,2005,21,797.2,37.6,Black Cotton,1323.3,3,7,1044.2,7.9,2,0,62.0,High
P-00209,160,PVC,2023,3,2279.2,27.9,Loam,1577.8,1,0,1587.4,5.3,2,0,5.4,Low
P-00210,90,PVC,2023,3,1568.4,21.1,Clay,1148.3,1,0,683.6,1.8,1,0,4.4,Low
P-00211,63,GI,2013,13,2196.2,42.7,Clay,1092.5,1,1,882.1,2.7,1,1,22.5,Low
P-00212,40,HDPE,2020,6,1824.9,25.4,Clay,1612.4,2,0,1394.0,7.9,0,0,8.4,Low
P-00213,40,PVC,2004,22,381.2,17.5,Loam,1458.7,4,2,1359.6,5.8,1,1,28.3,Moderate
P-00214,160,GI,2002,24,1742.1,41.9,Sandy,991.4,3,1,1010.2,7.2,5,0,43.7,Moderate
P-00215,40,HDPE,2007,19,1679.9,24.0,Loam,1005.0,2,2,1220.2,2.2,6,0,16.2,Low
P-00216,160,Ductile Iron,2023,3,987.2,35.7,Clay,879.8,1,0,1088.3,1.8,1,0,7.0,Low
P-00217,32,PVC,2014,12,1256.8,64.4,Sandy,1649.8,1,2,761.0,2.6,1,1,34.8,Moderate
P-00218,50,PVC,2019,7,1891.1,59.8,Rocky,1555.1,2,0,1697.4,7.1,5,0,19.6,Low
P-00219,160,HDPE,2018,8,1811.4,44.7,Loam,1184.7,2,0,1308.8,8.9,5,0,13.7,Low
P-00220,63,HDPE,2017,9,1787.1,50.0,Rocky,887.1,1,0,782.0,0.4,2,0,15.3,Low
P-00221,160,HDPE,2010,16,189.4,46.9,Clay,901.9,1,1,1141.0,3.0,3,0,23.5,Low
P-00222,50,GI,2021,5,1500.5,49.6,Sandy,1638.4,1,0,859.4,2.7,0,0,15.9,Low
P-00223,110,PVC,2018,8,1873.4,35.7,Clay,1779.6,1,0,927.0,5.2,2,0,9.9,Low
P-00224,50,HDPE,2012,14,131.1,24.8,Black Cotton,1199.5,0,0,1297.3,6.3,1,0,13.0,Low
P-00225,32,PVC,2000,26,1509.4,40.4,Sandy,1105.4,0,2,941.2,2.4,5,0,30.2,Moderate
P-00226,50,HDPE,2024,2,873.3,25.5,Loam,1287.5,1,0,1347.3,21.7,0,1,6.6,Low
P-00227,90,PVC,2000,26,1068.3,40.0,Sandy,1025.8,5,3,1179.4,5.3,10,0,47.9,Moderate
P-00228,160,HDPE,2012,14,1089.4,23.6,Clay,1583.4,2,2,1193.1,0.3,3,1,13.2,Low
P-00229,25,GI,2020,6,2389.1,44.0,Clay,1338.3,1,2,1199.8,0.6,2,0,15.7,Low
P-00230,75,PVC,2023,3,876.6,61.4,Loam,1609.1,0,0,920.0,4.4,0,0,14.7,Low
P-00231,90,PVC,2009,17,2244.1,22.0,Loam,1583.1,1,0,860.0,1.4,0,1,12.4,Low
P-00232,63,Ductile Iron,2000,26,1353.7,49.5,Sandy,1527.6,2,3,1437.2,8.3,9,0,45.4,Moderate
P-00233,160,PVC,2000,26,493.3,51.4,Loam,958.3,4,3,1353.0,1.9,6,0,58.2,High
P-00234,90,PVC,2014,12,806.3,36.9,Loam,1384.2,1,2,1498.0,3.0,5,0,13.9,Low
P-00235,32,PVC,2000,26,2240.2,45.3,Black Cotton,1744.5,3,3,1173.7,6.9,11,0,51.5,High
P-00236,63,GI,2009,17,587.9,25.1,Loam,1604.0,0,4,1035.2,3.6,3,0,19.0,Low
P-00237,63,HDPE,2003,23,2021.2,34.9,Black Cotton,1538.6,6,1,1258.9,1.7,9,1,44.9,Moderate
P-00238,40,PVC,2015,11,759.7,43.5,Rocky,1707.7,0,1,1272.9,5.5,1,0,15.4,Low
P-00239,63,HDPE,1997,29,1542.8,32.9,Black Cotton,1171.0,0,5,657.3,0.9,7,0,43.1,Moderate
P-00240,50,HDPE,2016,10,1285.6,45.6,Black Cotton,1293.1,0,0,1001.9,3.4,1,0,18.1,Low
P-00241,75,HDPE,2002,24,1844.8,48.8,Black Cotton,1256.4,1,3,1028.7,2.9,2,1,53.7,High
P-00242,160,PVC,2004,22,740.0,51.3,Rocky,972.2,3,4,871.0,3.4,4,1,52.9,High
P-00243,32,PVC,2019,7,2302.5,47.1,Clay,1653.8,0,0,1127.9,2.7,1,0,11.5,Low
P-00244,110,PVC,2009,17,1121.7,32.5,Loam,1135.4,1,2,878.9,2.5,4,0,17.5,Low
P-00245,32,PVC,2008,18,1940.8,27.5,Clay,854.2,5,3,1108.0,8.6,1,0,37.1,Moderate
P-00246,50,PVC,2004,22,725.8,20.3,Loam,1233.4,3,1,795.1,6.4,6,0,19.3,Low
P-00247,40,HDPE,1996,30,616.9,33.0,Sandy,1675.4,2,4,1206.9,2.3,6,0,44.0,Moderate
P-00248,32,GI,2008,18,473.0,29.0,Loam,1495.6,0,1,844.3,15.2,3,0,18.9,Low
P-00249,110,PVC,2012,14,2391.9,20.4,Clay,1301.6,0,0,835.5,4.3,2,0,7.6,Low
P-00250,160,PVC,2000,26,1716.4,34.6,Sandy,1581.2,3,4,1283.0,2.0,6,0,42.3,Moderate
P-00251,40,Ductile Iron,2011,15,557.4,47.0,Sandy,1658.1,4,1,1014.5,5.8,4,0,32.5,Moderate
P-00252,90,GI,2023,3,2052.3,47.3,Rocky,922.9,0,0,995.6,3.6,0,0,11.3,Low
P-00253,160,PVC,2013,13,1080.5,34.7,Loam,1778.2,1,2,936.2,5.2,3,0,15.8,Low
P-00254,63,PVC,2017,9,1521.9,17.9,Sandy,1038.9,0,1,1438.5,7.7,5,1,5.0,Low
P-00255,25,PVC,2021,5,2053.7,34.6,Rocky,1621.7,0,0,1013.2,3.3,0,0,7.2,Low
P-00256,32,Ductile Iron,2004,22,2083.9,27.0,Clay,1105.4,4,2,1232.2,10.6,7,0,29.2,Moderate
P-00257,50,Ductile Iron,1999,27,569.1,45.6,Black Cotton,1533.0,4,3,1187.8,2.4,4,1,66.3,High
P-00258,32,PVC,2022,4,716.5,19.3,Loam,1688.5,0,0,713.9,0.9,0,0,3.9,Low
P-00259,63,PVC,1997,29,2286.9,40.4,Clay,828.4,4,1,1299.4,1.5,5,0,49.1,Moderate
P-00260,40,PVC,2020,6,1880.5,36.3,Loam,1528.1,1,2,1410.2,1.6,1,0,11.1,Low
P-00261,75,GI,2018,8,1780.3,51.6,Clay,1312.5,2,2,1247.2,1.6,3,0,24.4,Low
P-00262,32,PVC,2010,16,970.1,39.3,Black Cotton,880.3,1,1,642.9,6.0,1,0,28.2,Moderate
P-00263,63,PVC,1997,29,2052.6,46.7,Loam,1088.2,6,1,976.8,5.2,2,1,68.5,High
P-00264,25,PVC,2013,13,1436.4,34.3,Loam,1617.9,1,1,1785.7,1.1,2,0,14.0,Low
P-00265,32,HDPE,2009,17,1095.6,37.6,Loam,978.4,1,2,744.5,4.1,2,0,22.7,Low
P-00266,32,HDPE,2024,2,1208.9,38.7,Clay,1647.5,0,1,1266.2,1.6,1,0,6.9,Low
P-00267,75,PVC,2024,2,2218.2,39.7,Sandy,1158.7,1,0,993.5,1.7,0,0,7.9,Low
P-00268,25,HDPE,2007,19,1980.0,36.2,Sandy,918.4,2,1,1147.6,3.9,1,1,26.5,Moderate
P-00269,40,PVC,2016,10,319.2,31.1,Sandy,1665.2,4,0,1279.1,3.6,3,0,14.6,Low
P-00270,110,PVC,2006,20,204.7,11.1,Sandy,1470.3,2,4,1332.2,4.8,2,0,18.6,Low
P-00271,110,PVC,2010,16,163.8,40.4,Sandy,1682.7,1,1,858.1,17.3,0,1,26.6,Moderate
P-00272,63,GI,1996,30,895.9,34.6,Clay,915.4,4,5,500.0,3.6,5,1,64.2,High
P-00273,63,PVC,2007,19,2071.1,49.0,Loam,1268.5,2,1,967.5,4.6,4,0,32.3,Moderate
P-00274,75,GI,2019,7,456.8,25.6,Sandy,1159.1,0,1,808.7,3.2,1,0,7.9,Low
P-00275,25,Ductile Iron,2020,6,1547.5,23.8,Loam,1152.9,0,0,876.2,0.2,2,0,4.6,Low
P-00276,63,HDPE,2024,2,1527.5,37.2,Black Cotton,1489.6,1,0,748.0,2.4,1,1,9.6,Low
P-00277,50,GI,1996,30,2004.1,31.7,Sandy,1158.3,5,3,862.7,2.3,6,1,58.1,High
P-00278,63,Ductile Iron,2024,2,638.1,26.6,Clay,1643.1,0,0,923.1,7.0,0,0,4.7,Low
P-00279,75,Ductile Iron,2023,3,783.2,29.3,Sandy,1710.7,0,2,770.9,1.1,1,0,6.1,Low
P-00280,40,GI,2009,17,256.7,19.5,Clay,1137.5,4,3,701.7,1.2,4,1,23.9,Low
P-00281,32,PVC,2005,21,179.6,41.1,Clay,1700.8,0,1,897.9,0.5,2,1,23.7,Low
P-00282,160,PVC,2021,5,508.3,40.0,Loam,1166.6,0,1,892.8,9.4,0,0,10.4,Low
P-00283,90,HDPE,2011,15,518.7,41.4,Clay,1628.1,2,0,850.6,5.1,1,0,22.3,Low
P-00284,75,PVC,2000,26,1306.9,8.0,Loam,1641.0,3,2,869.5,2.1,1,0,23.2,Low
P-00285,40,GI,2010,16,263.8,36.0,Clay,1326.6,1,2,1067.3,4.5,2,0,24.0,Low
P-00286,63,PVC,2002,24,194.4,38.1,Clay,1798.5,1,2,1177.0,2.7,1,0,34.4,Moderate
P-00287,90,PVC,2019,7,862.6,32.4,Loam,831.3,0,0,1088.7,5.4,2,0,7.0,Low
P-00288,25,PVC,2002,24,390.6,24.2,Loam,1776.1,3,5,657.3,2.5,9,0,29.6,Moderate
P-00289,40,Ductile Iron,2024,2,1251.9,26.9,Rocky,1626.4,0,0,792.6,0.6,0,0,4.3,Low
P-00290,40,GI,2014,12,741.7,41.3,Loam,1319.2,1,2,904.2,3.2,5,1,18.7,Low
P-00291,75,HDPE,2000,26,1024.7,33.4,Loam,845.6,3,2,933.1,2.6,4,0,38.2,Moderate
P-00292,75,PVC,2020,6,2417.4,45.8,Clay,1010.7,2,0,1202.3,12.6,0,0,16.8,Low
P-00293,90,PVC,2019,7,1075.1,37.3,Clay,1744.6,0,0,1055.2,9.6,2,0,8.7,Low
P-00294,63,PVC,1998,28,2109.2,48.0,Clay,1168.0,3,4,843.1,5.3,10,0,52.9,High
P-00295,75,PVC,2016,10,1366.0,45.7,Clay,983.2,4,3,1002.5,6.6,2,0,31.8,Moderate
P-00296,110,PVC,2009,17,936.0,40.2,Clay,1078.1,5,1,1171.8,0.3,4,0,32.7,Moderate
P-00297,63,PVC,2016,10,1501.7,48.9,Rocky,817.4,2,2,727.7,1.8,4,1,20.9,Low
P-00298,40,HDPE,2022,4,358.0,58.8,Black Cotton,1757.0,0,0,947.9,0.9,1,1,17.7,Low
P-00299,25,PVC,1996,30,2304.3,37.7,Sandy,1495.4,5,2,1233.6,1.3,5,0,56.1,High
P-00300,75,PVC,2003,23,178.5,30.7,Clay,1691.3,0,2,937.2,9.3,4,1,22.4,Low
P-00301,40,HDPE,2000,26,2462.0,35.4,Loam,1372.2,4,1,776.1,9.9,9,0,36.5,Moderate
P-00302,110,PVC,2014,12,2252.0,10.1,Loam,1574.1,2,0,1097.0,3.0,4,0,5.8,Low
P-00303,50,Ductile Iron,1995,31,1906.9,49.9,Loam,1007.9,4,6,814.5,7.9,3,1,78.8,Very High
P-00304,63,Ductile Iron,2020,6,560.0,49.4,Sandy,1769.3,0,0,891.5,14.4,3,0,12.1,Low
P-00305,75,PVC,2022,4,132.6,34.4,Loam,870.0,0,0,897.5,2.8,2,0,5.9,Low
P-00306,32,HDPE,2004,22,1221.4,44.9,Clay,1036.7,3,2,1349.1,2.1,3,0,41.9,Moderate
P-00307,32,PVC,1998,28,1721.6,39.1,Sandy,1572.8,2,0,1333.1,2.1,3,0,37.3,Moderate
P-00308,75,Ductile Iron,1998,28,1282.8,26.0,Sandy,1168.2,1,3,722.1,4.9,7,1,27.5,Moderate
P-00309,40,PVC,2006,20,800.1,27.2,Black Cotton,977.1,6,1,811.1,2.6,4,0,40.4,Moderate
P-00310,63,HDPE,2007,19,436.0,29.1,Rocky,937.5,2,2,817.6,0.6,3,0,21.3,Low
P-00311,40,PVC,2018,8,1550.0,25.6,Loam,1286.0,0,0,1005.0,3.8,0,0,6.6,Low
P-00312,63,PVC,2004,22,1355.0,42.2,Clay,809.0,3,2,871.6,3.9,3,1,40.2,Moderate
P-00313,63,HDPE,1996,30,2397.3,42.0,Clay,1760.2,2,1,1400.4,7.0,4,0,46.9,Moderate
P-00314,160,PVC,2012,14,2165.6,60.4,Clay,965.8,1,2,1105.3,1.5,3,0,32.0,Moderate
P-00315,110,HDPE,1995,31,1824.9,8.8,Loam,1502.1,3,6,1330.4,1.8,3,0,40.1,Moderate
P-00316,110,Ductile Iron,2021,5,2409.7,42.7,Rocky,1470.1,0,0,1279.9,0.9,0,0,9.0,Low
P-00317,75,PVC,2013,13,1941.0,50.0,Clay,1534.1,0,0,1134.8,1.0,0,0,18.9,Low
P-00318,63,Ductile Iron,2023,3,220.3,32.0,Sandy,1091.0,1,1,786.4,2.2,0,0,7.5,Low
P-00319,32,PVC,2001,25,1449.9,14.6,Loam,1379.9,2,0,1116.5,3.9,3,0,17.2,Low
P-00320,63,HDPE,2013,13,1917.9,31.4,Loam,989.5,2,2,991.9,0.7,4,1,15.0,Low
P-00321,110,PVC,2020,6,252.7,12.9,Clay,1760.9,0,0,673.3,2.6,3,0,3.1,Low
P-00322,75,PVC,2001,25,1920.4,39.2,Sandy,1129.4,5,3,1259.1,1.2,2,1,55.8,High
P-00323,160,PVC,2014,12,1558.0,28.9,Loam,1094.9,2,0,948.8,4.2,3,0,11.5,Low
P-00324,50,PVC,2010,16,2046.2,22.1,Loam,1440.2,3,1,844.2,1.0,1,0,16.7,Low
P-00325,160,PVC,1997,29,1762.2,37.8,Loam,903.2,3,5,1115.0,2.9,5,1,55.8,High
P-00326,32,PVC,2011,15,1773.8,22.5,Loam,983.8,1,1,1245.0,3.6,2,0,11.5,Low
P-00327,32,Ductile Iron,1997,29,616.0,43.6,Clay,984.1,2,6,1204.0,1.8,3,1,62.0,High
P-00328,160,Ductile Iron,1998,28,956.9,41.9,Loam,1696.5,4,3,1234.7,4.4,4,1,57.5,High
P-00329,63,HDPE,2004,22,405.3,39.4,Loam,891.7,1,2,1142.2,2.4,9,1,22.5,Low
P-00330,110,HDPE,2005,21,2182.3,27.5,Rocky,1376.6,8,0,1069.5,0.7,3,1,40.3,Moderate
P-00331,40,PVC,2006,20,1593.5,25.8,Clay,869.8,0,1,888.0,1.5,4,0,13.2,Low
P-00332,40,Ductile Iron,1995,31,122.2,28.0,Black Cotton,1386.1,4,6,1234.8,1.1,8,1,62.0,High
P-00333,32,HDPE,2008,18,760.3,45.0,Clay,977.2,1,1,1198.2,7.9,3,1,26.4,Moderate
P-00334,32,PVC,2010,16,2345.7,28.8,Loam,1281.8,1,0,1528.4,8.3,1,0,14.8,Low
P-00335,32,Ductile Iron,1995,31,1885.2,19.6,Clay,1549.4,5,1,826.0,0.9,7,0,36.2,Moderate
P-00336,25,GI,2002,24,2184.8,17.8,Sandy,1648.2,3,5,678.0,7.3,6,0,34.6,Moderate
P-00337,63,PVC,2020,6,195.1,58.9,Sandy,1106.4,0,0,778.3,3.1,1,0,15.4,Low
P-00338,63,PVC,2012,14,904.7,44.7,Clay,1544.4,2,5,1129.4,4.0,3,0,33.3,Moderate
P-00339,63,GI,2005,21,1530.3,21.4,Loam,1001.9,4,2,1067.5,2.0,0,0,33.9,Moderate
P-00340,110,GI,2021,5,2486.2,29.2,Rocky,957.2,1,0,1250.5,5.0,1,0,8.2,Low
P-00341,40,GI,2020,6,882.5,40.4,Sandy,1762.5,0,1,1156.9,7.4,0,0,13.1,Low
P-00342,50,HDPE,2016,10,833.7,14.4,Loam,1180.8,2,1,1338.9,9.0,2,0,8.0,Low
P-00343,40,PVC,2017,9,1611.2,48.1,Loam,1673.0,2,0,716.5,6.4,1,0,19.1,Low
P-00344,110,PVC,2009,17,1164.9,27.5,Clay,1073.1,2,0,589.0,3.7,2,0,15.9,Low
P-00345,40,HDPE,2023,3,734.5,25.6,Sandy,1620.3,0,1,1039.6,9.3,0,0,5.7,Low
P-00346,32,GI,2021,5,794.3,35.5,Loam,1127.9,0,0,735.8,12.6,1,0,9.5,Low
P-00347,110,GI,2005,21,1063.6,23.4,Loam,1341.6,2,2,1376.4,10.0,6,0,23.2,Low
P-00348,50,PVC,2013,13,2172.9,49.9,Clay,1012.5,1,3,915.8,1.1,5,1,23.3,Low
P-00349,90,GI,2024,2,2083.2,39.9,Clay,1345.2,1,0,768.0,0.5,1,0,8.9,Low
P-00350,75,PVC,2010,16,2446.4,29.3,Loam,1545.8,4,2,745.7,6.4,2,0,26.5,Moderate
P-00351,110,GI,1997,29,1270.6,26.6,Clay,858.8,2,3,1095.1,2.0,8,0,35.6,Moderate
P-00352,25,PVC,2024,2,2072.9,45.3,Loam,1204.1,0,0,910.0,0.4,0,0,7.9,Low
P-00353,50,PVC,2008,18,2475.9,9.7,Sandy,999.1,2,1,1520.5,2.9,5,0,9.3,Low
P-00354,50,PVC,2002,24,1302.4,50.9,Clay,1393.8,5,7,958.5,3.8,6,0,70.8,High
P-00355,63,Ductile Iron,1997,29,556.7,35.7,Clay,1043.9,4,1,1015.6,3.0,3,0,48.5,Moderate
P-00356,50,HDPE,2003,23,586.4,48.0,Loam,1202.9,3,1,815.4,2.4,3,0,43.3,Moderate
P-00357,50,GI,2013,13,212.7,30.1,Loam,1096.2,0,1,1160.2,5.0,3,0,12.5,Low
P-00358,110,Ductile Iron,2010,16,1822.7,58.5,Black Cotton,1016.9,1,0,1166.0,11.6,7,1,33.9,Moderate
P-00359,75,PVC,2024,2,222.3,18.5,Clay,1023.7,0,1,824.2,3.2,0,0,3.8,Low
P-00360,40,HDPE,2023,3,2376.6,26.2,Clay,1793.9,0,1,984.1,12.3,2,0,5.4,Low
P-00361,75,Ductile Iron,1995,31,304.9,47.5,Loam,1081.8,1,2,845.2,4.4,11,1,41.0,Moderate
P-00362,40,Ductile Iron,2006,20,113.2,24.9,Sandy,1536.3,2,1,1050.6,1.6,6,0,15.8,Low
P-00363,160,PVC,2008,18,1500.2,29.6,Loam,1247.5,3,1,1114.1,7.3,2,0,24.0,Low
P-00364,160,PVC,2009,17,409.9,60.8,Rocky,1261.5,2,0,901.5,11.4,4,0,37.6,Moderate
P-00365,32,HDPE,2005,21,1575.9,26.7,Rocky,1281.3,1,2,963.9,32.3,2,1,29.2,Moderate
P-00366,110,Ductile Iron,1996,30,1400.9,28.6,Loam,1330.8,5,2,861.7,10.7,7,1,48.8,Moderate
P-00367,25,GI,1995,31,1060.3,39.1,Clay,1063.4,6,3,1160.0,2.2,6,1,69.8,High
P-00368,110,GI,2015,11,1728.5,27.4,Clay,838.5,2,1,1271.8,2.7,2,0,14.1,Low
P-00369,63,PVC,2014,12,577.1,21.1,Clay,1298.2,3,2,953.3,5.9,2,0,14.3,Low
P-00370,32,Ductile Iron,1997,29,1726.7,48.0,Clay,1664.2,3,3,1205.6,2.5,7,1,55.0,High
P-00371,50,PVC,2012,14,425.5,25.2,Clay,1474.6,1,0,1193.1,3.9,1,0,11.0,Low
P-00372,160,PVC,2007,19,1281.4,55.4,Loam,968.3,2,5,1077.9,3.4,2,1,52.7,High
P-00373,50,GI,2005,21,2345.5,38.3,Loam,966.7,4,3,1011.6,4.5,4,1,46.3,Moderate
P-00374,90,Ductile Iron,1998,28,1927.8,28.0,Loam,1089.0,2,3,1554.7,1.2,8,0,30.3,Moderate
P-00375,160,PVC,2024,2,911.9,24.6,Loam,1269.6,0,0,1308.4,8.3,1,0,4.2,Low
P-00376,50,GI,2016,10,1017.6,49.3,Loam,1239.8,3,2,868.7,6.1,1,1,33.3,Moderate
P-00377,160,GI,1995,31,1444.1,44.0,Loam,1099.6,3,6,1182.1,10.4,7,0,71.5,High
P-00378,32,Ductile Iron,1995,31,1751.4,38.7,Sandy,1698.0,4,2,1117.8,12.4,7,1,55.6,High
P-00379,50,Ductile Iron,2011,15,2476.8,28.6,Sandy,1539.8,1,0,1061.7,3.1,2,0,12.3,Low
P-00380,160,GI,2004,22,721.4,8.0,Clay,1105.6,2,3,779.6,4.2,4,1,18.3,Low
P-00381,90,PVC,2015,11,2110.9,45.8,Black Cotton,841.7,3,1,922.2,2.1,2,0,30.2,Moderate
P-00382,40,PVC,2005,21,2119.4,47.7,Clay,1196.4,3,1,701.5,5.4,2,1,41.9,Moderate
P-00383,40,HDPE,2013,13,100.9,25.8,Black Cotton,941.3,0,2,851.6,0.6,3,1,13.2,Low
P-00384,25,PVC,2019,7,1372.1,38.4,Black Cotton,1413.2,0,1,935.7,6.1,2,0,13.2,Low
P-00385,90,PVC,2008,18,65.6,38.3,Sandy,802.4,2,2,933.5,0.8,0,0,29.3,Moderate
P-00386,40,PVC,2000,26,367.9,27.9,Loam,1039.2,6,3,768.7,1.9,5,1,48.1,Moderate
P-00387,50,GI,2016,10,2025.7,33.4,Rocky,1097.1,3,3,968.7,1.2,3,0,21.2,Low
P-00388,32,Ductile Iron,2016,10,713.0,38.8,Loam,1033.6,1,1,1125.9,5.1,2,0,13.9,Low
P-00389,32,Ductile Iron,2008,18,1058.4,50.2,Sandy,1738.5,4,0,1064.9,4.6,4,0,36.8,Moderate
P-00390,63,HDPE,2011,15,251.2,58.0,Rocky,1602.9,1,2,935.6,5.3,3,1,33.1,Moderate
P-00391,32,PVC,2006,20,1843.5,30.2,Clay,1653.7,4,2,1410.6,2.6,2,1,32.2,Moderate
P-00392,75,PVC,2020,6,1118.2,22.4,Clay,984.1,2,1,718.5,2.5,0,0,8.0,Low
P-00393,75,PVC,2014,12,587.4,37.9,Loam,1565.1,1,2,1040.1,9.4,1,0,19.0,Low
P-00394,63,GI,2006,20,1881.0,28.7,Sandy,866.2,3,0,500.0,3.2,3,0,25.2,Moderate
P-00395,40,PVC,2002,24,566.9,28.4,Black Cotton,922.4,1,6,1374.4,8.9,5,0,43.5,Moderate
P-00396,40,Ductile Iron,2011,15,427.2,39.1,Clay,1301.4,2,1,1197.8,1.6,3,0,20.2,Low
P-00397,63,PVC,2006,20,1226.6,22.8,Loam,1789.5,2,0,958.1,2.5,6,0,13.4,Low
P-00398,25,PVC,2010,16,729.6,49.2,Loam,1671.4,3,1,1063.7,15.8,3,0,36.6,Moderate
P-00399,50,HDPE,2021,5,295.9,24.3,Sandy,1505.9,2,0,918.6,0.4,1,0,6.5,Low
P-00400,160,Ductile Iron,2011,15,1535.9,52.9,Clay,1086.2,2,1,1154.4,0.3,4,0,27.5,Moderate
P-00401,32,PVC,2005,21,1221.5,23.2,Loam,1042.5,2,5,1236.7,0.5,3,0,27.4,Moderate
P-00402,32,HDPE,2006,20,1378.6,27.3,Black Cotton,1266.3,6,1,1472.0,1.6,7,1,35.9,Moderate
P-00403,110,GI,2007,19,1299.0,38.7,Rocky,1718.5,2,0,1065.1,2.5,8,0,21.3,Low
P-00404,110,Ductile Iron,2019,7,1876.3,22.7,Clay,1490.3,1,1,1106.7,3.6,2,0,6.7,Low
P-00405,40,Ductile Iron,2018,8,1152.5,12.4,Clay,1214.9,0,0,1067.7,4.3,0,0,4.3,Low
P-00406,75,HDPE,2009,17,594.3,13.3,Loam,1448.0,4,2,1149.3,1.6,5,0,14.7,Low
P-00407,75,GI,1997,29,1979.4,42.2,Clay,942.9,5,1,670.1,3.3,4,0,62.0,High
P-00408,160,GI,1996,30,1199.1,37.9,Loam,1168.2,3,1,1373.4,2.4,7,1,46.6,Moderate
P-00409,25,PVC,1996,30,881.8,37.2,Sandy,865.6,3,0,1179.3,3.6,7,0,38.4,Moderate
P-00410,32,Ductile Iron,2019,7,2082.7,40.1,Clay,1477.3,0,1,874.8,2.7,2,0,9.8,Low
P-00411,40,Ductile Iron,2002,24,1334.3,14.1,Clay,1573.7,3,1,822.1,3.2,7,0,16.7,Low
P-00412,50,PVC,2013,13,2491.0,35.2,Loam,1512.6,2,1,892.6,3.5,4,0,15.6,Low
P-00413,50,PVC,2005,21,721.2,25.7,Loam,822.5,3,1,904.5,4.3,4,0,22.6,Low
P-00414,110,Ductile Iron,2002,24,120.6,26.0,Rocky,1234.2,4,2,759.4,4.9,8,1,28.6,Moderate
P-00415,63,GI,1996,30,2363.8,27.8,Sandy,1350.4,6,6,1184.4,0.9,4,1,70.2,High
P-00416,75,PVC,1996,30,622.0,38.0,Clay,1276.5,5,2,1418.9,9.2,6,1,57.9,High
P-00417,40,PVC,2003,23,245.5,45.6,Loam,1662.7,3,2,977.6,6.7,2,0,47.5,Moderate
P-00418,90,PVC,2017,9,2153.6,40.7,Loam,1014.1,2,0,1217.3,4.4,1,0,15.0,Low
P-00419,50,PVC,1998,28,804.1,39.6,Black Cotton,995.4,5,5,624.6,10.7,4,1,75.2,Very High
P-00420,90,Ductile Iron,2020,6,1456.4,32.4,Sandy,855.6,1,0,676.9,1.2,2,0,7.3,Low
P-00421,160,PVC,2012,14,463.1,28.3,Sandy,1705.8,1,2,1011.9,6.9,1,0,15.8,Low
P-00422,160,GI,2017,9,929.0,27.6,Sandy,895.4,2,0,1162.1,1.6,2,0,11.0,Low
P-00423,90,GI,2022,4,1669.7,30.6,Sandy,1470.2,0,0,1713.3,2.4,0,0,7.0,Low
P-00424,25,PVC,2006,20,1042.2,9.5,Clay,856.6,3,2,1563.2,11.2,3,0,17.1,Low
P-00425,32,PVC,2024,2,552.7,39.8,Black Cotton,820.6,0,0,823.8,2.5,0,0,9.4,Low
P-00426,90,PVC,2009,17,930.3,33.5,Loam,1015.9,2,1,1179.2,5.4,1,0,22.5,Low
P-00427,75,PVC,2000,26,250.5,32.1,Black Cotton,1496.5,5,3,1016.0,4.8,5,0,57.1,High
P-00428,40,HDPE,2013,13,849.1,28.8,Loam,1105.9,3,1,1079.7,9.1,1,0,18.7,Low
P-00429,75,PVC,2002,24,572.8,16.1,Black Cotton,1493.8,5,1,925.5,6.4,5,0,34.1,Moderate
P-00430,63,Ductile Iron,2021,5,1739.6,41.9,Loam,877.1,0,0,1195.5,0.4,2,0,7.8,Low
P-00431,50,HDPE,2007,19,1054.8,51.1,Sandy,1146.1,2,3,1045.5,4.5,4,0,40.0,Moderate
P-00432,50,PVC,2006,20,146.9,22.9,Loam,1396.7,4,4,1328.2,0.8,3,1,30.4,Moderate
P-00433,160,GI,2004,22,503.6,32.6,Sandy,1057.3,2,2,956.6,0.8,5,1,29.4,Moderate
P-00434,75,PVC,2003,23,83.7,35.4,Clay,844.2,2,6,1057.2,8.0,5,0,43.1,Moderate
P-00435,40,PVC,2024,2,998.0,21.5,Sandy,872.9,0,0,957.3,2.9,0,0,3.7,Low
P-00436,25,GI,2002,24,1877.7,27.7,Loam,1531.5,3,2,1168.8,1.5,8,0,29.2,Moderate
P-00437,25,Ductile Iron,2011,15,1567.8,29.3,Sandy,1561.4,1,2,964.9,1.2,4,0,13.8,Low
P-00438,50,PVC,1996,30,451.2,33.5,Clay,1202.7,2,2,502.5,1.7,7,0,36.5,Moderate
P-00439,63,HDPE,1996,30,840.2,12.4,Sandy,1061.2,6,5,1085.4,0.7,7,0,45.2,Moderate
P-00440,75,Ductile Iron,2020,6,2242.0,21.7,Black Cotton,854.5,0,1,1015.9,0.4,1,1,7.1,Low
P-00441,160,GI,2001,25,358.1,52.3,Sandy,1263.9,2,4,977.8,5.6,4,1,60.6,High
P-00442,32,HDPE,1998,28,499.5,36.4,Loam,1090.6,2,3,1103.9,4.0,9,0,36.4,Moderate
P-00443,50,HDPE,2016,10,1418.1,22.2,Sandy,1440.5,1,2,1051.2,7.0,3,0,9.0,Low
P-00444,90,Ductile Iron,2011,15,1496.0,34.7,Rocky,1350.7,2,0,557.4,2.3,1,0,17.9,Low
P-00445,90,HDPE,2016,10,1944.4,46.5,Black Cotton,886.0,2,2,976.2,2.4,1,1,29.4,Moderate
P-00446,40,HDPE,2023,3,399.0,38.6,Black Cotton,1447.2,1,0,1642.7,10.2,1,0,11.9,Low
P-00447,40,GI,2024,2,1008.7,26.9,Rocky,1052.1,0,0,1508.3,7.4,1,0,5.4,Low
P-00448,110,HDPE,1999,27,2334.2,29.7,Clay,1449.3,5,6,1338.7,4.4,9,1,51.7,High
P-00449,25,PVC,2010,16,1951.7,15.1,Clay,974.3,0,0,980.4,1.0,3,0,6.7,Low
P-00450,32,GI,2000,26,1028.9,38.5,Clay,1507.0,4,0,1593.3,10.9,6,0,45.5,Moderate
P-00451,50,PVC,2015,11,114.5,27.1,Sandy,1419.5,1,1,1103.6,5.6,2,0,10.4,Low
P-00452,75,PVC,2003,23,774.3,27.5,Black Cotton,905.3,6,2,874.7,3.4,3,0,51.2,High
P-00453,63,GI,2016,10,2358.3,40.6,Rocky,1439.0,3,0,891.1,0.8,2,0,19.8,Low
P-00454,75,PVC,2008,18,2293.5,42.7,Loam,1121.4,3,1,1261.1,5.5,1,0,34.0,Moderate
P-00455,110,PVC,2006,20,1619.5,36.1,Rocky,1359.9,0,1,804.9,1.4,5,0,17.0,Low
P-00456,50,PVC,1998,28,1163.0,48.7,Clay,1478.8,4,3,1097.1,8.3,5,1,63.2,High
P-00457,63,PVC,1998,28,885.1,26.2,Rocky,1659.5,3,0,1164.1,9.2,7,0,28.4,Moderate
P-00458,90,HDPE,1997,29,1686.1,31.1,Black Cotton,1314.2,6,4,1416.6,1.2,7,0,64.9,High
P-00459,63,HDPE,2001,25,211.3,34.0,Clay,1364.8,2,2,1356.1,1.6,3,0,33.8,Moderate
P-00460,110,GI,2018,8,1025.4,15.3,Sandy,1264.5,2,0,1069.2,0.9,5,0,5.8,Low
P-00461,63,GI,2008,18,1728.4,25.4,Loam,1436.6,4,1,1501.2,6.1,4,0,25.8,Moderate
P-00462,25,PVC,2005,21,325.5,40.6,Sandy,935.6,2,0,1221.1,4.3,3,0,27.7,Moderate
P-00463,25,GI,2022,4,710.7,37.7,Loam,1208.1,0,0,952.6,0.7,0,0,8.6,Low
P-00464,40,HDPE,1996,30,783.7,25.8,Sandy,1478.9,4,3,1015.7,3.8,4,1,47.0,Moderate
P-00465,90,HDPE,2018,8,1749.0,20.3,Clay,1487.4,2,1,967.8,2.4,1,0,8.1,Low
P-00466,50,Ductile Iron,2002,24,1385.7,25.9,Sandy,1661.5,2,1,1006.5,1.1,5,0,21.6,Low
P-00467,90,PVC,2013,13,333.4,32.4,Clay,850.9,3,1,728.6,1.9,2,0,18.1,Low
P-00468,110,PVC,2016,10,391.9,16.7,Sandy,1498.9,1,1,648.0,1.3,2,0,6.6,Low
P-00469,90,PVC,2014,12,536.1,43.1,Black Cotton,1402.5,3,1,1008.9,3.6,3,0,28.9,Moderate
P-00470,32,GI,2002,24,1722.2,27.8,Clay,983.8,3,3,1476.3,1.7,4,0,37.5,Moderate
P-00471,40,GI,2024,2,632.8,46.4,Sandy,988.5,0,0,1289.3,4.4,0,0,10.3,Low
P-00472,40,Ductile Iron,2008,18,1264.7,46.7,Sandy,1338.5,1,0,1126.3,1.6,5,0,21.2,Low
P-00473,75,Ductile Iron,2017,9,569.8,20.9,Sandy,1187.9,1,1,757.3,1.2,4,0,6.3,Low
P-00474,50,Ductile Iron,2014,12,574.2,62.1,Rocky,992.4,2,2,903.2,3.4,2,0,36.0,Moderate
P-00475,160,HDPE,2022,4,2183.2,43.6,Black Cotton,1386.3,0,1,1256.0,2.1,0,1,13.4,Low
P-00476,63,PVC,2017,9,839.2,22.4,Sandy,1563.1,2,0,800.8,8.3,3,0,8.1,Low
P-00477,160,PVC,2010,16,1128.7,46.2,Black Cotton,879.0,2,1,1205.5,1.5,4,0,31.9,Moderate
P-00478,25,Ductile Iron,1998,28,420.0,26.5,Clay,1530.7,0,7,1353.6,0.9,4,0,38.0,Moderate
P-00479,75,Ductile Iron,2009,17,923.9,11.2,Black Cotton,981.9,1,2,500.0,9.3,5,1,13.0,Low
P-00480,90,PVC,2007,19,1204.5,25.0,Sandy,1176.1,2,1,1163.7,1.9,3,0,17.3,Low
P-00481,50,GI,1999,27,1768.9,30.3,Clay,1032.9,3,3,911.6,3.6,11,0,35.6,Moderate
P-00482,75,PVC,2007,19,2097.8,32.7,Clay,1798.9,2,0,942.8,0.8,5,0,17.4,Low
P-00483,110,PVC,2015,11,1610.9,39.4,Rocky,1364.7,2,2,1220.2,2.5,4,0,17.1,Low
P-00484,63,PVC,2003,23,1487.0,58.5,Sandy,1012.2,2,1,1098.1,2.9,6,1,43.7,Moderate
P-00485,110,PVC,2001,25,560.3,31.2,Loam,817.9,2,3,1283.8,1.6,5,0,31.9,Moderate
P-00486,110,Ductile Iron,1996,30,156.7,44.3,Sandy,853.1,6,6,1149.1,1.2,6,1,75.4,Very High
P-00487,110,GI,2007,19,1430.6,28.1,Clay,838.0,4,1,1024.6,4.1,1,0,32.3,Moderate
P-00488,160,PVC,2011,15,1349.8,35.0,Clay,1129.0,5,2,1247.9,11.9,1,0,36.1,Moderate
P-00489,160,HDPE,2020,6,115.3,40.7,Loam,991.7,1,1,899.9,16.2,2,0,13.1,Low
P-00490,160,HDPE,2023,3,1849.1,48.4,Sandy,1443.6,1,2,624.7,1.8,0,1,14.0,Low
P-00491,40,GI,2006,20,1138.5,13.6,Black Cotton,1308.6,1,0,837.9,4.6,3,0,16.7,Low
P-00492,40,HDPE,2018,8,1996.5,30.0,Sandy,823.3,1,4,1095.8,2.0,1,0,13.3,Low
P-00493,160,Ductile Iron,2005,21,730.4,50.8,Loam,1556.4,4,2,1022.6,5.6,5,0,47.9,Moderate
P-00494,63,Ductile Iron,2012,14,1813.0,31.9,Rocky,1231.2,1,0,1105.5,3.0,2,0,12.7,Low
P-00495,25,Ductile Iron,2015,11,1365.5,36.4,Clay,953.5,0,2,1232.1,3.1,2,0,12.9,Low
P-00496,110,PVC,2020,6,1942.5,42.1,Clay,1195.8,1,0,1180.1,9.3,1,1,11.8,Low
P-00497,32,GI,2010,16,1749.0,66.7,Loam,1650.6,0,2,1131.8,1.8,3,0,41.2,Moderate
P-00498,25,PVC,2017,9,350.4,39.7,Sandy,1087.2,0,3,631.5,3.6,4,0,12.7,Low
P-00499,75,PVC,2020,6,1004.3,41.4,Rocky,1151.8,2,2,1196.0,5.4,2,0,15.2,Low
P-00500,90,Ductile Iron,1998,28,769.3,20.3,Clay,1525.6,1,6,1232.4,1.2,2,1,37.0,Moderate
P-00501,160,GI,2002,24,771.7,26.1,Loam,1502.9,2,2,1365.1,5.1,1,0,34.3,Moderate
P-00502,50,Ductile Iron,2022,4,1554.7,46.7,Clay,987.4,2,1,974.5,5.7,0,0,15.6,Low
P-00503,50,PVC,2003,23,1861.9,42.7,Sandy,925.0,3,2,1057.4,0.4,5,0,38.4,Moderate
P-00504,32,PVC,2001,25,303.0,34.7,Loam,1711.0,5,1,965.3,9.3,3,0,47.0,Moderate
P-00505,160,PVC,2020,6,1741.0,21.8,Loam,1365.6,0,1,1042.4,3.3,0,0,5.7,Low
P-00506,63,PVC,2001,25,807.6,46.1,Clay,1232.1,2,2,1369.8,5.5,3,0,45.3,Moderate
P-00507,160,PVC,2002,24,533.4,19.4,Clay,993.6,3,1,1251.5,1.4,6,1,19.9,Low
P-00508,75,Ductile Iron,1997,29,921.1,43.6,Sandy,1094.9,7,2,1086.6,2.6,5,1,68.1,High
P-00509,25,HDPE,2018,8,508.0,31.6,Loam,1248.3,3,0,832.7,2.2,2,0,11.5,Low
P-00510,160,GI,1996,30,968.5,27.8,Black Cotton,826.4,9,7,1174.7,0.3,4,1,86.6,Very High
P-00511,90,HDPE,2004,22,509.2,35.0,Rocky,1780.5,3,1,564.7,4.7,9,1,24.5,Low
P-00512,50,HDPE,2023,3,1188.6,47.6,Black Cotton,971.3,0,0,615.9,1.7,1,0,12.0,Low
P-00513,25,HDPE,2001,25,1927.8,57.6,Loam,805.8,3,3,1170.6,1.5,4,0,60.0,High
P-00514,25,GI,2016,10,1714.1,27.8,Clay,1036.4,2,3,1395.5,0.7,1,0,17.1,Low
P-00515,160,HDPE,2013,13,1257.0,29.1,Clay,932.4,1,2,1325.9,4.4,3,0,13.2,Low
P-00516,90,GI,2023,3,627.7,37.5,Sandy,1465.2,0,1,1188.6,7.2,0,0,9.8,Low
P-00517,90,PVC,1998,28,1967.4,15.9,Clay,1401.9,5,2,1085.3,2.8,2,0,38.7,Moderate
P-00518,63,GI,2016,10,422.9,25.6,Loam,1600.2,3,2,923.1,1.0,2,0,16.0,Low
P-00519,25,GI,2004,22,1386.5,35.3,Loam,1623.2,2,2,1272.9,1.7,2,1,35.7,Moderate
P-00520,75,Ductile Iron,2005,21,1382.3,31.9,Rocky,1084.8,3,1,1426.1,0.2,2,0,27.8,Moderate
P-00521,90,PVC,2001,25,897.6,13.7,Clay,1585.7,2,3,955.2,1.6,7,0,18.4,Low
P-00522,160,Ductile Iron,2008,18,263.2,36.6,Loam,862.3,3,3,896.8,8.6,1,1,36.1,Moderate
P-00523,50,HDPE,2017,9,1264.7,45.7,Loam,1358.1,3,0,574.1,2.4,2,0,18.7,Low
P-00524,40,Ductile Iron,2022,4,2247.1,26.5,Loam,1033.8,0,0,1536.3,7.2,0,0,5.4,Low
P-00525,110,PVC,2006,20,2099.8,75.0,Rocky,1255.9,5,0,922.0,1.6,3,1,66.1,High
P-00526,75,PVC,2017,9,1128.7,35.6,Sandy,1747.3,1,0,1533.4,3.2,0,0,11.4,Low
P-00527,25,Ductile Iron,2021,5,2303.2,46.5,Clay,1071.8,0,1,906.6,3.0,0,0,11.7,Low
P-00528,32,PVC,2002,24,900.1,49.6,Clay,899.7,1,2,1051.3,0.3,3,1,40.1,Moderate
P-00529,75,HDPE,1997,29,2266.7,34.3,Sandy,1668.6,3,3,765.8,6.1,5,0,47.4,Moderate
P-00530,25,PVC,2020,6,1433.2,29.1,Loam,1374.8,1,1,1085.9,4.4,1,0,8.2,Low
P-00531,25,Ductile Iron,2011,15,1224.5,55.5,Sandy,1391.6,3,2,1235.2,4.9,1,1,42.1,Moderate
P-00532,63,PVC,2007,19,1704.9,48.7,Loam,1464.7,0,1,942.8,6.9,2,0,27.7,Moderate
P-00533,63,Ductile Iron,2007,19,744.1,43.7,Rocky,902.8,1,4,925.7,1.0,3,0,33.0,Moderate
P-00534,50,PVC,2016,10,506.3,27.4,Clay,1002.7,1,2,1406.6,0.2,1,0,10.8,Low
P-00535,90,PVC,2007,19,935.3,16.4,Clay,807.3,2,0,894.1,12.1,8,0,10.5,Low
P-00536,63,PVC,1999,27,1960.5,47.2,Clay,1104.3,5,1,1137.4,7.3,6,1,56.4,High
P-00537,25,PVC,2007,19,530.1,14.8,Clay,1119.0,2,3,1056.2,2.2,4,0,15.3,Low
P-00538,32,GI,2024,2,1538.9,38.7,Sandy,1074.7,0,0,1175.8,6.3,1,0,7.9,Low
P-00539,110,GI,1998,28,1938.8,29.0,Sandy,1180.6,5,2,952.6,17.1,10,0,48.3,Moderate
P-00540,32,HDPE,1998,28,1130.8,64.2,Loam,1498.1,1,2,937.5,8.6,6,1,58.8,High
P-00541,90,PVC,2022,4,534.4,43.1,Loam,1594.5,0,0,783.9,0.8,1,0,8.0,Low
P-00542,90,Ductile Iron,2019,7,2110.9,41.2,Rocky,991.2,3,1,1057.3,4.1,3,0,15.7,Low
P-00543,40,HDPE,2017,9,295.2,39.3,Black Cotton,807.5,2,1,1215.4,1.2,1,1,20.5,Low
P-00544,50,HDPE,2023,3,2476.8,24.6,Sandy,1149.5,2,0,1374.5,0.4,0,0,6.0,Low
P-00545,50,PVC,2011,15,1201.5,33.3,Sandy,958.7,1,1,609.8,0.4,4,0,13.8,Low
P-00546,25,HDPE,2009,17,1806.7,41.8,Loam,1618.0,1,2,1197.4,1.0,7,0,19.4,Low
P-00547,32,HDPE,2022,4,605.7,27.5,Black Cotton,917.1,1,0,1010.9,5.0,0,0,8.9,Low
P-00548,25,Ductile Iron,2000,26,1822.9,35.3,Black Cotton,821.3,1,3,1089.2,1.6,6,1,39.4,Moderate
P-00549,75,PVC,2003,23,1594.1,36.2,Sandy,1760.5,0,5,898.3,1.3,6,0,28.9,Moderate
P-00550,75,GI,2019,7,1004.4,48.7,Clay,1258.2,2,0,1242.9,3.3,0,0,20.4,Low
P-00551,50,GI,2015,11,2483.6,23.6,Black Cotton,1010.9,1,1,810.5,8.3,4,0,14.1,Low
P-00552,63,PVC,2000,26,1789.3,73.4,Loam,1651.3,8,2,821.8,5.6,6,0,85.1,Very High
P-00553,32,PVC,2023,3,997.3,35.7,Clay,1296.5,1,0,1014.6,2.3,0,0,7.5,Low
P-00554,32,PVC,2007,19,1279.6,49.7,Loam,1146.3,3,3,883.7,2.0,10,0,33.7,Moderate
P-00555,32,PVC,2000,26,500.7,30.6,Sandy,865.2,2,4,1039.7,7.2,6,0,36.6,Moderate
P-00556,75,PVC,2024,2,1722.6,19.0,Clay,1057.9,0,0,1137.4,5.4,1,0,3.3,Low
P-00557,40,GI,2023,3,107.8,21.2,Clay,1598.5,2,0,1000.9,2.3,2,0,6.0,Low
P-00558,63,GI,2003,23,1399.1,30.1,Loam,1683.6,7,3,1045.0,2.4,4,0,55.6,High
P-00559,50,GI,2007,19,1272.7,40.6,Loam,1365.9,2,1,607.3,7.7,4,0,31.3,Moderate
P-00560,32,HDPE,2007,19,305.4,46.0,Sandy,1357.6,2,3,1293.6,11.5,4,1,38.1,Moderate
P-00561,110,HDPE,2023,3,2161.6,34.0,Sandy,1019.1,0,0,1358.5,0.8,0,0,5.9,Low
P-00562,90,PVC,2023,3,1408.5,14.4,Loam,923.7,0,0,1105.3,2.9,0,0,3.1,Low
P-00563,63,PVC,2013,13,380.0,35.4,Rocky,1488.1,3,2,1139.3,0.4,0,0,23.5,Low
P-00564,75,PVC,2006,20,2185.1,55.7,Clay,1010.4,0,2,937.5,8.4,3,0,36.7,Moderate
P-00565,160,PVC,2006,20,106.9,31.0,Clay,1551.9,3,1,1187.0,1.8,2,1,26.2,Moderate
P-00566,50,PVC,2024,2,2349.6,46.9,Loam,1092.3,1,0,635.8,9.9,1,0,10.5,Low
P-00567,160,PVC,2003,23,853.7,37.3,Sandy,1621.3,4,0,1598.4,9.7,3,0,38.1,Moderate
P-00568,25,HDPE,2000,26,2195.1,50.5,Sandy,873.9,6,1,728.8,2.4,5,0,61.4,High
P-00569,50,PVC,2013,13,654.6,16.4,Black Cotton,1510.1,1,1,684.5,3.1,2,0,11.3,Low
P-00570,75,PVC,2001,25,1901.7,36.6,Black Cotton,996.1,2,2,1308.2,5.7,8,1,38.5,Moderate
P-00571,75,GI,2023,3,290.0,27.4,Black Cotton,1049.3,0,2,1218.2,11.2,0,1,11.5,Low
P-00572,110,PVC,2017,9,1960.1,45.2,Sandy,1753.2,1,1,1313.7,1.0,0,0,16.6,Low
P-00573,110,PVC,2007,19,2097.9,28.2,Loam,1660.5,1,0,1279.5,3.1,7,0,12.1,Low
P-00574,32,PVC,2009,17,1320.2,40.4,Sandy,1508.8,4,1,1011.9,17.4,3,0,35.9,Moderate
P-00575,160,Ductile Iron,2018,8,1376.1,60.2,Clay,1543.1,0,2,1208.1,1.9,3,0,20.0,Low
P-00576,110,PVC,2001,25,1862.5,27.1,Loam,1631.8,3,2,717.5,3.2,7,0,27.9,Moderate
P-00577,63,Ductile Iron,2023,3,72.9,14.2,Sandy,976.8,1,0,1054.6,2.2,0,1,3.7,Low
P-00578,160,PVC,2023,3,1567.7,48.2,Black Cotton,1500.1,0,0,975.6,1.1,1,0,12.1,Low
P-00579,32,PVC,2016,10,2250.8,37.3,Clay,1212.0,1,0,1235.8,0.7,2,0,11.1,Low
P-00580,160,PVC,2000,26,402.8,31.0,Black Cotton,1570.4,4,5,1292.8,7.8,2,1,63.5,High
P-00581,40,HDPE,1997,29,1108.5,23.4,Clay,1033.4,4,3,697.5,9.5,5,0,43.7,Moderate
P-00582,32,GI,2013,13,2430.7,8.0,Clay,852.1,3,0,1239.3,5.5,0,0,10.7,Low
P-00583,25,GI,1997,29,458.9,33.2,Sandy,1049.6,7,4,1326.9,2.4,4,1,71.3,High
P-00584,50,PVC,2024,2,1540.0,60.0,Clay,1531.6,1,0,1586.6,1.8,0,0,14.9,Low
P-00585,40,PVC,2002,24,765.5,32.3,Rocky,1194.3,1,1,894.6,5.5,6,0,22.5,Low
P-00586,25,PVC,1998,28,1262.6,37.1,Sandy,1686.2,1,4,903.3,3.2,7,0,38.4,Moderate
P-00587,40,GI,2004,22,159.8,23.1,Sandy,853.7,1,1,1351.5,5.5,3,1,21.0,Low
P-00588,160,PVC,2020,6,64.0,63.4,Clay,1615.6,2,0,1479.0,1.2,0,0,24.0,Low
P-00589,75,PVC,2003,23,779.9,24.9,Loam,1779.5,1,1,830.6,2.7,2,0,20.2,Low
P-00590,110,PVC,2001,25,511.3,38.5,Loam,1654.8,6,1,1318.2,6.7,2,0,55.3,High
P-00591,50,Ductile Iron,2012,14,1459.4,33.0,Black Cotton,1216.5,3,1,797.8,1.1,1,0,26.5,Moderate
P-00592,25,Ductile Iron,2021,5,2234.2,35.9,Black Cotton,1481.1,0,1,935.6,1.5,2,0,10.1,Low
P-00593,110,GI,2001,25,2164.3,26.3,Sandy,1493.5,1,1,673.0,8.0,2,0,29.0,Moderate
P-00594,160,PVC,2012,14,177.7,41.2,Loam,1284.8,0,2,1285.3,6.3,3,0,17.8,Low
P-00595,110,GI,1999,27,1281.2,22.4,Sandy,1060.9,2,1,998.9,2.9,14,0,18.3,Low
P-00596,40,HDPE,2024,2,2400.8,34.4,Loam,874.6,0,0,1096.3,4.8,0,1,5.9,Low
P-00597,90,PVC,2014,12,170.5,24.2,Sandy,944.5,4,1,991.1,2.8,3,0,14.9,Low
P-00598,63,Ductile Iron,2021,5,2477.5,39.4,Clay,1348.3,2,2,1202.1,5.6,0,0,14.9,Low
P-00599,25,GI,1997,29,2165.6,46.2,Sandy,1249.4,3,2,956.4,2.9,5,1,58.3,High
P-00600,90,PVC,2020,6,2400.5,36.1,Rocky,1058.7,0,0,823.3,7.3,0,0,8.5,Low
P-00601,32,GI,1997,29,1441.1,28.1,Loam,1682.1,6,5,1076.9,5.1,8,1,61.9,High
P-00602,110,GI,1996,30,1670.9,27.9,Loam,802.5,6,1,1251.0,8.2,8,1,52.0,High
P-00603,40,HDPE,2013,13,184.2,9.2,Loam,1387.9,1,0,541.2,1.8,3,0,5.3,Low
P-00604,63,PVC,2011,15,643.3,22.4,Black Cotton,1244.8,5,3,1110.3,3.7,3,0,31.5,Moderate
P-00605,50,PVC,2000,26,1164.7,39.9,Sandy,1341.2,4,3,500.0,3.3,3,0,53.2,High
P-00606,32,GI,2012,14,1154.1,42.3,Clay,1517.4,1,1,964.7,9.9,4,0,22.3,Low
P-00607,110,PVC,1998,28,1333.8,50.4,Clay,1487.4,4,5,1020.1,0.8,9,0,62.4,High
P-00608,32,PVC,2018,8,2056.0,49.8,Rocky,1126.0,2,3,710.8,9.1,1,0,26.3,Moderate
P-00609,90,HDPE,2024,2,240.8,33.0,Rocky,1520.7,0,0,1272.8,4.9,0,0,5.6,Low
P-00610,160,PVC,2001,25,590.0,27.7,Loam,1219.1,5,1,942.3,4.1,4,0,37.7,Moderate
P-00611,75,HDPE,2017,9,452.8,31.7,Clay,1604.0,1,1,1083.0,1.7,1,1,10.5,Low
P-00612,110,HDPE,2009,17,2344.0,41.7,Rocky,1671.9,1,2,694.5,1.4,4,1,22.4,Low
P-00613,25,HDPE,2023,3,1095.9,36.4,Loam,1443.9,0,0,962.9,1.7,0,0,6.4,Low
P-00614,75,PVC,2007,19,1429.2,16.8,Sandy,972.5,5,1,1035.1,1.5,2,1,22.2,Low
P-00615,32,Ductile Iron,1996,30,234.0,28.1,Sandy,1077.5,3,3,1040.4,9.2,4,1,46.6,Moderate
P-00616,75,PVC,2019,7,1070.5,31.5,Clay,826.0,1,0,1219.8,4.6,1,0,8.5,Low
P-00617,160,Ductile Iron,2004,22,546.9,38.1,Rocky,992.7,3,7,794.9,1.5,3,1,51.9,High
P-00618,63,PVC,2023,3,540.3,30.7,Loam,1744.8,0,0,902.2,4.8,0,0,5.6,Low
P-00619,90,PVC,2013,13,927.5,43.2,Black Cotton,1079.1,3,2,814.9,8.7,0,0,39.3,Moderate
P-00620,75,PVC,2001,25,1685.7,35.6,Black Cotton,1717.1,3,5,571.8,10.8,5,1,58.0,High
P-00621,40,PVC,2019,7,683.8,28.8,Clay,1299.4,1,0,500.0,3.8,0,0,8.1,Low
P-00622,40,GI,2022,4,2091.6,32.6,Clay,857.9,0,0,1140.8,2.1,0,0,7.4,Low
P-00623,50,GI,2024,2,2050.3,48.9,Sandy,1418.5,0,0,792.6,1.4,0,0,10.8,Low
P-00624,110,Ductile Iron,2010,16,746.7,36.5,Loam,1688.5,0,1,1277.1,3.5,6,1,13.0,Low
P-00625,75,HDPE,2001,25,291.6,33.5,Sandy,1740.1,5,3,953.9,4.8,6,1,46.2,Moderate
P-00626,40,GI,2021,5,1462.1,32.7,Loam,878.4,1,0,611.6,11.6,1,0,10.1,Low
P-00627,160,PVC,1999,27,1690.3,34.9,Loam,1668.6,1,0,1157.3,2.7,8,0,22.9,Low
P-00628,63,GI,1999,27,1168.1,21.5,Clay,1496.0,2,4,1425.9,6.7,4,0,38.2,Moderate
P-00629,160,GI,2017,9,2136.0,52.9,Sandy,1492.0,0,1,860.6,3.8,2,0,19.7,Low
P-00630,75,PVC,2005,21,725.8,46.0,Sandy,1217.4,4,2,1560.4,0.3,2,1,46.3,Moderate
P-00631,63,PVC,2007,19,592.4,50.6,Black Cotton,1235.9,2,3,1004.1,3.1,6,0,44.6,Moderate
P-00632,160,Ductile Iron,2006,20,1875.6,35.3,Sandy,1494.5,2,2,835.8,6.9,4,0,27.3,Moderate
P-00633,110,PVC,2014,12,1797.3,20.9,Rocky,1619.6,0,0,1256.1,5.6,4,0,6.2,Low
P-00634,75,GI,2018,8,2170.1,20.8,Clay,1529.2,0,1,1136.9,7.0,1,0,7.6,Low
P-00635,63,PVC,2017,9,2056.5,39.3,Loam,1019.0,3,3,1377.3,1.2,2,0,21.1,Low
P-00636,75,HDPE,2002,24,1663.5,21.5,Clay,970.2,4,7,1056.0,1.2,8,1,38.2,Moderate
P-00637,25,HDPE,2007,19,659.5,41.3,Black Cotton,1578.7,1,2,1039.2,6.7,7,0,29.8,Moderate
P-00638,75,PVC,2008,18,1419.4,28.6,Black Cotton,946.8,3,1,741.5,0.7,2,0,28.1,Moderate
P-00639,110,PVC,2014,12,1865.0,41.2,Black Cotton,1493.2,1,1,962.8,0.3,1,0,22.2,Low
P-00640,40,PVC,2014,12,2023.0,10.7,Black Cotton,835.3,1,2,1253.8,8.3,2,0,10.6,Low
P-00641,160,Ductile Iron,2002,24,981.0,51.2,Clay,1115.1,3,2,1363.8,0.8,6,1,46.1,Moderate
P-00642,75,HDPE,2016,10,1826.4,39.9,Loam,858.7,1,1,821.2,1.5,0,0,15.2,Low
P-00643,50,PVC,2006,20,2305.9,41.5,Clay,1724.9,1,1,1113.1,0.5,2,0,25.9,Moderate
P-00644,25,GI,2014,12,1529.3,41.6,Clay,1462.9,2,1,896.5,0.6,1,0,23.1,Low
P-00645,75,PVC,2001,25,509.5,32.3,Sandy,1280.0,5,2,714.5,8.1,1,0,50.6,High
P-00646,90,PVC,2006,20,1274.5,39.1,Black Cotton,1729.7,4,0,1029.0,3.8,6,0,36.2,Moderate
P-00647,40,Ductile Iron,2007,19,1512.6,56.7,Loam,1521.0,0,1,1229.9,8.3,3,1,32.8,Moderate
P-00648,32,PVC,1995,31,1064.7,27.3,Clay,881.0,3,3,1001.5,6.8,10,0,38.1,Moderate
P-00649,32,HDPE,2005,21,2117.7,36.5,Sandy,928.8,4,1,1023.4,4.5,3,1,35.2,Moderate
P-00650,90,Ductile Iron,2008,18,157.0,33.6,Rocky,847.8,2,0,1052.4,1.8,1,0,20.6,Low
P-00651,50,PVC,2017,9,1782.2,24.7,Clay,1758.9,1,1,500.0,5.8,1,0,8.9,Low
P-00652,32,GI,2023,3,404.9,45.2,Clay,1681.6,1,1,1059.3,5.5,0,0,14.2,Low
P-00653,75,Ductile Iron,2011,15,417.4,11.5,Clay,1490.0,2,0,968.0,6.3,5,0,7.5,Low
P-00654,110,PVC,2011,15,904.7,37.2,Rocky,1374.3,5,2,829.4,13.0,5,1,32.8,Moderate
P-00655,90,HDPE,2010,16,1616.1,44.3,Black Cotton,1469.5,0,1,1526.7,4.4,4,0,24.2,Low
P-00656,50,HDPE,2004,22,688.1,38.4,Clay,839.9,4,3,1146.1,7.4,4,0,44.4,Moderate
P-00657,50,PVC,2002,24,826.9,43.9,Loam,888.9,8,4,1390.1,5.5,4,1,71.9,High
P-00658,110,HDPE,1997,29,1528.1,31.6,Clay,1512.3,4,4,1273.2,5.3,4,1,54.0,High
P-00659,63,Ductile Iron,2014,12,2006.9,8.0,Rocky,927.5,3,0,863.6,4.8,0,0,8.3,Low
P-00660,160,HDPE,2008,18,1440.4,43.4,Clay,943.5,0,2,888.0,5.3,5,0,21.6,Low
P-00661,90,HDPE,2013,13,1072.6,36.1,Sandy,1394.1,3,4,1054.8,0.8,0,0,29.1,Moderate
P-00662,40,GI,2008,18,463.3,27.1,Loam,1445.8,2,0,825.3,1.4,6,0,15.7,Low
P-00663,90,PVC,2010,16,1815.5,60.8,Clay,1406.3,2,0,1023.0,7.3,3,0,35.9,Moderate
P-00664,160,GI,2007,19,319.1,21.8,Clay,1554.0,0,2,1130.6,0.4,1,0,16.7,Low
P-00665,63,Ductile Iron,2020,6,1988.6,24.1,Sandy,904.5,1,0,1536.5,8.7,1,0,6.6,Low
P-00666,90,GI,1997,29,2190.4,38.2,Clay,1678.5,3,4,1498.4,1.2,6,0,55.7,High
P-00667,32,PVC,2004,22,2164.9,36.3,Loam,954.7,1,1,1174.0,7.8,5,0,24.0,Low
P-00668,110,PVC,2016,10,171.4,38.6,Clay,1241.5,2,3,1210.1,3.4,1,0,20.4,Low
P-00669,90,PVC,2017,9,692.4,48.0,Clay,1122.4,1,2,1313.1,4.6,2,0,18.9,Low
P-00670,90,GI,2024,2,360.4,50.5,Sandy,1075.4,0,0,1512.7,1.6,0,0,11.3,Low
P-00671,75,Ductile Iron,1996,30,2331.2,58.6,Loam,1285.6,5,2,761.8,6.2,5,1,74.1,High
P-00672,50,HDPE,2017,9,309.4,28.7,Loam,1469.3,2,0,879.7,3.9,1,0,10.3,Low
P-00673,63,PVC,2022,4,1908.6,49.0,Rocky,972.2,1,1,900.3,11.1,0,0,15.3,Low
P-00674,32,GI,2004,22,1202.4,18.7,Rocky,1655.4,6,1,1148.3,6.0,6,0,32.0,Moderate
P-00675,160,PVC,2000,26,1469.4,16.5,Clay,1298.3,5,3,1113.1,3.6,6,0,33.4,Moderate
P-00676,90,GI,2015,11,2253.9,53.2,Sandy,811.0,1,1,907.6,1.6,4,0,22.8,Low
P-00677,110,Ductile Iron,2007,19,1085.4,46.7,Loam,1727.6,4,5,1514.6,8.4,2,0,55.8,High
P-00678,110,PVC,2017,9,2285.7,29.3,Rocky,1074.1,1,1,1213.6,2.2,1,0,9.8,Low
P-00679,160,GI,2017,9,1219.5,52.2,Clay,1470.7,1,3,1134.0,1.6,2,0,26.4,Moderate
P-00680,40,PVC,2008,18,806.9,29.0,Clay,1611.1,3,4,1045.2,6.0,4,0,28.4,Moderate
P-00681,110,HDPE,2009,17,632.0,32.6,Loam,1125.8,2,1,1160.2,10.0,1,0,23.1,Low
P-00682,90,HDPE,2011,15,2103.3,49.5,Loam,1373.9,3,1,523.8,2.5,4,0,29.4,Moderate
P-00683,110,Ductile Iron,2018,8,1133.9,54.8,Clay,1334.5,1,2,1026.0,1.5,1,0,21.8,Low
P-00684,90,HDPE,2009,17,1343.0,34.8,Black Cotton,1157.4,5,0,1133.4,1.2,1,0,37.8,Moderate
P-00685,50,PVC,2002,24,1262.8,32.8,Loam,1723.7,3,1,1520.4,4.6,4,0,32.0,Moderate
P-00686,32,PVC,2005,21,1931.9,41.3,Loam,1110.2,7,6,657.1,4.4,5,1,65.2,High
P-00687,25,PVC,2024,2,1913.7,37.2,Loam,1635.6,0,0,1162.3,0.7,0,0,6.1,Low
P-00688,75,PVC,1998,28,2248.6,50.8,Clay,822.9,2,3,1375.9,3.3,6,1,52.9,High
P-00689,75,PVC,2014,12,95.9,39.0,Clay,1203.3,0,1,964.3,2.7,1,1,13.9,Low
P-00690,63,PVC,2004,22,1802.2,42.6,Loam,963.5,3,1,1015.9,4.2,6,1,33.5,Moderate
P-00691,110,Ductile Iron,2013,13,2024.6,31.9,Clay,1196.1,1,2,778.2,1.8,4,0,13.2,Low
P-00692,40,PVC,2015,11,1373.2,33.1,Black Cotton,1280.5,1,1,1344.3,3.7,2,1,16.5,Low
P-00693,110,PVC,2024,2,626.2,64.8,Clay,1472.1,1,0,917.5,16.2,0,0,20.5,Low
P-00694,160,HDPE,2014,12,1870.8,42.2,Sandy,893.9,1,2,605.9,9.0,2,0,20.3,Low
P-00695,32,PVC,1997,29,922.5,8.0,Loam,1134.0,1,4,1230.2,2.9,5,0,21.4,Low
P-00696,63,GI,2022,4,2283.5,40.8,Clay,1479.6,1,0,938.4,2.2,0,0,11.3,Low
P-00697,32,PVC,1997,29,1372.8,19.2,Clay,1300.0,1,2,1258.9,2.1,6,1,22.4,Low
P-00698,63,HDPE,2009,17,730.7,43.0,Clay,1540.7,4,3,786.8,1.0,4,1,37.0,Moderate
P-00699,90,HDPE,2003,23,1301.6,27.1,Loam,1167.0,3,2,721.2,6.9,1,1,33.6,Moderate
P-00700,110,PVC,2012,14,878.5,35.1,Rocky,1349.0,2,3,725.9,4.9,2,0,22.8,Low
P-00701,160,PVC,2021,5,2209.9,39.0,Loam,1427.6,0,0,1165.5,6.3,5,0,6.5,Low
P-00702,63,PVC,1997,29,1716.8,28.7,Clay,949.6,1,3,612.1,7.3,3,0,37.3,Moderate
P-00703,50,PVC,2019,7,1759.4,28.0,Loam,1737.2,1,1,1165.5,13.5,2,0,9.1,Low
P-00704,90,GI,2018,8,1032.9,45.7,Rocky,968.3,0,0,856.6,5.7,2,0,13.8,Low
P-00705,50,PVC,1995,31,477.4,24.6,Black Cotton,1122.0,2,3,500.0,1.1,4,1,46.6,Moderate
P-00706,50,PVC,1996,30,377.7,54.9,Clay,961.6,4,3,1119.9,0.5,6,1,67.4,High
P-00707,32,GI,2009,17,276.0,42.4,Sandy,873.6,4,0,969.9,11.1,3,1,37.0,Moderate
P-00708,50,GI,2021,5,985.9,30.1,Clay,1607.8,0,0,507.7,3.4,1,0,7.0,Low
P-00709,90,HDPE,2008,18,1111.9,26.4,Loam,1612.4,2,1,878.0,1.0,4,0,16.0,Low
P-00710,25,GI,2024,2,2287.5,31.9,Black Cotton,1337.7,1,0,1242.9,9.1,0,0,11.2,Low
P-00711,160,PVC,2004,22,2154.6,28.9,Loam,802.8,0,2,920.4,1.9,6,0,16.6,Low
P-00712,160,PVC,2021,5,1041.1,33.8,Sandy,964.6,1,0,1137.9,2.3,2,0,7.3,Low
P-00713,25,PVC,2006,20,1286.8,48.3,Sandy,1050.3,2,3,687.8,5.7,3,1,41.2,Moderate
P-00714,32,Ductile Iron,2005,21,582.5,56.8,Sandy,1075.2,2,4,1366.2,2.8,3,0,52.7,High
P-00715,63,PVC,2013,13,1065.1,41.7,Clay,1735.7,4,1,1087.5,1.3,1,1,27.7,Moderate
P-00716,110,Ductile Iron,2009,17,1990.9,28.6,Rocky,1715.9,3,1,1310.6,3.4,1,0,22.1,Low
P-00717,63,Ductile Iron,2002,24,2454.7,15.7,Clay,883.9,1,2,948.3,8.9,6,0,16.3,Low
P-00718,90,HDPE,2022,4,300.7,56.4,Sandy,1708.0,1,0,1389.7,4.5,0,0,15.7,Low
P-00719,90,GI,2006,20,313.9,9.0,Clay,1620.2,1,1,565.6,0.7,7,0,9.2,Low
P-00720,90,PVC,2021,5,358.6,8.0,Loam,1773.0,2,2,1102.0,3.2,0,0,5.3,Low
P-00721,90,PVC,2017,9,1848.5,37.4,Rocky,1290.6,0,0,1254.0,4.3,1,0,9.9,Low
P-00722,110,GI,2020,6,174.9,19.3,Clay,1555.8,0,1,1335.4,0.8,2,0,5.5,Low
P-00723,160,HDPE,1998,28,2469.5,31.4,Black Cotton,1094.3,3,2,741.3,5.5,2,1,52.8,High
P-00724,160,PVC,2015,11,1136.3,27.2,Sandy,966.5,3,2,680.7,6.3,3,0,15.3,Low
P-00725,63,GI,2006,20,284.2,41.9,Clay,1698.7,6,2,1317.0,5.8,5,1,52.4,High
P-00726,63,PVC,2001,25,1022.1,21.4,Clay,1116.4,2,0,970.5,0.7,0,0,23.1,Low
P-00727,90,PVC,2010,16,1824.8,45.1,Clay,937.2,1,1,677.8,4.0,5,1,20.6,Low
P-00728,63,PVC,2000,26,424.6,37.3,Clay,971.3,5,3,1539.0,1.0,5,1,51.5,High
P-00729,75,PVC,2008,18,793.0,63.1,Rocky,1354.9,2,2,1004.2,1.1,3,0,45.4,Moderate
P-00730,32,PVC,2010,16,1614.6,50.2,Loam,973.7,1,2,1364.4,4.6,3,0,28.6,Moderate
P-00731,110,PVC,2020,6,2333.3,23.0,Clay,1792.0,0,0,1309.0,4.6,1,0,5.0,Low
P-00732,50,HDPE,2007,19,1723.0,25.1,Loam,1520.2,3,1,851.7,9.0,5,0,19.9,Low
P-00733,63,Ductile Iron,2008,18,1244.2,28.8,Loam,1469.5,2,1,872.2,4.9,5,0,17.1,Low
P-00734,160,PVC,2009,17,1284.8,50.6,Sandy,1063.6,6,3,1037.3,10.9,2,0,58.9,High
P-00735,160,PVC,2017,9,1052.2,26.4,Loam,1376.9,0,3,1093.4,0.0,1,1,9.4,Low
P-00736,40,Ductile Iron,2005,21,1400.7,54.2,Loam,1004.3,2,1,1343.2,9.0,3,1,43.0,Moderate
P-00737,25,GI,1996,30,1152.3,36.3,Clay,949.2,2,3,929.5,6.0,7,0,48.5,Moderate
P-00738,160,GI,2016,10,695.9,42.4,Clay,1084.2,2,1,927.3,4.7,1,0,22.0,Low
P-00739,25,PVC,2024,2,2027.2,39.4,Clay,860.2,1,0,890.2,4.2,0,0,8.1,Low
P-00740,90,PVC,2011,15,1545.4,20.7,Sandy,1332.3,1,2,867.6,4.2,2,0,12.3,Low
P-00741,32,PVC,2008,18,204.0,26.1,Loam,1076.5,4,3,992.4,1.3,4,0,26.0,Moderate
P-00742,32,Ductile Iron,1999,27,1603.6,43.0,Clay,845.7,5,3,940.7,4.5,7,1,56.7,High
P-00743,25,HDPE,1997,29,1340.8,31.8,Loam,1646.4,4,4,764.1,0.3,2,0,55.3,High
P-00744,90,HDPE,1997,29,2278.9,44.5,Loam,824.6,4,3,1399.0,8.9,7,1,58.8,High
P-00745,50,PVC,2014,12,1388.8,21.4,Loam,1032.9,1,3,1397.0,1.8,2,0,11.2,Low
P-00746,40,HDPE,2009,17,1361.9,32.3,Loam,1176.2,5,1,917.0,0.5,2,0,29.4,Moderate
P-00747,25,PVC,2001,25,2306.5,28.2,Rocky,1420.0,3,3,1711.6,1.8,5,0,33.6,Moderate
P-00748,63,PVC,2007,19,1634.7,31.9,Loam,1326.4,3,2,887.3,2.0,4,0,25.6,Moderate
P-00749,40,PVC,2000,26,2391.6,19.0,Clay,1466.7,2,3,976.7,10.0,1,1,32.2,Moderate
P-00750,40,HDPE,2015,11,2219.1,52.1,Sandy,1672.3,2,2,773.0,1.3,0,0,28.7,Moderate
P-00751,25,HDPE,2002,24,412.1,42.8,Loam,1503.9,4,2,1352.1,1.6,5,0,45.1,Moderate
P-00752,75,GI,2017,9,876.7,49.3,Loam,1163.4,1,1,500.0,0.3,4,0,17.9,Low
P-00753,90,PVC,2016,10,2263.3,37.8,Clay,1163.5,2,1,1313.9,4.1,2,0,15.5,Low
P-00754,50,HDPE,2006,20,1335.9,31.2,Loam,959.5,2,1,956.7,3.9,7,0,18.6,Low
P-00755,75,GI,2011,15,280.6,23.1,Loam,1192.4,0,4,1215.5,6.0,6,0,14.0,Low
P-00756,25,PVC,2024,2,1191.9,29.6,Black Cotton,1317.5,0,0,1012.3,6.0,0,0,7.1,Low
P-00757,40,HDPE,2022,4,1392.3,37.9,Rocky,832.4,1,1,1115.1,4.9,1,1,9.5,Low
P-00758,50,Ductile Iron,2009,17,1200.6,23.9,Clay,1687.2,2,2,885.6,4.2,2,0,17.9,Low
P-00759,50,Ductile Iron,2016,10,2101.8,45.7,Loam,1223.7,1,0,1156.1,0.5,1,0,15.1,Low
P-00760,50,GI,2024,2,867.3,43.9,Black Cotton,1182.6,0,0,1064.1,5.6,0,0,13.2,Low
P-00761,63,PVC,2003,23,141.4,28.7,Loam,1097.1,6,2,741.4,0.8,3,1,42.6,Moderate
P-00762,50,PVC,1997,29,1256.7,44.2,Rocky,1349.0,4,3,849.1,12.5,8,0,58.4,High
P-00763,63,PVC,2022,4,732.8,12.7,Clay,1475.1,0,0,708.0,7.2,0,0,3.4,Low
P-00764,75,HDPE,2010,16,311.8,38.4,Clay,876.2,2,2,978.4,0.3,5,0,20.9,Low
P-00765,75,Ductile Iron,2014,12,2133.6,53.7,Clay,1681.8,0,1,944.1,5.3,1,0,21.9,Low
P-00766,32,PVC,2007,19,1028.0,32.4,Loam,1645.8,5,4,677.2,12.3,4,1,43.1,Moderate
P-00767,50,Ductile Iron,2021,5,533.8,39.9,Sandy,1254.4,1,0,1243.1,8.2,2,0,9.6,Low
P-00768,40,PVC,1997,29,865.0,23.3,Clay,850.3,3,2,1218.7,5.5,6,0,33.5,Moderate
P-00769,90,Ductile Iron,2006,20,53.8,19.7,Loam,1104.8,4,0,1121.4,7.0,6,0,17.6,Low
P-00770,40,PVC,2002,24,2259.7,37.1,Clay,1472.3,4,0,654.3,3.5,8,1,30.8,Moderate
P-00771,32,PVC,2010,16,2056.0,59.6,Loam,1450.2,0,4,1041.0,6.8,2,1,39.9,Moderate
P-00772,90,GI,2011,15,2431.2,36.2,Black Cotton,807.6,2,2,786.1,4.3,1,0,34.7,Moderate
P-00773,32,PVC,2024,2,1533.0,34.4,Clay,1091.5,0,3,1343.2,0.9,1,0,7.6,Low
P-00774,75,PVC,2010,16,2397.6,20.9,Black Cotton,942.2,3,4,1513.9,4.5,4,0,26.3,Moderate
P-00775,160,GI,2006,20,2144.9,18.2,Clay,1194.2,4,3,1260.0,4.8,3,0,29.7,Moderate
P-00776,110,PVC,2011,15,1024.8,41.2,Black Cotton,1581.5,1,1,840.1,4.5,1,0,27.6,Moderate
P-00777,32,PVC,1995,31,406.9,40.9,Loam,1350.0,4,5,980.2,4.7,5,1,66.8,High
P-00778,50,PVC,1998,28,316.4,33.1,Clay,1386.3,3,5,909.8,1.0,2,1,53.6,High
P-00779,75,HDPE,2019,7,1396.6,46.8,Black Cotton,814.7,2,0,1056.5,7.5,0,0,22.9,Low
P-00780,50,PVC,2023,3,1934.8,21.1,Loam,1402.9,0,0,1334.4,3.6,0,0,4.0,Low
P-00781,75,PVC,2001,25,1542.5,28.2,Loam,1098.6,4,2,1074.4,3.2,8,0,31.2,Moderate
P-00782,25,PVC,2018,8,2302.2,18.8,Clay,1241.3,1,0,1268.3,4.4,1,0,6.0,Low
P-00783,90,Ductile Iron,2020,6,186.9,22.0,Rocky,1116.2,0,0,1391.6,1.7,2,0,4.4,Low
P-00784,63,GI,2017,9,2051.6,8.0,Sandy,1455.0,1,2,1217.9,5.9,2,0,6.7,Low
P-00785,75,GI,2013,13,1470.7,40.7,Sandy,1139.3,1,0,1218.0,5.9,1,0,19.9,Low
P-00786,25,PVC,2016,10,99.9,58.9,Loam,1225.7,0,0,1388.5,4.3,1,0,20.1,Low
P-00787,63,PVC,2023,3,1132.3,53.1,Rocky,1477.2,0,0,1421.8,11.9,1,0,12.0,Low
P-00788,160,PVC,2002,24,1268.4,23.4,Clay,843.3,4,5,1198.8,8.0,9,1,34.7,Moderate
P-00789,40,HDPE,2013,13,409.0,51.6,Loam,1005.7,0,1,1158.5,2.8,2,0,20.3,Low
P-00790,50,PVC,2015,11,2398.6,40.2,Clay,1433.4,3,1,1083.1,4.1,2,0,20.5,Low
P-00791,90,PVC,2012,14,1367.9,64.9,Loam,1022.0,2,1,1490.0,3.3,1,0,40.2,Moderate
P-00792,40,Ductile Iron,2008,18,2333.6,30.0,Rocky,1640.5,1,4,1117.1,5.7,3,0,23.3,Low
P-00793,160,PVC,1999,27,1830.8,30.4,Loam,1194.9,2,1,1085.8,2.0,9,0,24.4,Low
P-00794,63,GI,2023,3,2220.9,37.2,Loam,1550.6,0,0,1066.2,0.3,0,0,7.8,Low
P-00795,32,PVC,2002,24,903.9,49.5,Clay,1240.0,4,0,1128.0,21.9,5,0,52.1,High
P-00796,50,HDPE,2016,10,1338.2,49.5,Loam,1290.7,1,1,792.2,1.3,3,0,17.2,Low
P-00797,50,Ductile Iron,2005,21,335.7,48.2,Loam,909.6,1,3,1094.4,4.3,3,1,38.1,Moderate
P-00798,63,HDPE,2001,25,748.2,45.0,Loam,801.4,3,5,1200.5,3.5,5,1,54.8,High
P-00799,160,Ductile Iron,2011,15,1940.9,30.0,Loam,909.7,3,3,945.3,10.9,4,0,23.7,Low
P-00800,40,GI,1998,28,1861.9,29.2,Loam,1116.5,1,6,840.5,5.8,7,0,43.8,Moderate
P-00801,90,HDPE,2003,23,384.9,35.3,Loam,1336.0,2,3,666.3,1.5,1,0,37.1,Moderate
P-00802,110,Ductile Iron,2011,15,1746.1,38.5,Loam,1268.6,3,1,923.9,0.0,5,0,20.5,Low
P-00803,50,PVC,2012,14,1926.3,34.4,Clay,869.1,2,0,1296.6,3.5,4,0,14.5,Low
P-00804,50,PVC,2023,3,1033.9,8.0,Clay,1033.3,0,0,739.3,5.3,1,1,2.5,Low
P-00805,25,PVC,2008,18,1604.8,32.4,Clay,1069.9,1,1,847.5,2.7,7,0,14.4,Low
P-00806,25,GI,2023,3,2455.7,25.3,Sandy,1559.5,1,0,1145.9,7.5,0,0,6.9,Low
P-00807,50,PVC,2008,18,1719.3,66.0,Clay,1304.5,1,3,1457.6,1.3,4,1,45.3,Moderate
P-00808,75,HDPE,2024,2,915.2,42.6,Clay,1400.7,0,0,1221.7,2.7,0,0,7.5,Low
P-00809,90,PVC,2012,14,2030.2,51.5,Sandy,1572.5,1,1,1434.2,5.2,5,0,22.1,Low
P-00810,63,PVC,2012,14,217.4,47.8,Rocky,1516.6,5,1,1527.8,2.1,4,1,34.2,Moderate
P-00811,160,GI,2001,25,630.6,34.8,Clay,1290.3,1,0,910.9,6.5,6,1,27.1,Moderate
P-00812,75,PVC,2012,14,1502.3,40.4,Loam,1655.9,0,1,543.5,10.7,3,0,16.4,Low
P-00813,90,HDPE,2006,20,1012.6,38.3,Sandy,1477.2,6,2,1322.2,7.2,3,1,47.7,Moderate
P-00814,75,GI,2018,8,2220.8,8.0,Loam,1328.6,1,0,1334.4,6.1,0,0,5.5,Low
P-00815,75,GI,2002,24,335.2,14.7,Clay,858.0,0,7,1532.1,15.3,5,1,30.0,Moderate
P-00816,25,PVC,2017,9,1948.4,44.3,Clay,1486.0,0,2,1418.4,1.1,1,0,14.7,Low
P-00817,40,Ductile Iron,1996,30,1673.6,19.4,Clay,1586.1,2,5,864.5,5.2,6,1,36.8,Moderate
P-00818,50,HDPE,2021,5,568.3,26.5,Rocky,1530.5,1,0,1403.1,2.2,2,0,5.7,Low
P-00819,32,PVC,2014,12,1978.1,42.7,Sandy,1046.6,1,2,1091.8,1.3,3,0,17.9,Low
P-00820,25,Ductile Iron,2007,19,716.5,31.0,Rocky,1062.6,1,2,861.7,2.1,5,0,18.0,Low
P-00821,63,HDPE,1999,27,1721.3,8.5,Rocky,1282.7,10,1,977.5,14.0,8,0,44.5,Moderate
P-00822,50,PVC,1999,27,1816.7,39.8,Black Cotton,1710.5,6,2,1216.0,3.3,5,0,65.9,High
P-00823,110,PVC,1998,28,1314.3,44.6,Black Cotton,1235.7,3,5,1471.4,8.5,4,1,70.9,High
P-00824,40,Ductile Iron,2001,25,1600.5,45.8,Loam,1105.2,3,5,1625.5,0.8,6,1,53.0,High
P-00825,160,Ductile Iron,2006,20,132.5,26.2,Rocky,1777.8,6,3,1033.6,1.7,3,1,38.5,Moderate
P-00826,25,PVC,2012,14,1375.0,14.1,Clay,1151.1,1,1,768.4,4.2,4,1,7.4,Low
P-00827,160,PVC,1998,28,1537.7,52.4,Sandy,1318.0,1,2,917.7,4.9,6,1,47.2,Moderate
P-00828,63,HDPE,2022,4,453.4,43.4,Clay,1170.5,1,0,1130.4,4.7,2,0,9.5,Low
P-00829,25,GI,2010,16,741.6,46.9,Loam,1793.5,2,0,1257.1,1.9,2,1,29.1,Moderate
P-00830,75,HDPE,2005,21,2042.9,38.5,Loam,1147.5,1,2,989.1,5.0,5,0,25.7,Moderate
P-00831,40,Ductile Iron,2005,21,357.5,71.5,Clay,1097.5,3,3,595.4,15.7,6,0,66.5,High
P-00832,25,HDPE,1996,30,571.8,16.5,Rocky,1012.0,8,5,799.1,0.2,6,0,58.9,High
P-00833,90,Ductile Iron,2006,20,855.8,44.1,Loam,982.8,3,2,563.4,4.8,6,0,34.5,Moderate
P-00834,50,PVC,2016,10,184.8,51.6,Rocky,1114.4,2,2,1241.6,2.0,1,0,25.9,Moderate
P-00835,25,HDPE,2018,8,711.0,46.9,Loam,1162.5,1,0,871.9,7.6,2,0,14.4,Low
P-00836,40,GI,2018,8,2031.0,50.5,Rocky,1627.0,3,1,1025.0,8.1,1,1,28.9,Moderate
P-00837,25,GI,2015,11,462.2,46.7,Loam,1443.3,0,2,1082.9,4.0,1,0,21.7,Low
P-00838,50,PVC,2001,25,375.6,51.1,Rocky,906.5,6,1,1131.0,6.1,2,0,65.6,High
P-00839,50,HDPE,2005,21,1209.3,36.6,Loam,1456.8,3,1,889.7,5.0,9,0,24.3,Low
P-00840,90,GI,2023,3,685.2,48.5,Sandy,808.9,0,0,926.4,1.7,0,0,11.4,Low
P-00841,50,PVC,2021,5,1754.8,28.1,Clay,1481.9,0,3,1199.6,1.8,1,0,7.7,Low
P-00842,90,PVC,1999,27,485.4,50.2,Sandy,972.2,2,2,1307.1,0.4,6,1,46.2,Moderate
P-00843,63,Ductile Iron,2017,9,514.0,47.4,Loam,1156.6,2,0,966.9,5.6,0,0,19.4,Low
P-00844,40,PVC,2024,2,2322.5,23.4,Black Cotton,957.1,1,0,1223.9,5.2,2,0,6.1,Low
P-00845,63,PVC,2022,4,1690.6,31.0,Sandy,830.9,1,0,1398.2,2.5,0,0,6.9,Low
P-00846,75,PVC,2004,22,882.0,53.2,Loam,1519.4,5,2,788.6,12.9,3,1,61.9,High
P-00847,50,PVC,1996,30,1405.5,44.2,Loam,1704.7,2,6,1036.3,6.5,16,0,46.9,Moderate
P-00848,90,GI,2021,5,272.3,33.6,Loam,1221.6,1,0,779.6,4.4,1,0,9.4,Low
P-00849,25,HDPE,2011,15,603.6,44.7,Clay,1369.4,2,1,1277.0,19.7,2,0,30.1,Moderate
P-00850,50,HDPE,2003,23,827.4,52.0,Loam,1255.3,6,2,1466.8,7.9,4,1,63.7,High
P-00851,50,PVC,2002,24,1297.3,40.1,Loam,1122.7,5,0,1245.0,7.2,4,1,44.3,Moderate
P-00852,63,GI,2006,20,929.4,43.9,Clay,892.0,3,2,799.9,7.3,1,1,47.1,Moderate
P-00853,25,HDPE,2019,7,1961.5,34.4,Clay,1561.9,1,1,1138.7,5.5,1,0,10.6,Low
P-00854,40,PVC,1997,29,791.3,26.1,Loam,1659.3,2,2,1372.3,2.5,5,0,32.0,Moderate
P-00855,110,Ductile Iron,2017,9,1603.0,50.2,Sandy,1672.0,0,1,955.3,14.5,0,0,19.5,Low
P-00856,25,HDPE,2001,25,1741.1,43.9,Clay,1747.0,3,0,1312.1,12.6,7,1,38.2,Moderate
P-00857,90,PVC,2018,8,1914.9,27.6,Rocky,1106.0,4,1,1246.0,4.3,1,0,14.4,Low
P-00858,160,Ductile Iron,2016,10,1378.2,14.2,Clay,958.7,0,0,909.1,5.2,2,0,4.8,Low
P-00859,90,PVC,2011,15,325.5,43.9,Loam,1581.4,2,4,1012.3,6.3,3,0,32.2,Moderate
P-00860,160,PVC,2004,22,1123.5,19.7,Loam,881.5,6,6,809.3,1.1,3,1,46.0,Moderate
P-00861,160,GI,2015,11,1374.4,49.1,Clay,1422.9,0,1,869.2,13.5,3,0,21.3,Low
P-00862,50,PVC,1998,28,59.9,56.8,Black Cotton,1645.3,3,1,1159.6,1.8,1,1,70.6,High
P-00863,90,HDPE,2024,2,519.8,34.7,Rocky,889.6,2,0,1192.6,1.2,0,0,7.9,Low
P-00864,110,GI,2008,18,416.6,44.4,Loam,1103.5,1,0,860.8,5.1,4,0,25.4,Moderate
P-00865,32,HDPE,2003,23,2057.7,32.1,Clay,951.4,1,3,1029.2,19.0,8,0,27.4,Moderate
P-00866,90,PVC,1995,31,1135.4,28.5,Clay,1434.0,2,3,1007.6,0.7,6,0,38.3,Moderate
P-00867,90,HDPE,2006,20,246.4,28.8,Loam,1424.3,2,4,998.2,20.2,3,1,33.4,Moderate
P-00868,63,GI,2007,19,1099.0,39.1,Loam,1730.4,2,0,1141.5,2.1,3,0,27.0,Moderate
P-00869,110,HDPE,2019,7,1374.5,42.6,Clay,920.6,0,1,562.2,3.8,1,0,11.3,Low
P-00870,90,PVC,2010,16,415.5,29.1,Sandy,1569.3,2,0,911.7,4.6,1,0,16.6,Low
P-00871,160,HDPE,2003,23,393.7,19.6,Sandy,1231.7,4,3,846.4,12.7,3,0,33.9,Moderate
P-00872,50,PVC,2010,16,1054.2,75.0,Sandy,1204.4,3,1,1177.0,0.5,3,0,53.0,High
P-00873,32,Ductile Iron,2010,16,588.2,43.2,Clay,1107.1,3,0,1007.7,3.2,4,1,24.3,Low
P-00874,63,Ductile Iron,2022,4,2028.8,44.6,Rocky,1295.7,2,0,1012.3,0.9,0,0,12.3,Low
P-00875,110,GI,1999,27,1542.6,9.8,Sandy,1314.3,7,2,922.3,3.7,5,1,41.2,Moderate
P-00876,40,PVC,2017,9,893.0,36.9,Clay,1408.6,2,0,625.3,13.8,3,0,13.6,Low
P-00877,40,HDPE,2003,23,1903.1,20.6,Sandy,1779.2,3,2,1023.6,8.8,9,0,20.4,Low
P-00878,63,PVC,2019,7,867.4,31.1,Rocky,1369.1,1,1,1510.9,3.8,1,0,9.3,Low
P-00879,25,GI,2006,20,1224.2,30.2,Loam,1125.9,2,2,1313.8,1.3,5,0,24.9,Low
P-00880,160,GI,2010,16,1338.9,38.5,Clay,922.7,4,1,843.8,3.7,1,1,35.3,Moderate
P-00881,63,PVC,2000,26,2291.8,35.2,Clay,1365.1,6,4,682.2,3.8,6,1,57.0,High
P-00882,63,Ductile Iron,2007,19,458.0,34.1,Clay,831.2,4,1,1362.1,5.5,4,0,29.1,Moderate
P-00883,110,PVC,2014,12,1501.2,39.8,Sandy,1605.7,0,0,1068.9,17.8,4,0,13.2,Low
P-00884,75,PVC,2022,4,1221.0,31.7,Clay,908.2,0,0,1339.9,3.0,0,0,6.0,Low
P-00885,90,Ductile Iron,2000,26,142.1,27.0,Loam,1495.7,5,0,634.7,3.4,4,0,35.5,Moderate
P-00886,110,PVC,2021,5,2158.7,37.6,Rocky,1214.0,1,1,816.2,3.8,2,0,9.4,Low
P-00887,40,PVC,2023,3,1409.7,22.0,Clay,1629.5,0,0,979.4,3.6,2,0,3.7,Low
P-00888,63,GI,2010,16,1666.9,43.3,Rocky,1485.7,4,1,1170.2,3.5,4,0,34.9,Moderate
P-00889,90,Ductile Iron,2003,23,992.8,8.9,Sandy,1261.4,7,0,874.2,16.1,9,0,23.1,Low
P-00890,75,PVC,2009,17,2465.2,54.3,Rocky,906.6,0,0,776.0,2.8,4,0,22.7,Low
P-00891,63,Ductile Iron,2018,8,1789.1,27.0,Loam,925.5,1,2,968.4,8.1,2,1,9.8,Low
P-00892,25,PVC,2003,23,1393.1,47.5,Black Cotton,1345.9,2,2,929.6,2.7,5,1,47.4,Moderate
P-00893,63,PVC,2016,10,2190.5,43.1,Loam,965.6,3,0,757.9,1.9,2,0,18.4,Low
P-00894,75,GI,2014,12,203.6,36.5,Sandy,1040.7,2,1,1324.6,6.8,4,0,18.7,Low
P-00895,110,HDPE,2017,9,333.1,27.8,Clay,1013.4,1,1,921.2,5.4,1,0,9.8,Low
P-00896,110,PVC,2001,25,2042.8,23.7,Sandy,1480.3,2,2,841.3,6.3,6,1,24.2,Low
P-00897,25,PVC,2011,15,54.8,41.4,Sandy,1664.1,0,0,928.7,4.2,1,0,16.5,Low
P-00898,63,HDPE,2003,23,1720.2,49.2,Black Cotton,1704.7,4,3,1021.3,9.1,7,1,60.4,High
P-00899,25,GI,2012,14,1286.6,52.4,Sandy,1732.8,0,1,500.0,1.6,2,1,25.3,Moderate
P-00900,32,Ductile Iron,1997,29,1630.6,39.9,Loam,810.6,1,4,833.5,6.9,4,0,48.4,Moderate
P-00901,63,GI,2022,4,1377.1,36.7,Loam,1798.4,0,0,762.6,3.6,0,0,8.6,Low
P-00902,32,PVC,2016,10,1558.9,27.5,Black Cotton,1274.3,0,2,1326.5,4.5,1,0,13.3,Low
P-00903,40,PVC,2022,4,985.0,20.2,Clay,855.6,0,1,1086.2,2.4,0,1,4.6,Low
P-00904,63,GI,2007,19,2360.0,42.8,Loam,1747.9,1,3,1214.4,4.4,2,0,36.3,Moderate
P-00905,75,HDPE,2005,21,1880.3,21.6,Clay,1038.6,0,4,1230.0,3.8,6,1,16.1,Low
P-00906,50,Ductile Iron,1999,27,185.6,25.9,Loam,1679.4,4,1,869.6,0.9,2,1,37.2,Moderate
P-00907,25,PVC,2006,20,1954.5,46.2,Black Cotton,1634.7,3,0,1353.6,4.6,1,1,45.4,Moderate
P-00908,50,Ductile Iron,2007,19,332.0,47.4,Clay,1731.5,5,2,1429.1,3.3,5,1,44.8,Moderate
P-00909,40,HDPE,2007,19,2384.0,37.7,Rocky,1547.0,2,3,1334.8,2.5,3,0,30.0,Moderate
P-00910,75,PVC,2008,18,542.3,19.1,Clay,1458.1,2,0,953.7,2.5,5,0,11.0,Low
P-00911,160,PVC,2001,25,1450.8,21.7,Loam,832.9,4,0,1080.9,0.6,6,1,23.2,Low
P-00912,25,GI,2021,5,2048.1,56.6,Rocky,1322.0,1,0,1223.5,3.8,1,0,18.7,Low
P-00913,110,PVC,2016,10,1527.4,36.0,Loam,1506.7,3,1,753.3,8.8,5,0,15.6,Low
P-00914,75,PVC,2013,13,123.2,30.8,Loam,1793.2,0,1,846.7,2.5,1,0,11.5,Low
P-00915,63,GI,1996,30,1323.4,41.3,Clay,1658.5,2,2,1159.4,5.0,4,1,53.7,High
P-00916,25,PVC,2018,8,667.2,58.3,Clay,986.2,2,3,1040.3,4.2,1,1,30.8,Moderate
P-00917,32,GI,2010,16,2288.4,20.7,Sandy,1565.0,1,0,956.6,1.0,4,0,10.7,Low
P-00918,63,HDPE,2019,7,459.2,20.2,Clay,1168.1,0,0,874.9,4.2,0,1,5.2,Low
P-00919,50,PVC,2021,5,1437.5,31.3,Black Cotton,1111.1,1,1,1012.9,3.1,3,0,9.9,Low
P-00920,63,PVC,2001,25,300.1,40.3,Sandy,1533.3,1,1,1202.8,0.1,5,0,28.9,Moderate
P-00921,110,HDPE,2004,22,1702.6,19.0,Clay,1690.4,1,3,1253.8,16.0,8,0,17.4,Low
P-00922,75,PVC,2001,25,2348.1,29.8,Loam,1601.7,5,3,883.9,1.1,8,1,38.8,Moderate
P-00923,32,HDPE,2001,25,1282.6,33.4,Loam,1574.2,3,5,1337.8,2.5,1,1,50.3,High
P-00924,63,Ductile Iron,1999,27,469.8,28.3,Loam,1479.3,1,2,1315.8,5.9,3,1,30.2,Moderate
P-00925,50,Ductile Iron,2007,19,1160.2,32.6,Loam,879.5,1,2,1193.9,2.9,3,0,20.9,Low
P-00926,32,PVC,2001,25,1690.7,41.7,Loam,1038.7,1,4,971.6,1.0,6,0,37.5,Moderate
P-00927,32,PVC,2002,24,1587.7,18.9,Sandy,1546.8,3,5,1121.6,1.0,4,0,31.5,Moderate
P-00928,63,PVC,2001,25,2438.1,48.3,Clay,989.4,2,3,994.2,4.9,5,0,47.2,Moderate
P-00929,63,PVC,2000,26,1557.1,30.8,Sandy,1258.1,3,3,722.5,3.6,3,0,40.9,Moderate
P-00930,40,HDPE,2022,4,1359.1,51.7,Clay,1185.5,2,0,1373.4,4.7,1,0,15.2,Low
P-00931,75,PVC,2021,5,1354.8,24.3,Sandy,1144.1,1,0,683.0,1.5,2,0,5.2,Low
P-00932,110,PVC,2009,17,1307.6,42.2,Rocky,1508.8,0,4,1064.7,3.2,4,0,24.6,Low
P-00933,75,PVC,2016,10,817.0,26.5,Sandy,1309.2,0,1,883.2,10.1,1,0,9.1,Low
P-00934,90,GI,2021,5,641.9,52.3,Loam,1546.2,3,1,1125.9,1.6,0,0,25.0,Low
P-00935,110,GI,2013,13,2060.3,41.3,Clay,1374.7,0,0,500.0,5.0,3,0,15.7,Low
P-00936,63,PVC,2011,15,235.8,45.5,Rocky,1068.1,2,0,923.4,3.8,1,0,24.5,Low
P-00937,160,Ductile Iron,1999,27,927.2,30.8,Clay,889.9,3,1,658.0,1.5,2,0,37.2,Moderate
P-00938,32,PVC,2020,6,2220.1,22.3,Sandy,1100.4,0,2,1135.8,6.3,2,0,6.1,Low
P-00939,63,PVC,2022,4,1875.9,36.8,Loam,964.8,0,0,1169.4,4.1,3,0,6.1,Low
P-00940,110,GI,2020,6,688.2,52.5,Sandy,1632.3,0,0,1277.6,0.5,1,0,14.6,Low
P-00941,75,PVC,2016,10,2251.8,16.4,Clay,1727.3,0,0,1096.2,13.6,2,0,5.8,Low
P-00942,160,GI,2022,4,714.7,52.4,Sandy,1347.4,1,0,1392.5,5.4,1,0,15.9,Low
P-00943,90,PVC,2014,12,1434.6,31.0,Loam,1774.0,2,4,1439.1,2.1,0,0,21.3,Low
P-00944,50,PVC,1998,28,1993.7,14.5,Clay,1449.5,5,1,808.0,1.8,6,1,29.0,Moderate
P-00945,75,HDPE,2004,22,259.2,49.8,Sandy,1453.1,2,1,1043.0,8.6,3,0,40.9,Moderate
P-00946,90,HDPE,2020,6,1380.3,43.7,Sandy,1031.6,1,0,921.8,1.4,1,0,11.1,Low
P-00947,160,PVC,1999,27,1569.8,32.4,Loam,1649.3,5,2,746.7,5.8,5,1,47.6,Moderate
P-00948,90,PVC,2000,26,736.7,52.2,Loam,1285.3,1,4,947.1,4.7,2,0,55.7,High
P-00949,75,PVC,2020,6,1430.5,38.5,Black Cotton,830.1,1,0,1122.7,5.5,2,0,12.9,Low
P-00950,63,PVC,2010,16,1825.0,45.9,Rocky,1510.1,2,3,1375.7,5.2,1,0,34.8,Moderate
P-00951,25,GI,2003,23,701.3,45.5,Clay,1283.1,4,2,1026.6,4.0,2,0,55.9,High
P-00952,63,PVC,2014,12,118.3,31.8,Loam,1652.7,2,0,769.0,5.9,4,0,12.1,Low
P-00953,25,PVC,1999,27,1496.1,26.8,Sandy,1051.1,4,6,919.0,0.7,2,1,53.8,High
P-00954,50,Ductile Iron,2011,15,673.4,29.5,Rocky,1135.2,1,1,965.5,1.5,4,0,12.4,Low
P-00955,40,PVC,2023,3,65.1,37.4,Clay,1029.9,0,0,1356.4,1.2,0,0,6.6,Low
P-00956,40,PVC,2017,9,377.8,31.9,Clay,1751.7,1,0,1249.7,3.6,2,0,9.2,Low
P-00957,32,Ductile Iron,2013,13,315.8,30.2,Clay,1279.5,3,2,1422.6,0.8,2,0,18.6,Low
P-00958,50,PVC,2023,3,936.7,44.7,Black Cotton,1400.4,0,0,819.7,0.4,0,0,11.3,Low
P-00959,160,HDPE,2006,20,343.3,42.0,Loam,1627.1,2,3,636.1,5.1,3,0,35.8,Moderate
P-00960,90,HDPE,2000,26,1383.5,27.8,Loam,857.0,3,5,1090.9,7.2,7,0,40.1,Moderate
P-00961,40,HDPE,2003,23,864.0,36.6,Clay,1194.7,4,1,951.1,6.4,3,0,39.4,Moderate
P-00962,63,PVC,2018,8,160.7,19.5,Loam,1137.9,0,1,1691.0,0.9,2,0,5.2,Low
P-00963,110,GI,2017,9,1677.1,43.7,Clay,1314.8,2,0,1606.7,2.0,2,0,17.9,Low
P-00964,90,Ductile Iron,2017,9,815.7,20.9,Loam,1535.2,2,0,731.1,8.1,1,0,8.5,Low
P-00965,25,PVC,2013,13,126.6,22.8,Loam,1060.6,2,0,1259.1,4.9,3,0,10.2,Low
P-00966,32,HDPE,2003,23,1862.0,38.0,Loam,1508.5,3,5,1431.7,1.3,3,0,47.1,Moderate
P-00967,75,HDPE,2002,24,601.9,44.2,Loam,1267.9,2,3,1098.5,0.2,4,0,41.6,Moderate
P-00968,110,GI,2018,8,2385.7,41.9,Black Cotton,815.8,0,2,828.1,2.8,0,0,21.7,Low
P-00969,40,Ductile Iron,2010,16,2286.7,38.9,Rocky,1219.1,3,1,1094.6,6.6,3,0,25.9,Moderate
P-00970,50,HDPE,2015,11,2151.9,32.7,Loam,999.8,1,4,634.0,4.0,0,0,18.7,Low
P-00971,63,GI,2019,7,1865.0,35.4,Clay,1155.3,1,1,988.6,3.9,2,0,12.0,Low
P-00972,75,Ductile Iron,2024,2,1412.1,23.8,Loam,1359.2,0,0,1012.5,3.0,0,0,4.0,Low
P-00973,90,PVC,2000,26,1410.9,25.7,Clay,892.1,7,2,1349.3,2.5,6,1,46.2,Moderate
P-00974,50,Ductile Iron,2000,26,344.0,16.4,Clay,1375.5,3,2,1437.5,2.3,4,0,25.3,Moderate
P-00975,90,PVC,2001,25,389.7,35.8,Loam,1560.8,6,3,1470.0,2.2,6,1,51.8,High
P-00976,160,HDPE,2017,9,728.4,20.6,Clay,1190.4,2,1,851.6,2.6,3,0,7.9,Low
P-00977,40,PVC,2007,19,2224.3,27.4,Loam,1486.1,2,4,1186.2,1.9,4,0,24.1,Low
P-00978,50,GI,2000,26,2170.0,30.0,Loam,1572.8,3,2,1087.0,2.6,3,1,41.5,Moderate
P-00979,25,PVC,2019,7,1836.3,22.3,Rocky,1222.6,0,1,1155.7,11.2,1,0,6.6,Low
P-00980,50,PVC,1998,28,336.6,51.1,Sandy,1084.8,5,0,1152.6,3.4,11,1,49.5,Moderate
P-00981,90,GI,2007,19,80.0,10.2,Clay,1316.4,3,1,945.9,6.0,2,0,17.1,Low
P-00982,110,HDPE,2000,26,1874.5,11.8,Clay,992.1,4,1,1133.2,5.3,4,1,24.1,Low
P-00983,63,PVC,2007,19,1587.6,8.0,Loam,1442.4,2,1,918.2,7.1,4,0,10.5,Low
P-00984,50,GI,2018,8,288.4,30.5,Rocky,1088.7,3,0,1160.2,2.7,2,0,13.3,Low
P-00985,32,PVC,2000,26,277.9,36.8,Clay,964.4,4,4,1102.2,2.2,5,1,50.3,High
P-00986,40,HDPE,2021,5,2069.8,29.2,Loam,1561.1,1,1,1169.3,2.2,1,0,7.4,Low
P-00987,90,PVC,1998,28,2057.1,58.6,Loam,1739.5,2,4,1036.0,3.6,2,1,68.2,High
P-00988,110,GI,2018,8,1044.7,8.0,Clay,1385.2,1,0,1123.6,2.7,1,0,4.9,Low
P-00989,25,HDPE,2001,25,376.3,30.6,Clay,1053.3,2,8,1379.7,0.4,3,0,49.3,Moderate
P-00990,90,PVC,1998,28,2201.7,36.3,Clay,1307.7,2,1,600.6,12.2,4,0,40.2,Moderate
P-00991,90,GI,1999,27,140.5,45.2,Clay,950.7,3,1,780.9,3.2,13,0,38.8,Moderate
P-00992,25,Ductile Iron,2015,11,781.8,30.7,Clay,1646.0,1,1,1197.4,8.6,1,0,12.8,Low
P-00993,63,Ductile Iron,2008,18,2206.6,41.5,Black Cotton,957.2,4,1,1431.0,5.5,2,0,44.2,Moderate
P-00994,75,PVC,2013,13,1413.9,39.9,Clay,1100.0,2,0,1072.5,1.9,0,0,19.2,Low
P-00995,25,GI,2015,11,949.0,28.2,Loam,1723.9,0,2,707.0,0.3,4,0,10.3,Low
P-00996,90,Ductile Iron,2023,3,1529.4,26.6,Sandy,895.5,0,0,1335.9,2.3,2,0,4.2,Low
P-00997,90,PVC,1995,31,181.9,54.3,Loam,1647.3,2,4,1457.0,8.7,7,0,64.9,High
P-00998,32,PVC,2021,5,571.6,32.0,Loam,868.5,0,0,917.0,8.3,2,0,6.3,Low
P-00999,32,HDPE,2024,2,691.8,64.3,Rocky,1754.1,0,0,1047.0,5.2,0,0,15.2,Low
P-01000,160,PVC,2001,25,1193.7,38.1,Loam,1166.8,2,4,1445.2,3.7,2,1,45.6,Moderate
P-01001,63,HDPE,1996,30,565.5,25.7,Sandy,1362.5,6,5,1054.5,2.9,8,1,56.0,High
P-01002,50,Ductile Iron,2017,9,799.8,28.5,Loam,1582.3,2,1,1618.4,6.7,2,0,11.3,Low
P-01003,90,Ductile Iron,2014,12,1680.8,48.9,Rocky,1362.9,1,1,942.2,2.0,1,0,21.3,Low
P-01004,50,PVC,2024,2,787.5,47.1,Clay,1381.1,0,0,1092.2,2.2,0,0,8.6,Low
P-01005,25,GI,2019,7,1787.4,64.3,Loam,1332.5,2,0,929.7,0.4,2,0,27.3,Moderate
P-01006,75,GI,2002,24,1526.3,34.1,Rocky,1718.3,6,3,906.2,1.5,5,0,54.7,High
P-01007,40,GI,2018,8,721.3,23.0,Rocky,907.3,1,1,1328.5,6.7,0,0,10.1,Low
P-01008,160,GI,2017,9,1023.9,36.7,Rocky,1292.8,1,0,1134.2,3.5,1,0,13.4,Low
P-01009,160,Ductile Iron,2020,6,2351.8,18.8,Sandy,888.2,0,0,670.9,5.5,1,0,4.4,Low
P-01010,50,PVC,2024,2,255.2,30.6,Loam,1252.0,0,0,1195.4,6.3,1,0,5.0,Low
P-01011,32,PVC,2021,5,1963.7,34.2,Black Cotton,815.5,1,1,1410.3,2.4,0,0,12.6,Low
P-01012,90,GI,1995,31,1866.3,49.8,Clay,1247.5,3,3,1373.3,5.2,4,0,69.8,High
P-01013,40,GI,2017,9,447.4,42.5,Sandy,1251.0,1,0,953.3,6.7,4,0,14.2,Low
P-01014,63,HDPE,2009,17,692.2,33.3,Rocky,1637.9,2,1,1194.6,3.2,2,0,20.7,Low
P-01015,32,PVC,2014,12,1066.2,34.6,Rocky,1506.7,1,2,1045.8,7.7,2,0,16.1,Low
P-01016,75,PVC,2019,7,293.0,31.7,Clay,1040.0,1,1,737.7,3.1,0,0,9.9,Low
P-01017,90,HDPE,2010,16,78.8,33.5,Sandy,1686.5,1,1,1205.8,1.0,4,0,14.9,Low
P-01018,160,HDPE,2006,20,1798.5,37.4,Loam,1042.6,2,0,1112.2,3.6,1,0,26.1,Moderate
P-01019,63,HDPE,2007,19,1250.4,48.3,Loam,1220.6,1,1,1135.3,0.5,7,0,23.4,Low
P-01020,90,PVC,2004,22,899.3,62.8,Sandy,1187.2,2,2,896.3,2.5,6,0,48.6,Moderate
P-01021,63,Ductile Iron,2007,19,1423.7,49.5,Clay,1387.1,5,1,1207.0,4.2,3,0,46.7,Moderate
P-01022,90,PVC,1997,29,1400.7,31.5,Black Cotton,1468.4,8,3,922.7,6.8,6,1,73.1,High
P-01023,25,PVC,2018,8,2101.5,30.1,Loam,1317.1,1,0,865.2,1.3,0,0,8.7,Low
P-01024,25,PVC,2016,10,1374.4,18.3,Clay,1454.3,5,1,1182.1,1.4,4,1,12.0,Low
P-01025,25,PVC,2001,25,1601.9,26.3,Clay,899.6,1,1,932.6,4.1,8,0,18.1,Low
P-01026,160,PVC,2020,6,512.0,41.2,Loam,997.9,1,1,1033.8,4.4,2,0,11.4,Low
P-01027,63,PVC,2003,23,2308.8,29.8,Loam,1151.6,0,7,1320.6,2.6,5,1,31.4,Moderate
P-01028,40,Ductile Iron,1995,31,1098.9,17.3,Sandy,1540.4,2,4,755.0,5.6,4,1,36.7,Moderate
P-01029,25,PVC,2016,10,2306.7,25.2,Loam,1693.3,0,0,1144.2,1.0,1,0,6.8,Low
P-01030,40,PVC,2007,19,2211.4,54.5,Clay,1330.8,4,2,1509.7,7.5,2,1,52.7,High
P-01031,32,HDPE,2015,11,1519.8,39.6,Clay,1416.9,3,1,1443.2,1.9,0,0,21.6,Low
P-01032,63,GI,2003,23,686.1,32.9,Loam,1266.9,4,1,500.0,3.6,4,0,38.7,Moderate
P-01033,110,HDPE,2023,3,1617.5,57.0,Sandy,1182.6,1,0,915.5,8.7,1,0,15.1,Low
P-01034,50,HDPE,1997,29,1492.2,46.0,Clay,1069.3,3,1,1225.2,6.7,6,0,49.9,Moderate
P-01035,75,Ductile Iron,2019,7,741.5,54.3,Loam,1091.9,1,0,1265.9,4.1,3,0,15.3,Low
P-01036,75,Ductile Iron,2003,23,2316.3,38.3,Loam,1692.6,2,0,883.8,3.9,9,0,22.2,Low
P-01037,40,PVC,2008,18,1680.3,51.9,Loam,1232.7,1,2,1246.1,10.9,3,1,35.2,Moderate
P-01038,50,PVC,2013,13,2460.5,47.4,Sandy,1474.8,2,1,1362.4,5.4,4,0,22.5,Low
P-01039,110,HDPE,2020,6,1089.9,53.9,Loam,1735.7,1,1,1095.2,4.3,1,0,17.5,Low
P-01040,25,HDPE,2017,9,1233.3,31.9,Rocky,1269.1,2,0,637.2,6.6,1,0,11.8,Low
P-01041,25,PVC,2021,5,1164.1,17.8,Clay,1765.9,1,0,917.8,10.4,0,0,5.4,Low
P-01042,50,GI,2024,2,1014.1,21.7,Loam,1621.1,0,0,909.8,13.9,0,0,5.3,Low
P-01043,63,Ductile Iron,2013,13,611.4,48.0,Sandy,1708.0,3,1,1013.2,6.1,3,1,27.6,Moderate
P-01044,40,HDPE,2001,25,1254.2,32.7,Loam,1239.5,2,1,1141.5,5.7,7,1,26.4,Moderate
P-01045,90,Ductile Iron,2015,11,1724.6,44.9,Loam,1524.8,1,2,1345.5,6.5,1,0,21.0,Low
P-01046,50,Ductile Iron,2021,5,220.4,34.4,Clay,1047.0,1,0,814.3,11.9,1,1,8.9,Low
P-01047,75,HDPE,2000,26,1588.2,21.4,Clay,1161.3,3,5,1530.3,9.0,9,0,32.8,Moderate
P-01048,90,HDPE,2004,22,909.9,20.7,Clay,1598.8,5,2,1360.5,0.4,10,0,22.1,Low
P-01049,40,HDPE,1997,29,114.3,32.5,Loam,834.7,2,3,1006.2,4.6,5,1,40.9,Moderate
P-01050,160,Ductile Iron,2013,13,2413.0,26.7,Loam,1782.0,1,1,1377.4,3.4,0,0,12.7,Low
P-01051,32,HDPE,2010,16,74.1,23.9,Loam,1399.3,4,1,932.2,1.7,0,0,21.6,Low
P-01052,63,PVC,2024,2,1865.4,28.6,Clay,1755.2,0,0,1072.5,0.7,1,1,4.3,Low
P-01053,160,PVC,2022,4,1309.4,42.3,Rocky,1699.9,0,0,1142.9,6.6,2,0,8.0,Low
P-01054,110,PVC,2013,13,2029.1,28.3,Clay,1123.0,3,0,791.8,1.3,2,0,14.2,Low
P-01055,90,HDPE,2022,4,1630.3,28.9,Sandy,1155.4,0,1,1406.8,11.7,1,0,6.6,Low
P-01056,63,Ductile Iron,2008,18,1521.7,43.4,Clay,1047.7,3,1,825.2,1.4,7,0,25.7,Moderate
P-01057,63,HDPE,2018,8,1201.5,54.2,Loam,1534.8,0,2,1080.0,9.0,4,0,17.6,Low
P-01058,50,PVC,2017,9,1298.6,31.9,Black Cotton,1252.1,0,2,644.6,2.2,2,0,13.2,Low
P-01059,63,PVC,1996,30,1939.4,24.0,Sandy,1318.1,2,1,1142.8,5.1,10,0,24.1,Low
P-01060,40,PVC,2012,14,2046.9,34.1,Clay,1565.9,1,1,808.7,1.1,8,1,10.8,Low
P-01061,25,PVC,2004,22,1135.3,44.6,Rocky,838.7,3,4,742.2,11.2,7,0,45.5,Moderate
P-01062,32,Ductile Iron,1997,29,2217.0,26.4,Clay,1728.9,5,5,710.0,2.2,7,1,51.5,High
P-01063,32,GI,2019,7,1427.4,47.5,Loam,1405.7,1,1,1050.5,1.3,4,0,15.2,Low
P-01064,75,PVC,2005,21,1562.8,39.2,Sandy,923.0,1,3,678.7,13.7,3,0,34.1,Moderate
P-01065,160,PVC,2012,14,333.9,43.5,Loam,1459.7,1,0,1050.1,0.5,2,0,17.4,Low
P-01066,90,Ductile Iron,2002,24,661.9,29.3,Black Cotton,1734.5,6,1,939.3,7.4,6,1,48.4,Moderate
P-01067,40,PVC,2019,7,962.5,44.9,Sandy,1552.1,1,0,894.8,1.5,1,0,12.3,Low
P-01068,110,Ductile Iron,2020,6,1900.1,21.0,Sandy,1073.9,0,1,982.2,6.5,1,0,5.5,Low
P-01069,32,HDPE,2019,7,457.5,48.7,Sandy,1068.6,0,2,1087.5,4.8,1,0,15.5,Low
P-01070,32,PVC,2011,15,1932.8,47.8,Clay,1576.0,0,0,1316.7,2.3,3,1,17.5,Low
P-01071,40,GI,2001,25,1193.9,41.5,Clay,1632.4,5,3,1371.5,8.0,4,0,62.2,High
P-01072,32,HDPE,2016,10,656.5,30.0,Clay,1484.0,2,0,693.8,2.9,0,0,12.0,Low
P-01073,25,Ductile Iron,1996,30,1027.0,29.7,Sandy,1240.1,6,6,968.3,1.4,6,0,64.8,High
P-01074,110,Ductile Iron,2002,24,1118.9,37.1,Sandy,1273.1,4,1,1461.2,3.4,3,0,40.6,Moderate
P-01075,110,Ductile Iron,2020,6,247.2,48.3,Sandy,1195.5,1,2,688.7,3.8,2,0,15.7,Low
P-01076,50,PVC,2005,21,92.8,56.2,Sandy,1355.5,4,2,1040.5,1.1,6,0,49.4,Moderate
P-01077,160,HDPE,2006,20,2055.1,25.4,Clay,1475.7,2,3,728.6,15.0,6,0,23.2,Low
P-01078,50,PVC,1997,29,2294.7,32.9,Rocky,882.3,4,1,500.0,1.7,7,0,39.7,Moderate
P-01079,75,PVC,2024,2,1924.6,32.4,Rocky,891.5,0,0,1267.4,2.0,0,0,5.3,Low
P-01080,50,GI,2013,13,730.3,33.0,Clay,1718.5,3,3,1013.6,2.7,0,1,29.0,Moderate
P-01081,40,PVC,1995,31,926.7,47.6,Loam,1626.7,4,2,871.4,2.5,7,1,59.6,High
P-01082,40,Ductile Iron,1998,28,1485.8,32.2,Rocky,1147.1,3,3,1319.2,1.2,8,0,37.7,Moderate
P-01083,40,Ductile Iron,2000,26,1317.0,43.0,Sandy,1629.7,1,2,1003.0,12.3,4,1,41.1,Moderate
P-01084,63,PVC,2015,11,1437.8,45.5,Clay,1211.6,3,1,1120.9,5.3,1,0,25.1,Moderate
P-01085,32,PVC,2017,9,1909.4,44.0,Loam,1154.4,2,1,1103.0,8.7,2,0,18.5,Low
P-01086,40,GI,2020,6,2401.6,21.8,Clay,1023.1,1,0,799.4,3.1,1,1,6.8,Low
P-01087,32,HDPE,1997,29,2369.0,40.5,Sandy,836.0,1,3,1108.6,3.2,8,0,38.5,Moderate
P-01088,63,PVC,2018,8,1859.4,29.8,Black Cotton,1733.9,1,1,1412.8,4.1,0,1,13.8,Low
P-01089,63,PVC,2001,25,2084.3,37.7,Loam,1515.5,1,0,763.9,5.1,3,1,28.3,Moderate
P-01090,90,HDPE,2002,24,1675.0,42.7,Loam,1442.1,0,3,962.3,4.7,4,0,33.5,Moderate
P-01091,25,PVC,2015,11,2125.2,17.9,Loam,1221.3,2,0,909.4,5.9,0,0,9.1,Low
P-01092,110,GI,2001,25,1596.0,49.9,Black Cotton,1695.9,4,2,1098.9,3.4,5,0,66.9,High
P-01093,25,PVC,2000,26,2114.5,19.4,Clay,1309.9,2,1,1236.4,6.7,5,0,21.8,Low
P-01094,25,GI,2009,17,214.2,30.0,Loam,896.6,4,2,1176.5,1.5,4,0,28.6,Moderate
P-01095,40,HDPE,1999,27,1830.9,36.8,Loam,841.7,2,2,1198.3,5.8,3,0,41.1,Moderate
P-01096,110,GI,2018,8,2085.4,21.8,Loam,1555.8,2,3,927.9,13.4,1,1,14.9,Low
P-01097,63,HDPE,2020,6,205.1,23.3,Loam,1089.4,1,1,1162.5,0.3,2,0,6.1,Low
P-01098,160,GI,2011,15,2226.9,40.0,Loam,1120.6,2,2,1465.2,0.8,2,0,27.6,Moderate
P-01099,63,GI,1996,30,436.3,32.8,Sandy,1767.8,1,3,1121.3,6.1,6,0,42.5,Moderate
P-01100,32,GI,2020,6,269.1,50.2,Sandy,1322.7,0,0,1464.9,3.1,2,0,13.4,Low
P-01101,40,HDPE,2014,12,306.8,38.7,Loam,885.0,0,3,944.2,12.9,2,0,18.5,Low
P-01102,63,GI,1996,30,1622.6,34.6,Loam,1189.8,6,2,500.0,6.0,6,1,63.0,High
P-01103,32,PVC,2013,13,1655.2,31.0,Clay,827.2,0,1,500.0,2.8,1,0,11.6,Low
P-01104,40,PVC,1999,27,1886.3,41.7,Loam,1512.4,6,0,1308.3,2.7,10,1,45.2,Moderate
P-01105,160,HDPE,2006,20,1740.2,39.0,Sandy,1225.3,1,0,1208.0,2.4,4,0,20.5,Low
P-01106,32,PVC,2005,21,782.7,26.7,Rocky,1750.8,1,2,1130.2,3.3,3,0,20.1,Low
P-01107,63,Ductile Iron,2021,5,544.0,38.1,Loam,1141.5,0,1,1035.3,1.7,0,0,8.8,Low
P-01108,75,PVC,2013,13,332.7,49.1,Loam,1090.5,3,2,1240.7,1.5,0,0,33.6,Moderate
P-01109,90,PVC,2023,3,1734.7,40.0,Sandy,1166.1,0,0,500.0,0.3,0,0,7.1,Low
P-01110,32,PVC,2015,11,419.7,17.5,Black Cotton,1672.6,1,0,893.3,19.8,4,1,10.2,Low
P-01111,40,GI,2010,16,1808.8,39.1,Sandy,1064.4,0,0,791.9,3.0,5,0,15.6,Low
P-01112,110,GI,2013,13,192.3,31.9,Sandy,1015.3,2,1,1258.5,2.7,2,0,18.3,Low
P-01113,90,GI,2015,11,640.6,8.0,Sandy,924.9,0,2,1302.7,3.4,4,0,5.6,Low
P-01114,90,HDPE,1996,30,80.4,45.0,Loam,1084.3,7,4,1061.5,1.0,8,1,71.9,High
P-01115,32,PVC,2022,4,1381.0,65.5,Black Cotton,1025.2,0,0,1015.1,4.5,1,0,22.3,Low
P-01116,110,PVC,2004,22,487.7,22.7,Sandy,1506.6,6,4,1358.7,4.1,8,0,36.0,Moderate
P-01117,40,Ductile Iron,2023,3,1984.3,33.4,Black Cotton,820.2,0,0,1800.0,4.3,0,0,8.4,Low
P-01118,25,GI,2014,12,2377.6,24.5,Rocky,1733.3,4,2,1252.4,1.1,3,0,19.4,Low
P-01119,32,PVC,2001,25,362.8,52.2,Rocky,1439.2,4,2,1364.6,0.8,8,0,50.4,High
P-01120,50,GI,2008,18,2364.5,30.3,Clay,1133.8,3,0,899.2,6.1,4,0,23.2,Low
P-01121,110,PVC,2011,15,2421.2,24.1,Clay,1061.7,2,2,918.8,2.5,1,1,16.3,Low
P-01122,110,GI,2005,21,2449.6,29.5,Sandy,996.3,2,4,999.0,2.4,6,0,30.3,Moderate
P-01123,63,Ductile Iron,2014,12,846.9,27.1,Clay,1181.7,1,1,1181.4,2.6,1,0,11.3,Low
P-01124,50,PVC,2001,25,1306.2,49.1,Clay,1411.2,2,2,1064.3,0.9,7,0,40.3,Moderate
P-01125,32,GI,2000,26,886.9,56.5,Sandy,1217.1,5,6,1203.3,17.9,3,0,84.5,Very High
P-01126,110,GI,1999,27,1315.5,36.2,Black Cotton,1744.9,3,2,1423.7,1.5,4,1,55.6,High
P-01127,63,PVC,2005,21,61.8,22.9,Sandy,1221.1,2,2,933.7,1.5,3,0,20.4,Low
P-01128,32,GI,1998,28,2246.7,32.3,Sandy,1350.9,5,2,1418.7,5.8,3,0,57.4,High
P-01129,160,HDPE,2020,6,504.2,61.0,Clay,1776.8,0,0,703.7,4.4,2,1,15.9,Low
P-01130,63,GI,2019,7,693.0,32.9,Loam,1129.7,0,0,614.1,2.9,1,1,8.8,Low
P-01131,32,Ductile Iron,2008,18,272.7,33.5,Rocky,1037.1,3,4,1243.5,0.1,2,1,32.4,Moderate
P-01132,50,PVC,2019,7,1817.6,26.3,Sandy,1516.3,2,0,1173.0,8.4,2,0,8.4,Low
P-01133,40,GI,1999,27,2173.4,34.2,Sandy,996.1,3,2,827.5,2.3,7,1,41.0,Moderate
P-01134,32,GI,2000,26,1926.5,33.1,Sandy,1480.7,7,4,904.3,0.7,7,0,61.7,High
P-01135,63,PVC,1999,27,292.7,44.6,Loam,1233.5,2,1,1574.1,2.0,6,0,38.9,Moderate
P-01136,40,Ductile Iron,1998,28,1896.4,42.8,Sandy,1563.7,6,1,1099.1,3.5,1,1,64.6,High
P-01137,50,GI,2021,5,256.3,29.8,Rocky,1774.5,0,1,1515.4,7.5,1,0,8.3,Low
P-01138,63,HDPE,1996,30,2216.5,59.9,Loam,938.1,1,3,1393.5,7.5,7,0,60.1,High
P-01139,40,GI,2003,23,1874.8,42.1,Clay,1326.1,2,3,1041.4,2.0,5,1,42.0,Moderate
P-01140,50,PVC,2002,24,1554.5,61.2,Black Cotton,839.0,3,3,500.0,1.3,6,1,66.4,High
P-01141,160,PVC,1996,30,2145.4,47.6,Black Cotton,1681.2,4,2,1218.1,10.8,4,1,72.5,High
P-01142,63,PVC,2002,24,2106.0,46.5,Sandy,1250.9,2,1,705.3,5.7,4,0,39.3,Moderate
P-01143,32,PVC,1995,31,2009.5,37.2,Loam,1163.3,2,2,1360.5,0.8,8,0,39.6,Moderate
P-01144,160,PVC,2006,20,299.9,46.3,Clay,1265.3,5,2,1421.5,9.4,4,0,49.5,Moderate
P-01145,40,Ductile Iron,2006,20,804.8,39.2,Sandy,1642.6,1,1,756.1,3.2,2,0,25.2,Moderate
P-01146,50,Ductile Iron,2012,14,1133.3,13.5,Clay,1084.5,1,0,1152.9,9.4,6,0,6.2,Low
P-01147,63,PVC,2009,17,1291.2,35.9,Clay,1302.9,4,0,737.0,5.4,0,1,29.6,Moderate
P-01148,25,PVC,2021,5,1176.5,16.2,Loam,1291.3,2,1,1114.8,3.1,3,0,5.2,Low
P-01149,32,Ductile Iron,1999,27,2184.3,38.6,Loam,1677.8,4,2,1125.5,4.4,3,1,51.1,High
P-01150,50,PVC,1999,27,828.2,23.6,Loam,1191.7,5,5,903.2,2.7,6,0,47.1,Moderate
P-01151,160,GI,2021,5,1917.7,37.8,Sandy,1169.1,0,0,893.3,2.9,0,0,9.5,Low
P-01152,63,GI,2016,10,2262.4,58.0,Clay,1129.2,0,1,1250.8,7.6,2,0,25.1,Moderate
P-01153,25,HDPE,2024,2,1496.6,37.2,Sandy,1238.7,0,0,955.0,3.0,2,0,5.6,Low
P-01154,50,HDPE,2006,20,861.3,55.7,Clay,995.3,2,1,1415.3,1.3,2,0,41.1,Moderate
P-01155,160,PVC,2010,16,1597.6,23.9,Sandy,1169.1,2,1,1349.9,0.3,0,0,15.9,Low
P-01156,75,PVC,2018,8,807.4,21.9,Clay,1268.1,1,1,1019.1,2.4,4,0,6.1,Low
P-01157,40,Ductile Iron,2015,11,1500.1,40.7,Rocky,804.2,1,1,1120.1,9.6,4,0,15.0,Low
P-01158,63,GI,2021,5,2477.4,42.0,Loam,1313.0,1,0,776.3,9.1,0,0,13.7,Low
P-01159,40,GI,2022,4,2397.0,29.8,Loam,1605.2,0,1,914.8,1.2,1,0,7.1,Low
P-01160,25,GI,2003,23,1583.9,42.2,Rocky,1657.8,0,3,893.1,5.4,8,0,30.9,Moderate
P-01161,110,PVC,2007,19,1867.0,8.0,Rocky,1274.1,5,3,965.2,4.2,4,0,20.1,Low
P-01162,75,Ductile Iron,2001,25,1620.0,40.9,Rocky,1737.1,3,5,1314.4,3.7,3,0,54.3,High
P-01163,75,PVC,2007,19,2378.2,27.8,Clay,893.9,0,3,1360.7,0.9,5,0,15.4,Low
P-01164,75,GI,2003,23,1909.4,31.9,Loam,1450.1,5,4,866.1,4.7,9,0,44.8,Moderate
P-01165,90,PVC,1996,30,2040.6,41.6,Black Cotton,931.0,7,4,921.4,2.6,7,1,77.8,Very High
P-01166,63,PVC,2024,2,50.5,33.7,Loam,1364.6,0,0,1334.4,0.2,0,0,5.4,Low
P-01167,32,HDPE,2023,3,920.5,58.8,Clay,1035.6,0,0,685.0,1.2,1,0,12.4,Low
P-01168,32,PVC,2010,16,149.2,31.4,Sandy,1644.9,2,0,1233.7,1.2,2,0,16.2,Low
P-01169,40,PVC,2013,13,225.6,52.6,Sandy,854.9,1,1,1033.9,4.7,2,1,24.5,Low
P-01170,90,PVC,2011,15,2261.5,25.3,Loam,1025.9,0,1,1377.5,1.8,2,0,10.4,Low
P-01171,63,HDPE,1995,31,1568.6,16.2,Rocky,1160.3,3,2,744.2,10.4,4,1,35.6,Moderate
P-01172,32,PVC,1996,30,451.7,28.3,Loam,1569.8,3,7,973.7,0.2,6,0,53.3,High
P-01173,90,PVC,2007,19,833.5,17.3,Rocky,1022.7,3,3,1093.9,18.3,4,0,23.1,Low
P-01174,32,PVC,2010,16,1940.8,60.7,Black Cotton,1468.8,2,1,633.4,5.2,5,1,43.6,Moderate
P-01175,50,GI,2019,7,2019.0,32.2,Loam,906.1,1,1,901.2,17.0,1,0,13.7,Low
P-01176,75,HDPE,2013,13,1413.5,25.2,Loam,1528.7,0,1,1071.6,8.4,1,0,10.4,Low
P-01177,90,HDPE,2008,18,1209.5,51.1,Loam,1577.4,1,4,1326.6,8.3,1,0,42.7,Moderate
P-01178,90,PVC,2010,16,1550.7,31.4,Loam,1708.1,3,0,600.6,5.3,3,0,18.8,Low
P-01179,160,PVC,2001,25,791.8,58.3,Loam,1231.8,2,2,1050.9,13.2,6,1,54.3,High
P-01180,50,GI,1999,27,1153.7,23.4,Black Cotton,1314.0,8,6,700.0,11.2,6,1,77.3,Very High
P-01181,63,HDPE,1999,27,787.4,51.2,Black Cotton,884.4,2,4,955.8,22.4,5,1,70.7,High
P-01182,160,PVC,2020,6,552.9,11.8,Clay,1123.3,0,0,792.8,10.8,0,0,4.0,Low
P-01183,90,PVC,1996,30,1169.9,48.5,Sandy,982.6,2,2,1010.5,4.7,9,0,47.5,Moderate
P-01184,63,HDPE,2005,21,623.4,41.0,Loam,1065.6,1,2,1393.0,5.6,2,0,31.3,Moderate
P-01185,90,HDPE,2008,18,295.7,45.9,Sandy,895.9,1,1,1475.3,5.6,3,0,26.3,Moderate
P-01186,32,PVC,1996,30,1905.7,27.7,Loam,1121.2,4,1,1250.9,1.0,7,1,36.9,Moderate
P-01187,63,PVC,2024,2,1457.4,22.1,Clay,1747.0,0,0,695.4,9.4,0,1,4.2,Low
P-01188,32,Ductile Iron,2009,17,1448.9,22.4,Loam,1646.1,0,4,943.2,5.9,1,1,16.9,Low
P-01189,32,PVC,2009,17,1522.2,56.6,Loam,1010.6,4,1,1062.0,4.1,4,1,43.2,Moderate
P-01190,110,HDPE,2009,17,852.1,23.1,Sandy,1705.6,3,1,626.5,1.0,5,0,15.1,Low
P-01191,90,PVC,2014,12,808.0,43.6,Rocky,916.3,3,2,1379.0,3.9,2,0,26.2,Moderate
P-01192,32,GI,2014,12,2136.5,40.3,Rocky,1463.3,2,1,1286.4,5.7,1,1,23.6,Low
P-01193,40,PVC,2008,18,1307.2,29.6,Black Cotton,826.5,2,2,832.2,11.2,6,1,26.2,Moderate
P-01194,110,HDPE,2004,22,465.3,20.6,Clay,955.8,3,1,1044.5,15.4,1,0,27.1,Moderate
P-01195,50,HDPE,2000,26,2300.9,42.2,Rocky,1417.5,4,1,1227.3,0.3,7,1,41.6,Moderate
P-01196,63,PVC,2006,20,1371.4,49.0,Loam,1619.3,0,1,1098.0,10.3,5,0,26.9,Moderate
P-01197,110,PVC,1996,30,557.2,45.6,Clay,1642.0,3,2,1027.5,1.8,5,0,54.3,High
P-01198,110,PVC,2005,21,2221.4,35.4,Loam,1560.0,5,6,1123.2,3.7,5,0,51.2,High
P-01199,25,PVC,2017,9,2309.9,18.6,Clay,909.3,0,2,1416.1,2.7,2,0,6.3,Low
P-01200,25,GI,2008,18,799.4,25.2,Loam,1540.2,2,2,1036.4,4.3,5,0,20.0,Low
P-01201,32,HDPE,2010,16,1107.2,31.1,Clay,1311.3,2,0,734.0,0.9,0,0,17.7,Low
P-01202,40,PVC,2009,17,1111.7,33.5,Clay,1596.4,1,0,1190.3,4.1,1,0,17.2,Low
P-01203,25,Ductile Iron,1999,27,1618.3,49.6,Loam,900.8,3,5,909.6,0.5,6,0,59.8,High
P-01204,110,HDPE,2013,13,1363.7,48.3,Black Cotton,1106.1,5,5,985.5,4.7,3,0,56.4,High
P-01205,90,PVC,1996,30,1437.0,43.3,Clay,1013.2,3,4,929.5,13.7,5,1,63.0,High
P-01206,25,Ductile Iron,2012,14,1284.0,17.3,Clay,1646.3,2,2,665.7,1.8,2,0,11.8,Low
P-01207,32,HDPE,2020,6,400.5,36.8,Clay,1133.3,3,1,1428.0,2.5,0,1,14.8,Low
P-01208,25,PVC,1997,29,1921.6,40.0,Clay,1026.1,4,3,650.2,6.8,6,0,55.6,High
P-01209,25,GI,2007,19,2308.1,29.7,Black Cotton,911.2,2,0,730.8,13.8,5,0,28.5,Moderate
P-01210,25,GI,2024,2,1559.5,46.8,Sandy,1153.4,0,0,1668.4,1.3,0,0,10.1,Low
P-01211,50,GI,2006,20,445.4,30.8,Clay,859.9,6,4,1259.3,1.2,2,1,51.9,High
P-01212,32,HDPE,2009,17,893.4,33.4,Loam,1273.7,0,2,822.0,3.7,5,0,14.9,Low
P-01213,40,GI,2009,17,2430.3,41.1,Clay,1161.9,3,1,1003.4,8.8,2,0,35.3,Moderate
P-01214,32,PVC,2007,19,99.4,10.7,Rocky,978.9,4,2,1221.8,2.3,5,0,15.6,Low
P-01215,32,GI,2010,16,2032.5,42.6,Rocky,1022.0,2,3,1220.3,5.1,1,1,36.8,Moderate
P-01216,25,GI,1998,28,2380.1,32.9,Loam,1444.3,1,2,1009.1,7.6,4,0,39.3,Moderate
P-01217,90,GI,2005,21,1973.2,24.2,Clay,857.3,2,2,1049.5,8.0,3,0,26.6,Moderate
P-01218,25,GI,2007,19,937.6,34.2,Clay,1627.4,2,1,883.4,5.1,3,0,27.1,Moderate
P-01219,160,HDPE,2008,18,426.9,54.7,Clay,1215.8,0,2,1198.7,3.3,5,1,28.4,Moderate
P-01220,50,HDPE,2002,24,2329.8,8.0,Rocky,1006.2,2,1,510.0,1.8,5,0,13.0,Low
P-01221,90,PVC,2016,10,1323.2,34.1,Black Cotton,1346.2,0,2,1149.1,1.8,3,0,14.2,Low
P-01222,75,GI,2002,24,1477.4,36.8,Loam,1179.5,2,2,1406.9,4.1,6,1,35.6,Moderate
P-01223,50,HDPE,2006,20,1481.5,39.4,Clay,1468.6,3,2,956.8,4.6,2,0,36.1,Moderate
P-01224,40,PVC,2015,11,1373.6,45.7,Sandy,1563.7,1,1,962.4,2.4,1,0,18.4,Low
P-01225,32,PVC,2002,24,723.4,39.2,Clay,809.3,6,1,1160.1,8.2,4,0,51.7,High
P-01226,25,HDPE,2024,2,439.6,28.6,Loam,810.2,0,1,671.9,3.5,0,0,5.4,Low
P-01227,50,GI,2018,8,1727.3,43.4,Clay,1720.0,1,2,500.0,3.4,2,0,18.1,Low
P-01228,63,PVC,1998,28,1425.6,39.4,Rocky,1062.3,2,3,871.2,1.4,5,1,43.8,Moderate
P-01229,32,HDPE,2000,26,379.1,45.7,Loam,1478.9,5,6,910.0,1.7,2,1,71.8,High
P-01230,90,HDPE,2001,25,1231.5,18.4,Loam,929.6,0,2,974.8,4.7,5,0,16.1,Low
P-01231,25,HDPE,2011,15,1394.2,33.2,Loam,1579.1,0,1,943.2,4.2,2,1,13.7,Low
P-01232,90,HDPE,1995,31,1353.0,22.6,Sandy,1049.2,5,4,1411.7,4.3,6,1,51.0,High
P-01233,75,HDPE,2000,26,396.8,49.6,Loam,953.8,9,0,1468.4,1.1,5,0,69.5,High
P-01234,63,Ductile Iron,2003,23,2481.2,30.1,Loam,1216.1,3,3,1305.3,1.6,9,0,26.7,Moderate
P-01235,32,HDPE,2016,10,1230.8,35.2,Sandy,1238.6,3,0,852.7,1.4,3,1,13.7,Low
P-01236,160,Ductile Iron,2010,16,86.0,15.7,Sandy,1090.2,0,2,940.6,2.2,2,0,9.3,Low
P-01237,32,PVC,2011,15,601.1,38.2,Sandy,1515.5,4,0,1164.1,5.7,1,0,27.0,Moderate
P-01238,90,GI,2004,22,345.6,32.1,Black Cotton,1714.2,2,3,900.9,5.8,6,1,40.1,Moderate
P-01239,90,PVC,2001,25,2473.1,37.1,Clay,1045.4,6,2,1076.8,1.3,6,0,49.3,Moderate
P-01240,40,PVC,2014,12,1857.4,19.7,Clay,1767.4,1,0,1458.1,4.7,4,0,6.9,Low
P-01241,63,PVC,2011,15,1048.7,28.9,Clay,1770.4,3,1,804.9,5.1,3,0,18.3,Low
P-01242,63,PVC,2019,7,1892.7,36.9,Loam,1332.9,1,1,1032.0,5.5,0,0,12.0,Low
P-01243,63,HDPE,2003,23,2225.1,11.4,Clay,1675.6,4,3,872.9,1.7,5,0,22.4,Low
P-01244,90,Ductile Iron,1998,28,893.2,52.7,Sandy,1504.3,4,2,1211.4,9.0,4,0,65.0,High
P-01245,63,GI,2014,12,1266.7,48.5,Rocky,1226.2,1,0,823.5,1.3,3,1,20.0,Low
P-01246,32,PVC,1995,31,59.9,37.2,Black Cotton,1758.8,0,5,747.4,14.7,8,1,54.2,High
P-01247,32,Ductile Iron,2001,25,448.9,35.6,Loam,1526.0,1,3,1199.5,6.2,1,0,38.3,Moderate
P-01248,63,GI,2014,12,1655.5,42.7,Clay,1146.9,0,1,1356.5,3.5,4,0,15.9,Low
P-01249,40,Ductile Iron,2001,25,1837.0,39.6,Rocky,1575.7,2,0,1201.5,4.0,5,1,30.6,Moderate
P-01250,90,Ductile Iron,2014,12,2019.1,23.7,Loam,1135.5,2,1,905.7,16.1,3,0,12.8,Low
P-01251,63,HDPE,2002,24,67.1,31.7,Loam,832.6,4,2,1140.5,0.3,7,0,32.7,Moderate
P-01252,63,PVC,1998,28,2290.5,28.9,Loam,1086.8,5,2,869.9,4.1,7,1,42.8,Moderate
P-01253,90,GI,1997,29,1424.8,25.3,Loam,1542.8,4,3,1114.1,5.2,5,0,48.7,Moderate
P-01254,63,HDPE,2020,6,1630.4,23.3,Clay,1373.5,1,2,898.0,14.0,2,0,8.3,Low
P-01255,90,PVC,2005,21,2451.5,28.3,Clay,1238.3,3,4,822.8,1.6,3,0,32.6,Moderate
P-01256,160,PVC,2006,20,1594.5,22.6,Clay,926.3,2,2,1191.4,7.3,2,1,21.4,Low
P-01257,50,GI,2008,18,394.2,26.9,Clay,1281.3,2,0,1294.0,8.2,4,0,18.8,Low
P-01258,90,HDPE,2014,12,2233.4,54.1,Clay,1667.9,0,0,822.7,2.3,3,0,17.5,Low
P-01259,40,GI,2017,9,1131.2,16.4,Clay,1778.9,1,1,1437.6,0.7,1,1,7.7,Low
P-01260,40,PVC,2001,25,119.3,70.5,Clay,1361.7,1,0,1318.1,3.7,5,1,51.9,High
P-01261,32,HDPE,2010,16,2390.7,42.2,Clay,1623.2,2,2,752.1,9.9,4,0,27.0,Moderate
P-01262,32,HDPE,2000,26,702.9,57.9,Clay,1695.1,4,1,997.4,3.2,6,1,57.8,High
P-01263,90,PVC,2023,3,916.2,40.3,Loam,1428.1,0,0,980.0,8.1,0,0,8.0,Low
P-01264,63,Ductile Iron,2022,4,2329.3,39.9,Rocky,1359.2,1,0,761.0,2.7,0,0,9.3,Low
P-01265,40,PVC,2017,9,1567.1,45.1,Rocky,1310.4,1,2,1076.0,1.5,0,1,18.5,Low
P-01266,110,PVC,2008,18,979.1,38.4,Loam,1345.9,1,2,1145.7,12.9,6,0,22.6,Low
P-01267,50,HDPE,2004,22,2327.8,31.7,Black Cotton,1105.5,3,0,999.0,6.6,4,1,33.3,Moderate
P-01268,25,PVC,2012,14,722.1,40.2,Clay,1223.8,2,0,1228.4,1.7,3,0,17.7,Low
P-01269,75,PVC,2015,11,977.1,42.6,Clay,1439.2,1,3,761.8,1.1,1,0,20.5,Low
P-01270,110,HDPE,2022,4,2000.3,49.6,Clay,1348.6,1,1,1130.6,4.1,0,0,14.3,Low
P-01271,50,PVC,1996,30,234.4,37.4,Loam,840.7,2,5,881.2,4.8,6,1,52.0,High
P-01272,90,PVC,2007,19,1305.3,16.5,Sandy,1039.4,2,0,803.7,3.7,3,0,12.3,Low
P-01273,160,PVC,2002,24,2430.5,40.0,Rocky,1623.5,2,2,1530.0,4.2,1,0,40.7,Moderate
P-01274,90,GI,2004,22,2350.6,39.3,Clay,1701.4,4,1,1432.9,0.2,6,0,38.1,Moderate
P-01275,32,PVC,2012,14,2008.6,44.5,Sandy,1274.3,2,0,812.1,10.4,3,0,22.2,Low
P-01276,90,Ductile Iron,2024,2,845.0,16.3,Rocky,1304.6,1,0,1253.7,4.7,1,0,3.6,Low
P-01277,160,GI,2016,10,2477.6,50.9,Loam,1109.2,1,2,721.7,5.8,2,0,25.7,Moderate
P-01278,40,PVC,2018,8,295.6,33.5,Sandy,1799.8,1,0,1382.2,1.6,2,0,8.8,Low
P-01279,50,Ductile Iron,2001,25,2324.6,30.6,Loam,1300.7,1,1,996.4,2.2,4,1,24.0,Low
P-01280,50,HDPE,2013,13,997.9,15.3,Clay,1371.0,5,3,919.6,6.4,4,0,17.6,Low
P-01281,75,PVC,2008,18,1076.3,48.9,Loam,1505.9,3,3,1187.5,2.2,1,0,44.1,Moderate
P-01282,25,GI,2014,12,210.0,41.4,Rocky,1353.6,1,3,1345.6,3.5,2,1,24.1,Low
P-01283,50,PVC,1995,31,1292.2,37.3,Black Cotton,970.7,4,3,1100.5,5.4,6,1,64.8,High
P-01284,63,Ductile Iron,2013,13,1990.2,23.9,Clay,1408.1,3,1,899.7,6.8,5,0,12.8,Low
P-01285,63,GI,2001,25,1625.1,58.1,Sandy,1428.7,3,5,927.3,2.1,6,1,68.4,High
P-01286,32,PVC,2019,7,2396.8,8.0,Black Cotton,1536.6,1,1,919.6,2.6,1,0,6.0,Low
P-01287,32,HDPE,2015,11,2499.8,28.8,Sandy,1262.1,1,1,996.1,0.6,4,0,9.2,Low
P-01288,90,GI,2015,11,2107.0,34.3,Loam,848.5,0,2,1322.4,0.2,1,0,14.5,Low
P-01289,40,Ductile Iron,1999,27,209.6,26.1,Sandy,1795.7,5,0,1277.1,1.0,7,0,31.7,Moderate
P-01290,160,PVC,2003,23,826.0,22.4,Black Cotton,1249.2,1,2,1630.9,5.9,5,0,24.7,Low
P-01291,63,HDPE,2006,20,1896.3,8.0,Clay,998.6,3,2,873.3,4.0,4,0,14.2,Low
P-01292,90,PVC,2003,23,1238.5,51.9,Loam,1393.2,1,2,1487.3,8.0,1,1,46.0,Moderate
P-01293,90,HDPE,2014,12,1223.1,37.4,Loam,1601.6,5,0,1401.7,7.4,1,0,26.1,Moderate
P-01294,160,PVC,2012,14,733.5,19.8,Loam,929.0,0,2,771.7,2.5,5,0,7.9,Low
P-01295,32,HDPE,2012,14,1072.4,53.6,Clay,1438.6,1,3,736.6,3.8,2,1,31.7,Moderate
P-01296,90,PVC,1996,30,502.4,29.2,Clay,835.8,8,1,1328.7,0.9,6,0,57.3,High
P-01297,40,PVC,2005,21,1985.0,30.0,Rocky,1269.3,6,2,889.6,7.9,5,0,39.7,Moderate
P-01298,40,HDPE,2002,24,1297.9,29.6,Clay,1406.1,8,4,1259.2,6.7,3,1,62.6,High
P-01299,40,HDPE,2010,16,2235.0,28.8,Clay,1565.5,1,0,1079.2,10.3,1,0,15.2,Low
P-01300,75,PVC,2011,15,935.2,40.2,Clay,968.8,0,2,746.0,0.8,5,0,15.5,Low
P-01301,75,PVC,1995,31,2074.0,27.2,Clay,1281.5,5,1,1121.1,3.7,9,0,40.7,Moderate
P-01302,75,HDPE,2010,16,935.5,41.9,Loam,1151.5,5,2,1397.7,5.0,3,0,38.3,Moderate
P-01303,63,HDPE,2004,22,963.9,30.8,Rocky,1225.4,2,3,962.3,6.1,4,0,29.6,Moderate
P-01304,63,HDPE,2024,2,1391.9,13.6,Black Cotton,1347.8,0,1,640.9,0.1,0,0,4.3,Low
P-01305,25,Ductile Iron,2014,12,604.1,20.2,Sandy,1635.3,0,3,872.1,11.3,2,0,10.4,Low
P-01306,75,PVC,2007,19,1804.6,29.1,Loam,1040.7,2,1,842.8,3.6,3,0,19.9,Low
P-01307,110,PVC,2024,2,1271.1,37.6,Loam,1141.3,0,3,924.4,5.5,0,0,9.4,Low
P-01308,40,PVC,2020,6,969.5,68.8,Loam,1147.9,1,0,926.3,1.2,0,0,24.2,Low
P-01309,90,Ductile Iron,2005,21,1427.4,26.8,Loam,826.3,2,4,818.3,3.3,5,0,25.8,Moderate
P-01310,75,HDPE,2011,15,1102.2,47.2,Loam,1452.2,0,2,1435.1,8.4,0,0,26.2,Moderate
P-01311,25,Ductile Iron,2016,10,1424.6,8.0,Rocky,1600.0,0,1,902.4,7.3,0,0,5.1,Low
P-01312,32,HDPE,2006,20,1473.6,33.5,Rocky,1217.3,3,1,870.1,2.8,1,0,29.4,Moderate
P-01313,40,GI,2003,23,657.8,32.0,Black Cotton,839.7,2,1,834.1,1.8,4,0,37.1,Moderate
P-01314,50,PVC,2006,20,1361.1,42.6,Rocky,1618.4,2,2,970.0,1.7,3,0,32.2,Moderate
P-01315,32,HDPE,2009,17,205.0,43.7,Clay,995.2,2,3,903.8,2.6,3,1,31.3,Moderate
P-01316,32,PVC,2004,22,1914.8,38.7,Clay,1090.5,2,0,1015.3,1.9,4,0,25.9,Moderate
P-01317,110,HDPE,2019,7,1424.3,25.9,Rocky,1667.7,0,1,1004.8,1.6,2,0,6.1,Low
P-01318,50,PVC,2017,9,1070.7,19.6,Loam,1116.5,2,0,763.0,0.4,2,0,7.0,Low
P-01319,25,GI,2018,8,1557.4,34.7,Loam,1381.4,1,0,500.0,1.2,1,0,11.4,Low
P-01320,40,HDPE,2014,12,1271.1,21.5,Sandy,1028.8,2,0,1016.6,1.8,4,0,8.3,Low
P-01321,110,HDPE,2022,4,2085.3,44.1,Loam,1652.0,0,0,924.3,2.2,0,0,8.9,Low
P-01322,50,HDPE,2024,2,870.8,47.4,Sandy,1013.6,0,0,1309.1,4.0,1,0,8.4,Low
P-01323,32,Ductile Iron,2021,5,1904.4,35.9,Clay,837.7,1,1,1449.0,9.8,1,0,10.2,Low
P-01324,90,HDPE,2015,11,2214.1,39.9,Loam,936.4,1,2,673.0,6.4,3,0,16.5,Low
P-01325,40,Ductile Iron,1997,29,1760.2,57.4,Clay,824.8,1,2,1330.9,7.3,9,0,49.8,Moderate
P-01326,160,GI,1996,30,1833.7,39.8,Loam,1102.6,1,2,888.1,1.1,8,1,40.6,Moderate
P-01327,50,GI,2010,16,1307.3,41.8,Black Cotton,1552.2,1,0,811.4,1.4,3,1,27.6,Moderate
P-01328,40,Ductile Iron,1998,28,150.6,29.7,Sandy,1190.8,1,5,969.3,2.6,6,0,36.6,Moderate
P-01329,110,HDPE,2023,3,1568.3,35.3,Clay,1018.3,0,0,961.5,8.9,1,0,6.5,Low
P-01330,90,Ductile Iron,2016,10,1261.2,21.3,Rocky,1240.0,2,1,728.6,0.4,0,0,9.9,Low
P-01331,32,GI,2014,12,1028.1,43.9,Loam,1665.3,0,0,1261.2,6.2,3,0,16.1,Low
P-01332,160,Ductile Iron,2017,9,686.3,35.4,Clay,1110.0,2,0,1238.3,4.4,1,0,12.8,Low
P-01333,110,Ductile Iron,2003,23,1055.1,56.1,Clay,1417.8,3,4,1256.0,3.6,6,0,56.0,High
P-01334,40,Ductile Iron,2010,16,1521.1,31.8,Loam,1451.1,0,1,616.1,0.7,3,0,12.7,Low
P-01335,50,Ductile Iron,2001,25,1084.7,8.0,Sandy,1701.9,5,2,1005.2,1.8,5,1,23.9,Low
P-01336,160,PVC,2012,14,1024.0,53.2,Black Cotton,1696.5,4,2,1242.0,13.4,2,1,53.1,High
P-01337,160,PVC,2020,6,318.7,24.3,Sandy,1404.1,2,1,1047.7,2.7,3,0,7.2,Low
P-01338,25,GI,2014,12,1134.8,8.0,Sandy,992.4,3,0,1114.6,2.8,3,0,8.2,Low
P-01339,32,PVC,2020,6,234.2,47.2,Sandy,1389.7,1,0,998.4,2.7,2,0,12.0,Low
P-01340,40,PVC,2016,10,624.7,40.7,Clay,1232.0,1,3,1159.7,3.4,1,0,18.8,Low
P-01341,40,HDPE,2021,5,868.8,27.1,Loam,1230.8,0,1,939.2,9.4,2,0,6.1,Low
P-01342,63,HDPE,1997,29,1139.1,30.6,Black Cotton,1766.8,3,3,1205.6,0.9,7,0,48.0,Moderate
P-01343,25,PVC,2008,18,958.7,44.9,Black Cotton,1196.5,0,3,1261.5,6.8,2,1,36.4,Moderate
P-01344,63,PVC,2002,24,702.9,23.4,Clay,1722.5,4,0,942.8,2.7,6,1,23.5,Low
P-01345,63,GI,2000,26,2132.8,63.8,Loam,1106.0,3,2,799.3,5.0,2,1,71.9,High
P-01346,75,HDPE,2009,17,1553.4,17.0,Loam,862.8,3,2,1090.9,2.1,1,0,17.4,Low
P-01347,160,PVC,2018,8,807.6,15.4,Rocky,1549.3,0,1,1239.9,3.5,2,0,4.7,Low
P-01348,160,HDPE,2021,5,104.8,19.3,Loam,1423.6,0,1,1131.6,1.9,0,0,4.8,Low
P-01349,160,HDPE,2002,24,2345.4,25.4,Clay,1482.8,2,2,1101.3,1.0,5,0,23.6,Low
P-01350,75,PVC,2021,5,1006.6,45.2,Clay,826.4,0,0,529.1,0.8,1,0,9.2,Low
P-01351,75,PVC,1995,31,665.8,40.5,Sandy,850.4,2,3,1067.5,0.6,3,0,53.0,High
P-01352,110,Ductile Iron,2015,11,654.8,32.4,Loam,1391.8,1,0,1253.8,1.2,6,0,8.3,Low
P-01353,75,GI,2017,9,568.2,41.5,Loam,1016.8,0,1,1149.6,10.5,0,0,17.0,Low
P-01354,160,GI,2013,13,2365.5,62.8,Black Cotton,1797.7,2,2,1204.3,7.0,0,0,56.1,High
P-01355,110,HDPE,2017,9,672.6,27.0,Rocky,901.0,0,2,834.7,3.8,1,0,8.9,Low
P-01356,40,PVC,2001,25,1431.5,22.9,Black Cotton,1165.7,6,2,866.4,2.9,6,1,46.2,Moderate
P-01357,63,Ductile Iron,2022,4,1089.8,49.9,Clay,1245.9,1,0,635.6,1.5,1,0,11.8,Low
P-01358,50,PVC,2003,23,807.6,28.5,Clay,1213.1,4,4,1177.8,10.2,6,0,39.1,Moderate
P-01359,63,GI,2024,2,1784.8,15.0,Sandy,1645.7,0,0,702.0,2.3,1,0,3.4,Low
P-01360,40,PVC,2021,5,2479.6,28.0,Loam,1025.2,1,0,1227.0,3.1,0,0,6.8,Low
P-01361,50,HDPE,2005,21,1029.7,32.1,Clay,1465.4,5,2,1030.8,7.3,1,1,42.8,Moderate
P-01362,160,HDPE,2021,5,2246.3,20.8,Clay,1099.0,0,2,1125.6,2.3,2,0,5.1,Low
P-01363,160,HDPE,2013,13,1387.7,24.0,Loam,1326.5,1,0,1341.3,1.7,2,0,9.1,Low
P-01364,63,GI,2009,17,157.0,47.2,Sandy,856.9,4,2,1189.2,17.2,3,0,49.6,Moderate
P-01365,50,Ductile Iron,2017,9,423.2,24.5,Loam,909.9,0,1,711.2,2.5,1,0,7.2,Low
P-01366,160,HDPE,2011,15,233.0,51.6,Sandy,1680.8,1,1,1288.0,3.7,5,0,23.1,Low
P-01367,40,Ductile Iron,1995,31,1587.7,39.7,Loam,1144.0,5,1,983.5,5.8,7,0,55.3,High
P-01368,32,PVC,2003,23,2498.9,26.2,Sandy,924.6,2,3,1210.1,0.6,7,1,22.8,Low
P-01369,160,PVC,2014,12,1087.1,26.7,Loam,1560.7,1,2,1160.6,2.6,2,1,11.8,Low
P-01370,75,GI,2007,19,1012.5,20.0,Loam,1781.0,4,6,1099.7,9.6,2,0,41.3,Moderate
P-01371,32,PVC,2013,13,2354.7,32.0,Clay,1475.9,3,3,614.0,5.0,3,0,21.8,Low
P-01372,63,Ductile Iron,2007,19,2171.7,32.8,Loam,1503.5,2,3,991.7,4.1,3,1,27.0,Moderate
P-01373,110,PVC,2011,15,289.3,48.3,Sandy,1188.3,2,2,623.6,10.2,3,0,31.1,Moderate
P-01374,32,PVC,2016,10,1844.7,20.2,Sandy,1683.1,1,1,1011.7,3.9,2,0,7.6,Low
P-01375,90,PVC,2002,24,1297.8,33.7,Loam,1679.7,4,3,1288.6,0.5,4,0,41.5,Moderate
P-01376,32,PVC,2006,20,1013.8,31.1,Clay,1688.4,2,4,610.8,3.6,4,0,28.6,Moderate
P-01377,110,PVC,1995,31,951.5,26.0,Rocky,1118.2,4,2,699.5,2.3,8,1,39.4,Moderate
P-01378,63,HDPE,2020,6,158.0,13.0,Black Cotton,1694.3,1,1,735.3,3.9,0,0,7.1,Low
P-01379,160,PVC,2013,13,579.7,56.4,Clay,1349.4,2,1,1077.0,4.0,5,0,26.9,Moderate
P-01380,50,HDPE,2023,3,528.0,26.2,Rocky,1401.2,0,0,929.0,17.7,2,0,5.1,Low
P-01381,50,PVC,2021,5,149.9,56.9,Loam,1154.4,0,0,673.9,2.4,1,1,13.5,Low
P-01382,32,PVC,2007,19,1157.2,20.7,Rocky,901.7,1,1,1213.3,8.2,1,0,15.7,Low
P-01383,110,PVC,2022,4,1280.2,38.7,Sandy,982.3,0,0,870.4,7.6,1,1,7.7,Low
P-01384,25,Ductile Iron,2018,8,1219.0,60.3,Loam,1301.8,1,0,1376.7,0.4,2,1,19.4,Low
P-01385,160,PVC,2003,23,1363.1,15.1,Loam,833.7,2,2,1321.6,4.5,1,0,21.1,Low
P-01386,50,PVC,2007,19,1988.0,40.1,Clay,997.3,3,2,952.4,1.6,2,0,33.9,Moderate
P-01387,75,PVC,2008,18,1520.5,21.1,Black Cotton,1696.0,2,2,893.8,8.6,5,0,21.2,Low
P-01388,32,HDPE,2018,8,936.9,62.9,Black Cotton,1142.7,0,1,1366.5,7.3,1,1,29.6,Moderate
P-01389,50,GI,2008,18,2200.1,39.7,Loam,1282.2,1,5,1046.8,5.8,5,0,34.4,Moderate
P-01390,40,GI,2020,6,2358.6,22.6,Loam,1380.0,0,0,933.8,7.2,1,0,6.2,Low
P-01391,90,GI,2012,14,1922.7,28.3,Loam,1473.5,1,2,1491.3,8.0,6,0,14.7,Low
P-01392,110,PVC,2003,23,974.0,24.9,Loam,1539.7,2,1,1180.6,2.1,2,0,23.1,Low
P-01393,90,HDPE,2015,11,1893.0,34.8,Clay,1360.9,3,1,984.3,10.9,0,1,21.1,Low
P-01394,50,HDPE,1996,30,1049.7,31.4,Clay,1063.4,4,4,1009.4,8.2,4,1,56.8,High
P-01395,40,Ductile Iron,2013,13,132.9,31.1,Sandy,1504.9,1,1,747.3,1.3,1,0,13.4,Low
P-01396,160,PVC,2014,12,203.0,20.2,Loam,1118.1,1,1,1283.5,1.4,1,0,8.9,Low
P-01397,90,GI,2010,16,123.5,38.4,Loam,1705.8,3,0,1357.8,10.5,5,0,25.8,Moderate
P-01398,75,PVC,2010,16,467.1,31.4,Clay,831.8,1,1,1364.3,4.6,2,0,16.2,Low
P-01399,50,PVC,1997,29,1812.6,24.1,Black Cotton,1716.9,1,0,973.0,4.1,5,0,29.1,Moderate
P-01400,50,HDPE,2011,15,1093.7,31.5,Black Cotton,1427.4,1,0,1318.7,13.4,1,0,21.4,Low
P-01401,110,PVC,2014,12,1897.6,15.4,Loam,1210.8,1,1,594.6,10.2,2,0,8.2,Low
P-01402,63,PVC,2020,6,1540.6,10.8,Sandy,1087.2,0,0,1380.9,0.7,3,0,2.8,Low
P-01403,25,PVC,2003,23,432.0,23.1,Sandy,1451.5,1,1,1544.3,4.5,5,0,16.9,Low
P-01404,75,HDPE,1999,27,1188.9,32.7,Sandy,1217.1,4,2,951.1,2.4,7,0,39.3,Moderate
P-01405,25,GI,2013,13,2256.5,51.9,Loam,926.6,3,1,1115.1,0.7,1,1,35.7,Moderate
P-01406,32,Ductile Iron,2015,11,1869.3,55.2,Black Cotton,807.0,0,1,697.9,1.3,2,1,25.6,Moderate
P-01407,25,PVC,2010,16,1941.9,31.7,Rocky,846.4,4,0,1522.6,1.6,7,0,17.2,Low
P-01408,40,GI,2016,10,1287.3,33.2,Black Cotton,882.3,1,0,1179.2,6.4,1,0,17.9,Low
P-01409,63,PVC,2002,24,2457.1,19.8,Rocky,1760.7,1,3,1224.3,3.6,6,0,19.1,Low
P-01410,40,PVC,2002,24,982.7,22.7,Rocky,1440.6,2,1,983.0,3.0,4,0,21.3,Low
P-01411,50,PVC,2012,14,564.6,28.1,Loam,1479.0,0,2,1231.4,6.6,2,0,12.7,Low
P-01412,40,HDPE,2018,8,1821.9,32.7,Clay,1290.9,1,0,1196.2,5.5,1,0,9.5,Low
P-01413,160,PVC,2002,24,1739.2,28.1,Rocky,1736.5,3,1,931.4,12.4,4,0,31.0,Moderate
P-01414,90,GI,2013,13,1968.9,17.1,Sandy,853.4,1,2,1148.0,1.6,2,0,11.1,Low
P-01415,63,HDPE,2024,2,1187.2,25.8,Sandy,998.9,0,0,663.8,6.5,0,0,4.5,Low
P-01416,40,PVC,1996,30,1197.0,35.4,Clay,870.1,6,2,1410.0,3.3,5,1,59.3,High
P-01417,63,HDPE,2000,26,317.6,21.7,Black Cotton,848.0,3,2,1030.6,6.1,5,0,36.6,Moderate
P-01418,63,PVC,2021,5,327.0,28.5,Black Cotton,1616.8,3,0,1083.7,3.5,0,0,13.2,Low
P-01419,32,PVC,1997,29,831.0,40.4,Rocky,1167.8,4,4,1324.2,2.3,2,0,63.3,High
P-01420,110,PVC,2005,21,1846.2,20.4,Black Cotton,870.6,5,2,1233.4,13.3,3,1,40.6,Moderate
P-01421,75,HDPE,2002,24,910.5,15.1,Loam,951.7,2,2,500.0,4.0,8,0,15.8,Low
P-01422,90,PVC,2017,9,1511.8,11.2,Loam,1006.1,0,2,1121.1,7.6,2,0,5.3,Low
P-01423,50,GI,1995,31,317.8,24.5,Clay,1325.8,6,2,1270.6,2.4,3,0,59.3,High
P-01424,32,HDPE,2013,13,216.8,18.6,Rocky,994.9,1,0,973.5,9.8,1,0,9.1,Low
P-01425,50,HDPE,2024,2,2028.9,41.3,Rocky,1238.1,1,0,1424.6,8.5,0,0,9.1,Low
P-01426,40,PVC,2021,5,847.7,51.1,Black Cotton,1205.3,1,0,987.7,0.7,0,1,18.3,Low
P-01427,25,PVC,2003,23,1451.6,39.4,Loam,1366.6,5,2,1105.6,1.2,4,1,46.1,Moderate
P-01428,63,Ductile Iron,2008,18,307.4,40.5,Loam,1061.3,3,1,1359.7,11.5,3,1,31.6,Moderate
P-01429,25,PVC,2023,3,1393.3,39.8,Sandy,1655.0,0,1,1282.0,2.3,0,0,8.2,Low
P-01430,110,Ductile Iron,1997,29,2489.4,32.0,Rocky,1198.7,5,3,834.8,4.7,6,1,52.4,High
P-01431,75,PVC,2013,13,1453.1,32.7,Black Cotton,1745.7,0,2,1289.3,1.0,4,0,15.5,Low
P-01432,25,HDPE,2016,10,327.1,41.7,Loam,1741.6,0,0,1005.6,0.3,2,0,10.9,Low
P-01433,50,HDPE,2011,15,278.4,12.7,Rocky,927.6,1,1,862.5,3.5,4,0,7.5,Low
P-01434,160,PVC,2022,4,859.1,43.3,Clay,898.8,0,0,1224.8,4.7,1,1,8.5,Low
P-01435,40,PVC,2020,6,1128.6,28.7,Loam,1250.5,0,1,1226.4,6.5,0,0,7.5,Low
P-01436,25,Ductile Iron,2017,9,1195.3,43.3,Sandy,1752.1,2,1,836.3,11.0,1,0,19.6,Low
P-01437,40,PVC,2012,14,1875.2,11.4,Sandy,1210.6,2,1,765.0,11.9,4,0,8.9,Low
P-01438,75,PVC,2021,5,1390.3,27.5,Clay,1615.7,0,0,969.2,1.5,1,0,5.2,Low
P-01439,63,GI,2011,15,792.3,30.0,Loam,1064.9,2,1,1057.3,7.4,2,0,20.7,Low
P-01440,40,PVC,2007,19,1566.9,13.4,Loam,1421.3,2,5,703.6,2.9,1,0,21.2,Low
P-01441,32,HDPE,2000,26,1488.7,54.6,Rocky,1552.3,4,4,783.8,2.0,6,0,63.9,High
P-01442,25,PVC,2021,5,371.5,29.3,Sandy,1036.8,0,0,1030.6,2.9,0,0,6.0,Low
P-01443,160,Ductile Iron,2018,8,758.8,42.2,Rocky,870.7,0,0,1203.6,0.1,0,0,10.7,Low
P-01444,25,PVC,1998,28,627.6,43.5,Sandy,1239.0,2,3,918.0,12.9,7,0,48.7,Moderate
P-01445,50,HDPE,2000,26,438.6,36.2,Clay,1567.5,2,3,602.5,5.2,5,0,38.8,Moderate
P-01446,50,PVC,2018,8,2324.1,45.7,Clay,1355.1,2,0,1071.6,6.0,3,0,15.0,Low
P-01447,40,PVC,2010,16,1372.0,34.0,Loam,1577.7,1,3,1240.5,5.6,3,0,20.8,Low
P-01448,40,GI,2001,25,2194.7,42.0,Loam,1691.8,2,5,1137.5,3.5,2,1,57.1,High
P-01449,63,PVC,2017,9,1380.2,35.6,Black Cotton,1230.7,0,0,500.0,0.3,3,1,10.9,Low
P-01450,50,PVC,2014,12,2299.5,44.4,Clay,1375.2,2,3,1159.6,3.2,3,1,24.5,Low
P-01451,63,PVC,2007,19,1802.7,9.8,Loam,810.7,4,1,1525.7,10.9,4,0,16.0,Low
P-01452,63,GI,2007,19,2044.4,41.1,Rocky,1375.2,1,2,969.7,9.8,5,0,29.9,Moderate
P-01453,50,PVC,2012,14,442.2,44.3,Loam,1222.8,4,2,1326.1,0.2,4,1,29.8,Moderate
P-01454,75,PVC,2006,20,513.1,36.3,Clay,1298.3,1,3,1149.0,4.6,4,1,26.3,Moderate
P-01455,160,PVC,2004,22,2498.7,55.2,Loam,1035.6,2,3,959.9,6.2,5,1,48.1,Moderate
P-01456,50,HDPE,2000,26,2026.6,13.8,Clay,1753.6,3,1,1203.5,6.3,10,1,16.8,Low
P-01457,40,PVC,2015,11,1473.3,34.8,Rocky,1047.6,2,1,1062.2,3.7,3,1,14.3,Low
P-01458,63,PVC,2020,6,1332.7,30.5,Clay,1340.1,0,0,1081.4,0.4,1,0,6.1,Low
P-01459,25,PVC,2010,16,2110.0,36.8,Sandy,873.6,3,4,1615.4,13.0,0,1,38.8,Moderate
P-01460,50,PVC,2007,19,290.6,35.3,Sandy,1209.9,3,2,1479.0,1.6,2,1,30.2,Moderate
P-01461,25,PVC,2005,21,1811.4,33.0,Loam,831.8,2,0,998.7,3.0,6,0,19.4,Low
P-01462,90,Ductile Iron,2005,21,934.0,27.2,Loam,1609.2,2,2,1053.5,6.2,4,0,23.2,Low
P-01463,160,PVC,2021,5,111.0,55.1,Sandy,1479.7,0,0,1388.0,0.9,3,0,11.3,Low
P-01464,90,HDPE,1997,29,2374.2,31.0,Clay,1042.3,4,1,952.2,3.7,4,1,43.2,Moderate
P-01465,160,PVC,2024,2,354.8,31.9,Loam,1551.6,1,0,545.4,7.9,1,0,6.3,Low
P-01466,63,PVC,2000,26,309.8,25.9,Sandy,825.1,4,2,1100.9,3.3,6,0,33.8,Moderate
P-01467,160,GI,2013,13,2130.0,63.5,Sandy,812.4,2,0,1453.0,5.6,4,0,35.5,Moderate
P-01468,110,GI,2009,17,804.4,20.7,Loam,1393.0,2,1,582.4,7.4,5,0,15.4,Low
P-01469,63,PVC,1995,31,958.9,44.6,Loam,1349.1,0,3,1171.9,8.8,7,0,44.7,Moderate
P-01470,63,PVC,1999,27,929.3,30.4,Loam,1431.8,4,3,651.2,1.1,6,0,41.4,Moderate
P-01471,32,PVC,2011,15,1413.3,30.3,Rocky,1491.2,3,1,1146.9,5.0,1,0,20.9,Low
P-01472,25,PVC,2008,18,101.9,43.7,Loam,832.9,2,0,1404.5,2.6,2,0,26.1,Moderate
P-01473,160,HDPE,2010,16,791.3,45.6,Rocky,1356.8,4,1,593.1,3.4,3,0,33.5,Moderate
P-01474,25,HDPE,2013,13,1243.0,54.1,Black Cotton,949.9,3,1,953.7,7.8,3,0,40.7,Moderate
P-01475,160,Ductile Iron,2022,4,492.0,22.3,Sandy,1468.6,0,2,706.4,0.6,0,1,5.5,Low
P-01476,63,GI,2007,19,1754.6,27.4,Rocky,860.6,2,4,1243.7,3.4,2,0,30.9,Moderate
P-01477,25,PVC,2010,16,1067.3,45.6,Black Cotton,1449.2,1,1,1080.3,5.7,1,0,32.8,Moderate
P-01478,75,PVC,2022,4,368.7,22.9,Rocky,1321.3,0,0,994.6,8.2,1,0,4.6,Low
P-01479,90,GI,2001,25,1327.2,33.6,Loam,1236.5,3,1,1441.3,4.9,3,1,40.5,Moderate
P-01480,75,PVC,2004,22,377.9,24.5,Clay,1349.6,5,2,743.9,6.1,6,0,31.0,Moderate
P-01481,40,PVC,2020,6,312.3,18.8,Sandy,1164.7,1,0,921.8,3.6,2,0,4.8,Low
P-01482,32,PVC,2004,22,369.3,30.6,Black Cotton,1239.4,3,2,1531.3,3.4,5,1,36.0,Moderate
P-01483,32,PVC,2011,15,654.1,51.2,Rocky,1750.0,3,3,852.8,1.6,1,0,40.4,Moderate
P-01484,40,PVC,2012,14,1800.1,39.2,Sandy,1233.1,4,2,1009.0,2.4,4,1,26.9,Moderate
P-01485,63,HDPE,2023,3,1866.0,33.7,Sandy,861.9,0,0,941.5,3.5,1,0,5.7,Low
P-01486,40,PVC,2008,18,1895.5,54.0,Loam,1736.3,2,2,868.7,4.4,1,0,41.8,Moderate
P-01487,50,GI,2024,2,845.6,33.2,Clay,1276.1,0,0,1002.5,4.8,0,0,6.8,Low
P-01488,40,PVC,2012,14,124.3,28.7,Clay,1749.9,1,1,1348.3,10.2,0,0,15.7,Low
P-01489,25,PVC,2019,7,311.0,43.8,Clay,1618.5,1,2,1090.1,1.2,0,0,15.6,Low
P-01490,63,Ductile Iron,2006,20,1994.6,39.4,Clay,1431.0,3,1,1117.6,4.2,7,0,26.7,Moderate
P-01491,90,Ductile Iron,2018,8,1439.1,53.1,Sandy,1441.9,2,1,1161.4,9.5,2,0,22.6,Low
P-01492,110,PVC,2003,23,1237.5,45.8,Rocky,1073.6,6,2,1539.5,2.0,6,0,53.5,High
P-01493,160,PVC,2001,25,153.8,28.4,Black Cotton,1144.3,2,2,1056.4,5.1,5,1,35.7,Moderate
P-01494,75,GI,2014,12,2170.9,30.3,Loam,863.2,0,0,813.0,8.0,1,0,12.2,Low
P-01495,75,HDPE,1998,28,2424.2,26.0,Sandy,1674.2,5,2,1305.1,1.0,7,1,39.3,Moderate
P-01496,25,HDPE,2011,15,669.6,27.1,Sandy,1481.6,2,1,1272.5,7.9,0,1,18.0,Low
P-01497,50,HDPE,2018,8,2294.8,18.9,Loam,1731.6,2,2,1183.2,2.9,3,0,7.9,Low
P-01498,32,HDPE,2021,5,2248.1,53.0,Clay,1316.0,1,0,1351.9,1.2,1,0,13.8,Low
P-01499,110,PVC,2019,7,611.7,9.9,Loam,1170.2,2,0,718.0,5.7,3,0,4.5,Low
P-01500,50,PVC,2019,7,826.3,28.9,Loam,1285.8,2,1,1370.7,0.2,2,0,9.2,Low
P-01501,110,GI,1995,31,1106.9,12.2,Sandy,1508.9,6,3,754.1,1.0,3,0,51.4,High
P-01502,40,Ductile Iron,2008,18,734.2,38.8,Clay,1713.0,0,0,1044.4,2.9,5,1,14.8,Low
P-01503,40,PVC,2010,16,810.9,38.2,Sandy,1530.3,1,2,762.2,0.7,3,1,19.9,Low
P-01504,63,GI,2006,20,1693.3,20.1,Loam,1758.3,1,0,828.2,2.2,1,0,16.2,Low
P-01505,110,PVC,1996,30,127.0,31.5,Clay,1302.3,4,3,1708.5,7.8,6,1,50.5,High
P-01506,32,PVC,2006,20,1418.4,52.8,Clay,1334.4,1,1,750.5,1.3,1,0,35.8,Moderate
P-01507,110,Ductile Iron,1996,30,1178.5,47.8,Sandy,1451.4,4,6,999.1,1.8,5,0,72.1,High
P-01508,110,HDPE,2024,2,2024.3,50.0,Sandy,820.7,0,1,953.0,1.5,1,0,9.9,Low
P-01509,63,HDPE,2023,3,177.0,29.9,Clay,1695.5,0,0,1369.0,1.6,0,0,5.2,Low
P-01510,75,GI,2002,24,1174.1,40.6,Rocky,967.2,4,3,1265.7,5.3,5,0,52.7,High
P-01511,75,PVC,2006,20,2217.0,57.8,Clay,1499.2,1,1,577.4,6.3,6,1,34.7,Moderate
P-01512,40,GI,2020,6,856.8,42.9,Clay,1679.0,1,1,825.2,2.6,2,0,13.9,Low
P-01513,110,Ductile Iron,2011,15,160.1,46.4,Clay,1677.6,3,1,1033.8,0.8,4,0,26.7,Moderate
P-01514,160,PVC,2019,7,2452.9,32.6,Clay,1179.9,1,0,867.7,5.9,3,0,8.0,Low
P-01515,40,HDPE,2008,18,2341.2,50.1,Loam,858.7,1,2,1634.7,1.6,0,1,34.7,Moderate
P-01516,50,HDPE,1995,31,500.4,28.4,Clay,914.5,4,3,1182.3,11.9,10,1,45.2,Moderate
P-01517,40,GI,2010,16,2442.2,50.1,Rocky,1565.2,2,0,1004.6,0.4,4,0,28.5,Moderate
P-01518,160,GI,2008,18,1666.0,27.7,Clay,860.3,2,1,1008.2,11.6,3,0,23.2,Low
P-01519,90,HDPE,2014,12,1772.4,53.8,Clay,1737.6,1,3,1024.8,1.6,1,0,29.2,Moderate
P-01520,25,Ductile Iron,2013,13,336.1,15.1,Rocky,974.4,1,1,831.8,8.2,0,0,9.4,Low
P-01521,90,HDPE,2003,23,1924.1,47.3,Sandy,1779.4,4,2,1049.3,2.6,4,1,49.0,Moderate
P-01522,25,PVC,2009,17,2165.4,35.5,Loam,1640.8,3,1,930.8,2.3,4,0,22.8,Low
P-01523,25,Ductile Iron,1998,28,2012.2,28.7,Black Cotton,1166.5,4,3,1090.9,6.2,4,0,55.4,High
P-01524,90,Ductile Iron,2021,5,757.6,38.2,Rocky,1379.6,0,1,1239.4,4.1,2,0,8.2,Low
P-01525,32,PVC,2006,20,506.2,45.1,Sandy,1421.1,1,1,1041.1,1.2,8,0,21.9,Low
P-01526,63,HDPE,2000,26,271.8,25.0,Clay,959.3,3,2,1314.6,3.1,3,0,33.0,Moderate
P-01527,50,PVC,2016,10,1599.7,27.3,Clay,1530.3,1,1,994.3,4.0,2,0,9.6,Low
P-01528,110,PVC,2008,18,636.1,32.1,Rocky,1783.1,2,0,1130.2,4.9,2,0,19.6,Low
P-01529,25,PVC,1999,27,528.6,43.8,Rocky,946.5,1,2,1077.8,1.5,6,1,36.8,Moderate
P-01530,75,PVC,2018,8,158.1,37.9,Loam,1437.3,0,0,1298.5,0.7,2,0,8.5,Low
P-01531,50,PVC,2020,6,1097.7,18.0,Loam,1244.8,3,0,1364.8,0.5,0,0,7.1,Low
P-01532,160,PVC,2022,4,1338.9,43.4,Sandy,1144.2,1,0,1256.0,0.0,1,1,9.4,Low
P-01533,40,PVC,2000,26,1467.3,16.3,Rocky,1355.5,3,0,1110.1,0.3,7,0,17.4,Low
P-01534,75,HDPE,2011,15,2168.0,42.8,Clay,1065.0,1,1,936.2,10.2,1,0,23.6,Low
P-01535,32,HDPE,2007,19,1610.8,45.8,Loam,1227.5,2,0,1071.3,0.7,7,0,22.8,Low
P-01536,63,HDPE,2003,23,688.9,16.2,Clay,1569.0,2,4,933.3,3.5,10,1,17.1,Low
P-01537,40,PVC,1997,29,2136.0,29.6,Clay,822.1,5,4,772.1,6.0,7,1,52.5,High
P-01538,110,PVC,2019,7,1444.8,33.0,Black Cotton,1195.3,2,1,652.0,11.4,1,0,17.2,Low
P-01539,40,PVC,2016,10,1769.6,42.0,Sandy,1294.3,2,0,967.2,1.5,1,0,16.0,Low
P-01540,40,HDPE,2024,2,1325.6,46.3,Black Cotton,1729.4,0,0,1110.5,1.6,0,1,11.4,Low
P-01541,110,PVC,1997,29,2330.1,25.5,Sandy,869.2,5,2,1443.9,1.5,5,0,43.8,Moderate
P-01542,160,Ductile Iron,2004,22,392.9,23.6,Black Cotton,854.6,2,1,841.6,2.8,7,0,22.1,Low
P-01543,110,GI,2001,25,1931.9,24.8,Sandy,1635.9,6,5,851.0,3.9,4,1,57.2,High
P-01544,40,GI,2016,10,1985.1,35.4,Rocky,1179.2,1,4,684.6,9.2,0,0,23.6,Low
P-01545,160,PVC,2011,15,1199.7,40.0,Sandy,1722.3,1,1,1197.6,1.3,2,0,18.8,Low
P-01546,75,GI,2012,14,586.1,40.4,Sandy,1661.4,0,4,933.9,2.7,4,1,22.9,Low
P-01547,40,HDPE,2013,13,1954.8,38.4,Loam,1255.9,0,1,1374.7,2.0,4,1,12.3,Low
P-01548,110,PVC,2014,12,114.5,17.6,Clay,1105.5,2,0,734.3,5.4,1,1,9.1,Low
P-01549,32,GI,1999,27,1475.0,60.1,Loam,1186.0,3,3,846.1,2.7,6,1,67.7,High
P-01550,63,PVC,2000,26,1784.3,29.0,Loam,1046.2,3,1,901.4,0.9,6,0,28.7,Moderate
P-01551,50,PVC,1996,30,1277.0,39.2,Rocky,1719.4,4,1,1055.0,2.9,7,0,47.4,Moderate
P-01552,25,PVC,2022,4,88.9,25.8,Loam,1745.8,0,1,1633.9,1.8,1,0,5.2,Low
P-01553,110,PVC,2014,12,2112.9,28.3,Black Cotton,940.0,0,2,1005.4,1.8,3,1,13.6,Low
P-01554,63,PVC,2015,11,706.0,38.8,Sandy,1268.1,1,0,1067.2,7.1,2,1,13.6,Low
P-01555,63,GI,2020,6,242.5,29.5,Clay,1218.3,1,0,904.7,7.4,0,0,9.7,Low
P-01556,75,GI,2007,19,923.5,53.2,Loam,1543.0,3,3,842.9,8.5,4,1,52.6,High
P-01557,110,PVC,1997,29,144.7,29.8,Clay,1357.2,0,5,1285.8,0.4,9,0,29.6,Moderate
P-01558,110,PVC,1997,29,1069.3,31.1,Black Cotton,1708.7,4,3,1205.4,3.0,7,1,53.7,High
P-01559,75,GI,2010,16,1441.2,16.7,Rocky,1067.2,3,2,909.1,10.5,2,0,20.1,Low
P-01560,50,GI,2011,15,1734.6,35.1,Sandy,1057.8,0,1,1207.5,3.1,2,0,17.0,Low
P-01561,110,GI,1999,27,2408.5,41.5,Loam,1106.0,3,1,967.1,9.5,5,1,49.7,Moderate
P-01562,25,PVC,1996,30,2411.3,33.7,Clay,1386.6,3,2,972.7,16.0,6,1,47.7,Moderate
P-01563,32,PVC,2019,7,1161.4,35.1,Black Cotton,1408.7,0,0,1137.8,5.6,2,0,10.6,Low
P-01564,110,PVC,2012,14,1020.6,20.0,Loam,1061.3,1,4,1194.8,6.9,3,0,13.8,Low
P-01565,110,PVC,2009,17,986.4,40.6,Clay,842.7,1,1,1022.8,4.1,3,0,21.2,Low
P-01566,63,GI,2012,14,248.8,33.0,Clay,1463.2,0,5,825.2,6.8,6,1,19.7,Low
P-01567,25,PVC,2019,7,2061.0,8.0,Rocky,1239.4,3,0,996.1,2.0,0,0,5.6,Low
P-01568,32,PVC,2016,10,2455.7,8.0,Black Cotton,1760.7,1,0,1251.7,0.8,0,0,6.7,Low
P-01569,75,Ductile Iron,1996,30,1290.3,32.4,Clay,1195.2,4,2,983.1,16.3,8,1,48.2,Moderate
P-01570,50,PVC,2006,20,260.4,29.8,Clay,1420.7,1,3,877.3,5.0,5,1,21.2,Low
P-01571,90,GI,2011,15,1282.1,12.8,Clay,1786.4,2,1,934.6,0.4,7,0,8.7,Low
P-01572,75,PVC,2021,5,1134.4,29.0,Sandy,1063.0,0,0,708.1,4.2,1,0,5.7,Low
P-01573,40,HDPE,2023,3,2111.2,34.0,Black Cotton,1357.8,0,0,1306.4,4.3,1,0,8.1,Low
P-01574,75,PVC,2005,21,219.1,24.1,Loam,1217.4,4,2,1218.2,4.5,2,0,29.8,Moderate
P-01575,90,HDPE,2014,12,1773.3,54.5,Loam,1767.9,0,2,1569.6,4.1,1,0,24.4,Low
P-01576,63,PVC,2009,17,205.8,39.1,Sandy,1627.5,3,2,986.4,2.3,5,0,26.4,Moderate
P-01577,25,GI,2005,21,2491.2,39.7,Sandy,1033.0,2,2,989.2,7.9,4,1,36.9,Moderate
P-01578,110,GI,2009,17,349.8,15.8,Clay,1251.1,3,2,1190.4,4.8,1,1,20.5,Low
P-01579,63,PVC,2017,9,881.8,47.2,Loam,815.7,1,1,839.6,5.5,2,1,16.8,Low
P-01580,75,Ductile Iron,1996,30,883.4,45.9,Loam,1763.8,2,3,1258.4,0.8,8,1,48.4,Moderate
P-01581,32,Ductile Iron,2013,13,1533.3,8.1,Black Cotton,868.1,2,2,1177.6,9.0,2,0,12.4,Low
P-01582,40,PVC,2016,10,107.3,28.3,Rocky,982.3,2,0,1297.5,2.2,1,1,10.7,Low
P-01583,90,GI,2011,15,2170.6,45.2,Loam,903.1,3,1,1113.1,6.0,6,0,29.1,Moderate
P-01584,25,Ductile Iron,2009,17,1834.9,8.0,Clay,1053.1,3,3,938.4,5.5,3,0,14.0,Low
P-01585,90,HDPE,2008,18,2246.0,32.5,Black Cotton,1750.7,4,1,1159.9,2.3,4,0,32.8,Moderate
P-01586,32,PVC,2000,26,81.2,33.8,Sandy,1291.5,2,1,636.3,3.0,6,0,29.1,Moderate
P-01587,160,PVC,2009,17,233.2,26.7,Sandy,1173.4,3,3,783.7,8.5,2,0,25.9,Moderate
P-01588,90,Ductile Iron,1996,30,2094.0,45.0,Clay,1170.6,2,3,710.8,2.0,6,1,51.1,High
P-01589,63,HDPE,2013,13,1982.2,14.3,Clay,1521.4,0,4,870.5,4.7,4,0,8.5,Low
P-01590,75,Ductile Iron,1997,29,290.6,39.7,Loam,1421.2,1,2,511.4,6.7,2,0,44.6,Moderate
P-01591,40,Ductile Iron,2006,20,1247.3,41.6,Clay,1516.3,0,3,1347.2,2.0,6,0,23.4,Low
P-01592,32,GI,2019,7,1369.7,23.4,Clay,1544.6,2,0,717.6,4.0,0,0,9.7,Low
P-01593,160,Ductile Iron,2017,9,1693.2,49.0,Loam,1252.8,1,1,1132.4,5.3,1,0,18.5,Low
P-01594,63,PVC,2017,9,1458.3,34.4,Loam,1077.2,2,1,775.7,1.2,2,0,12.6,Low
P-01595,160,PVC,2016,10,1545.5,18.9,Loam,864.4,0,1,1426.1,9.0,3,0,6.3,Low
P-01596,25,PVC,2022,4,571.3,39.6,Sandy,1199.1,0,1,1077.2,3.5,0,0,8.9,Low
P-01597,110,PVC,2013,13,1507.6,21.7,Loam,1137.4,0,1,956.1,0.6,3,0,7.5,Low
P-01598,90,HDPE,2015,11,954.3,46.1,Sandy,1438.5,2,1,1158.1,2.4,4,0,18.6,Low
P-01599,50,PVC,2007,19,772.1,32.7,Clay,1316.7,1,2,1052.7,0.9,6,0,17.7,Low
P-01600,25,GI,2011,15,895.9,40.0,Rocky,1304.0,5,1,1316.5,3.7,3,0,36.1,Moderate
P-01601,63,HDPE,2013,13,537.9,40.2,Black Cotton,1285.1,3,1,729.3,4.5,2,0,29.9,Moderate
P-01602,90,GI,2019,7,921.8,42.5,Loam,1493.6,2,2,529.8,3.3,2,0,19.2,Low
P-01603,25,PVC,2011,15,382.6,30.9,Loam,1679.6,3,1,1124.0,8.0,1,0,22.0,Low
P-01604,40,HDPE,2001,25,1566.6,51.1,Clay,1487.2,3,1,1298.9,0.3,1,1,52.0,High
P-01605,90,PVC,2011,15,2067.8,39.2,Rocky,897.9,1,0,715.2,8.2,3,1,17.1,Low
P-01606,50,PVC,2012,14,1910.4,53.1,Sandy,1311.4,1,0,1002.4,4.0,2,0,23.7,Low
P-01607,50,GI,2020,6,257.2,36.6,Loam,1668.7,0,3,732.6,1.3,0,0,13.5,Low
P-01608,50,GI,2004,22,296.3,32.9,Sandy,868.6,2,5,1273.3,0.2,7,0,35.3,Moderate
P-01609,50,Ductile Iron,2024,2,1519.7,45.4,Clay,1228.8,0,0,1255.0,0.1,1,0,7.5,Low
P-01610,110,PVC,2017,9,86.3,31.8,Loam,1524.6,2,0,628.9,10.3,6,0,9.5,Low
P-01611,110,Ductile Iron,2016,10,1479.7,12.3,Rocky,1425.6,1,1,1141.1,4.1,0,0,6.6,Low
P-01612,90,Ductile Iron,2018,8,1276.4,11.4,Rocky,826.4,0,0,1169.2,1.5,1,0,3.8,Low
P-01613,32,Ductile Iron,2006,20,98.8,46.3,Loam,956.2,3,4,1244.8,7.8,3,0,48.0,Moderate
P-01614,40,HDPE,2002,24,445.9,48.1,Sandy,1327.4,6,1,1103.9,1.2,0,0,62.5,High
P-01615,63,PVC,2005,21,339.7,36.6,Clay,939.3,6,2,1208.0,1.9,3,0,46.1,Moderate
P-01616,63,Ductile Iron,2005,21,1980.8,30.9,Clay,1427.2,0,0,1317.7,3.8,5,0,14.3,Low
P-01617,75,GI,2001,25,310.3,23.6,Loam,1460.0,1,3,1208.2,1.6,5,0,26.8,Moderate
P-01618,90,Ductile Iron,1995,31,1475.3,21.2,Sandy,1304.0,3,1,854.5,11.3,6,1,34.2,Moderate
P-01619,40,GI,1999,27,1613.1,40.5,Sandy,843.0,5,5,1561.3,11.4,9,0,65.1,High
P-01620,110,PVC,2016,10,1846.5,45.6,Loam,1195.3,1,1,953.7,3.2,2,0,16.6,Low
P-01621,90,PVC,2024,2,1943.4,28.6,Sandy,1307.3,0,1,871.7,2.9,2,0,4.8,Low
P-01622,160,PVC,2016,10,1758.4,39.3,Rocky,1488.4,0,3,897.7,1.9,3,0,13.8,Low
P-01623,50,HDPE,2022,4,759.1,32.5,Loam,927.1,0,3,821.9,2.5,0,0,8.8,Low
P-01624,50,HDPE,1996,30,132.1,35.4,Loam,1329.9,2,6,995.3,5.7,5,0,55.4,High
P-01625,25,HDPE,2008,18,507.0,25.1,Clay,1610.3,2,1,1290.1,0.8,6,0,13.8,Low
P-01626,25,GI,2022,4,1566.9,10.7,Black Cotton,1563.8,0,0,1332.4,7.8,0,0,5.4,Low
P-01627,25,HDPE,2007,19,1081.1,8.0,Sandy,1451.9,2,4,989.7,4.0,2,0,15.8,Low
P-01628,40,PVC,2002,24,1035.6,36.8,Sandy,1312.8,3,2,1199.2,4.2,4,0,38.1,Moderate
P-01629,75,GI,2017,9,1489.8,17.2,Loam,1229.6,0,0,1035.9,1.5,4,0,5.0,Low
P-01630,75,PVC,2012,14,755.7,13.4,Rocky,892.1,2,1,984.3,8.6,3,0,9.6,Low
P-01631,50,GI,2018,8,1919.4,42.2,Rocky,1781.5,0,0,811.2,1.4,1,0,12.3,Low
P-01632,110,HDPE,2015,11,1775.5,23.8,Rocky,1143.9,0,0,826.5,10.3,1,1,8.0,Low
P-01633,50,Ductile Iron,2014,12,2354.1,69.6,Rocky,888.8,0,3,1462.4,0.7,1,0,37.2,Moderate
P-01634,32,GI,2024,2,1435.1,18.6,Sandy,852.4,0,1,1003.2,0.3,1,0,4.2,Low
P-01635,90,HDPE,1996,30,1397.9,39.3,Clay,1204.6,1,2,670.7,3.0,7,0,37.5,Moderate
P-01636,25,Ductile Iron,2001,25,541.0,38.8,Rocky,1017.0,2,3,1416.8,2.8,2,0,42.7,Moderate
P-01637,25,GI,2020,6,2254.8,52.4,Loam,1191.5,0,0,1193.5,6.1,2,0,14.9,Low
P-01638,75,PVC,1999,27,420.0,60.2,Rocky,1561.2,3,3,1419.1,2.2,4,1,65.8,High
P-01639,25,PVC,2012,14,749.7,40.0,Clay,1691.8,1,0,949.2,6.0,3,0,16.0,Low
P-01640,25,PVC,2017,9,2390.9,36.5,Rocky,1516.0,3,0,780.6,3.7,1,0,15.3,Low
P-01641,25,Ductile Iron,2008,18,668.3,33.1,Sandy,835.8,2,1,1202.2,5.9,3,0,21.6,Low
P-01642,25,GI,2005,21,1711.1,28.6,Loam,1134.6,3,1,1485.9,4.0,1,1,32.0,Moderate
P-01643,40,PVC,2016,10,391.7,42.1,Black Cotton,935.4,1,2,864.4,10.1,0,1,26.2,Moderate
P-01644,110,PVC,2001,25,2444.8,33.8,Loam,1399.3,5,3,861.0,7.3,5,0,49.0,Moderate
P-01645,110,PVC,2005,21,1222.0,21.6,Rocky,883.0,2,0,1161.3,0.9,9,0,11.6,Low
P-01646,32,PVC,2022,4,2308.3,22.5,Clay,901.8,0,0,1224.3,10.6,1,1,4.7,Low
P-01647,63,GI,2009,17,537.5,29.0,Sandy,1688.1,1,3,1153.7,7.1,3,1,22.9,Low
P-01648,75,PVC,2018,8,2460.5,34.5,Clay,1462.4,0,0,899.7,6.0,4,0,7.3,Low
P-01649,32,PVC,2007,19,931.5,40.3,Black Cotton,1544.8,2,0,864.5,4.3,7,0,26.7,Moderate
P-01650,50,GI,2012,14,1195.2,28.9,Clay,1064.4,1,2,1349.6,4.8,3,0,16.7,Low
P-01651,75,PVC,2015,11,2039.2,48.7,Loam,1411.7,3,2,965.2,6.2,1,0,30.2,Moderate
P-01652,160,GI,2020,6,195.3,36.1,Clay,1333.2,3,2,1188.6,8.9,1,0,19.6,Low
P-01653,50,GI,2021,5,911.0,38.1,Sandy,1350.5,0,0,1438.7,3.8,0,0,9.7,Low
P-01654,75,GI,2010,16,1337.6,45.8,Rocky,1746.9,3,1,947.4,5.2,6,0,30.8,Moderate
P-01655,50,GI,2013,13,546.5,32.3,Black Cotton,1201.4,3,0,1112.7,1.5,0,0,27.3,Moderate
P-01656,75,PVC,2024,2,583.5,61.4,Loam,1223.2,0,0,1102.5,2.3,0,0,13.4,Low
P-01657,90,GI,2016,10,1972.3,44.2,Black Cotton,923.5,1,0,722.1,4.8,2,0,22.8,Low
P-01658,50,Ductile Iron,2004,22,634.1,34.1,Loam,801.1,1,1,1491.9,3.6,7,0,19.6,Low
P-01659,25,PVC,2017,9,265.1,29.8,Sandy,1439.9,0,2,1195.6,0.6,5,0,7.5,Low
P-01660,50,GI,2018,8,1388.1,41.8,Clay,1305.7,0,0,1141.8,1.8,1,0,12.2,Low
P-01661,90,Ductile Iron,2003,23,1952.2,33.4,Clay,1772.4,4,4,1800.0,15.1,5,1,46.5,Moderate
P-01662,63,PVC,2007,19,945.0,58.1,Sandy,1790.9,2,3,1063.7,1.6,2,1,47.8,Moderate
P-01663,160,PVC,2019,7,346.3,24.2,Clay,1158.3,2,0,725.9,1.4,0,0,8.0,Low
P-01664,110,PVC,2009,17,1993.7,35.3,Sandy,939.8,2,2,711.6,15.3,3,0,26.5,Moderate
P-01665,25,Ductile Iron,1998,28,940.7,37.9,Sandy,1727.3,1,5,1273.7,13.5,4,0,50.5,High
P-01666,25,PVC,1999,27,1841.9,31.2,Rocky,1276.6,4,4,912.5,8.3,4,1,51.1,High
P-01667,40,PVC,2000,26,166.3,8.0,Loam,821.6,4,3,884.6,4.0,5,0,25.0,Low
P-01668,40,HDPE,2024,2,1803.8,34.9,Sandy,840.2,0,0,930.7,4.9,0,0,6.0,Low
P-01669,110,Ductile Iron,1998,28,1780.4,39.7,Rocky,932.1,3,7,745.2,4.2,5,0,62.4,High
P-01670,160,HDPE,2020,6,959.2,27.1,Clay,893.9,0,1,1169.2,9.9,1,0,7.0,Low
P-01671,160,PVC,2009,17,1571.5,24.5,Rocky,1583.2,1,2,959.8,1.7,1,1,15.9,Low
P-01672,90,GI,2021,5,969.7,38.8,Sandy,934.7,1,0,978.0,3.2,0,0,11.5,Low
P-01673,40,PVC,1998,28,1578.9,35.4,Loam,1722.4,2,3,500.0,5.4,5,0,41.9,Moderate
P-01674,50,Ductile Iron,2008,18,60.1,42.9,Rocky,1521.9,5,0,1341.4,2.8,2,1,37.2,Moderate
P-01675,63,HDPE,2020,6,1339.4,23.0,Loam,1070.4,1,1,1031.2,0.6,2,0,6.0,Low
P-01676,32,HDPE,2009,17,2232.7,29.7,Rocky,921.7,3,1,1339.7,13.6,5,0,21.2,Low
P-01677,40,Ductile Iron,2004,22,1357.0,35.5,Black Cotton,1305.0,3,6,769.4,3.8,7,0,50.0,Moderate
P-01678,25,GI,1999,27,2374.0,51.6,Loam,936.5,3,1,1276.6,1.5,5,0,55.6,High
P-01679,32,HDPE,2000,26,1347.9,44.5,Sandy,1274.9,3,3,1235.2,3.1,2,0,54.1,High
P-01680,25,PVC,2019,7,1380.9,40.8,Black Cotton,1122.5,3,2,880.7,4.1,3,0,22.8,Low
P-01681,50,PVC,2012,14,1400.5,32.6,Loam,1280.9,5,1,1570.5,6.9,1,1,28.2,Moderate
P-01682,32,GI,2010,16,1836.1,23.8,Black Cotton,1661.7,1,1,1043.6,0.8,1,0,20.5,Low
P-01683,160,PVC,2001,25,758.0,49.4,Sandy,1190.0,1,5,1133.5,3.2,4,0,51.0,High
P-01684,25,PVC,2006,20,1626.7,24.0,Sandy,1348.7,3,0,1579.1,1.0,4,0,17.6,Low
P-01685,50,PVC,2001,25,227.2,18.3,Loam,1258.4,5,3,578.3,9.6,5,0,36.5,Moderate
P-01686,50,PVC,2003,23,2472.5,14.4,Sandy,828.8,3,2,1009.7,0.7,3,0,20.8,Low
P-01687,40,PVC,2001,25,2081.2,27.8,Clay,887.1,9,2,892.8,2.3,2,0,60.9,High
P-01688,25,Ductile Iron,2016,10,954.3,31.3,Clay,1679.7,2,1,684.8,8.2,5,0,11.5,Low
P-01689,90,PVC,2014,12,1885.8,39.8,Clay,1613.9,1,1,1172.7,2.2,2,0,15.6,Low
P-01690,110,HDPE,2011,15,2252.5,52.3,Rocky,1029.9,0,2,601.0,0.9,3,0,24.1,Low
P-01691,160,PVC,2000,26,1696.9,16.1,Sandy,972.2,6,1,550.4,8.3,5,0,34.3,Moderate
P-01692,25,Ductile Iron,2008,18,1460.3,33.4,Loam,1360.3,1,3,1276.7,1.0,2,1,22.8,Low
P-01693,90,HDPE,2009,17,243.4,44.2,Sandy,1052.7,2,1,682.6,11.9,1,0,31.6,Moderate
P-01694,32,PVC,1998,28,92.0,8.0,Sandy,1428.1,5,1,1235.6,1.3,3,0,27.9,Moderate
P-01695,90,GI,2017,9,1807.8,37.7,Clay,1496.4,2,0,851.0,3.4,0,0,16.9,Low
P-01696,40,GI,1999,27,1363.8,15.8,Rocky,1010.6,3,5,1439.0,6.3,5,1,39.2,Moderate
P-01697,160,PVC,2019,7,69.3,35.6,Black Cotton,1495.8,0,1,1217.3,5.3,1,0,12.7,Low
P-01698,40,HDPE,1997,29,1222.4,41.9,Clay,1462.2,7,7,902.2,1.6,7,1,77.1,Very High
P-01699,40,GI,2018,8,898.3,34.8,Clay,1688.2,1,0,1241.7,3.8,3,0,10.7,Low
P-01700,32,PVC,2004,22,955.9,29.0,Rocky,1388.3,4,5,1112.5,3.5,7,0,37.0,Moderate
P-01701,110,PVC,2002,24,1895.9,42.3,Loam,1679.5,4,4,1382.4,9.1,4,0,55.4,High
P-01702,160,GI,2012,14,1956.2,34.4,Black Cotton,1334.7,1,0,1083.5,1.4,5,0,18.3,Low
P-01703,50,Ductile Iron,2019,7,1690.7,29.7,Sandy,1620.0,2,0,875.4,4.8,2,0,8.9,Low
P-01704,160,GI,2012,14,2040.9,42.6,Sandy,1734.9,1,2,1320.5,2.8,3,0,23.9,Low
P-01705,110,PVC,2011,15,1228.5,36.5,Black Cotton,924.5,1,1,933.9,13.6,1,0,27.0,Moderate
P-01706,160,GI,1997,29,1384.1,18.6,Clay,1502.0,2,2,952.4,16.7,4,0,36.8,Moderate
P-01707,90,PVC,1998,28,563.1,28.4,Rocky,1154.0,2,4,1050.2,3.3,6,1,37.0,Moderate
P-01708,75,PVC,2011,15,1469.1,49.5,Rocky,1547.6,2,1,1232.9,2.6,5,1,24.7,Low
P-01709,32,Ductile Iron,1998,28,220.0,44.8,Loam,914.9,3,3,1116.2,10.2,5,1,56.3,High
P-01710,75,PVC,1995,31,1523.1,38.4,Clay,916.6,6,6,1150.8,3.1,5,0,74.5,High
P-01711,110,HDPE,1995,31,1309.3,24.3,Loam,1228.8,2,2,500.0,3.6,7,0,31.6,Moderate
P-01712,110,HDPE,2003,23,2014.5,15.4,Black Cotton,1259.5,1,2,1278.6,3.0,6,0,18.8,Low
P-01713,75,PVC,2021,5,2453.9,39.2,Loam,1525.6,1,1,1288.8,2.5,1,0,10.3,Low
P-01714,40,HDPE,2000,26,838.9,23.9,Clay,1241.2,4,3,1558.7,3.8,1,1,42.3,Moderate
P-01715,90,GI,2016,10,879.6,33.1,Clay,1711.2,2,0,699.2,12.1,1,0,16.7,Low
P-01716,90,PVC,2015,11,2217.5,11.3,Sandy,1391.9,0,2,872.6,2.5,3,0,5.4,Low
P-01717,75,PVC,2014,12,1681.0,39.0,Sandy,997.5,2,3,922.4,1.0,1,0,22.6,Low
P-01718,32,GI,2005,21,855.3,31.3,Clay,1719.1,3,0,1479.4,5.3,6,0,25.6,Moderate
P-01719,75,PVC,2000,26,279.0,19.4,Rocky,1014.7,8,4,1056.4,0.6,1,1,58.4,High
P-01720,63,HDPE,2019,7,886.8,51.9,Clay,1623.1,2,0,798.4,10.3,2,0,18.8,Low
P-01721,75,PVC,2013,13,1841.7,34.9,Rocky,1415.0,3,1,1068.9,3.3,3,0,18.8,Low
P-01722,160,Ductile Iron,2013,13,69.6,43.6,Sandy,1262.5,0,2,1129.5,9.7,4,0,17.7,Low
P-01723,160,Ductile Iron,2000,26,993.4,66.2,Sandy,963.8,4,5,1067.4,10.0,6,0,77.3,Very High
P-01724,110,PVC,2012,14,639.5,34.2,Loam,1388.9,1,0,833.5,0.8,6,0,10.7,Low
P-01725,40,PVC,2013,13,642.4,48.4,Loam,1429.3,3,1,1068.2,4.3,1,1,29.8,Moderate
P-01726,25,PVC,2011,15,1115.5,19.0,Sandy,940.4,1,1,1259.9,5.7,3,0,10.0,Low
P-01727,40,GI,2016,10,2229.1,32.4,Rocky,1099.3,2,0,1537.5,4.3,3,1,13.3,Low
P-01728,25,PVC,2022,4,805.5,32.1,Loam,1750.9,0,1,1419.2,3.6,0,0,7.0,Low
P-01729,90,PVC,2007,19,938.4,35.7,Loam,881.4,0,1,1644.6,9.9,3,0,19.4,Low
P-01730,32,GI,2009,17,2224.0,25.4,Clay,1488.2,3,2,1226.7,7.8,3,0,25.0,Low
P-01731,160,PVC,2009,17,731.1,37.1,Loam,1146.3,3,1,1145.3,6.2,5,1,23.8,Low
P-01732,63,HDPE,2007,19,293.1,34.0,Sandy,1057.9,3,2,753.7,13.3,2,0,33.1,Moderate
P-01733,110,PVC,2013,13,933.3,34.4,Loam,1144.0,2,4,1042.6,5.1,2,0,23.4,Low
P-01734,40,GI,1999,27,809.7,16.5,Black Cotton,999.3,4,1,1127.0,6.5,5,1,40.2,Moderate
P-01735,25,GI,2014,12,1622.7,15.7,Sandy,1501.8,3,3,1234.0,1.1,0,0,16.7,Low
P-01736,90,Ductile Iron,2017,9,1144.2,14.0,Clay,1595.3,4,1,845.0,13.3,4,0,9.8,Low
P-01737,40,PVC,1997,29,721.9,33.7,Clay,1178.5,3,4,988.6,4.5,3,1,52.6,High
P-01738,40,PVC,2008,18,2499.4,8.0,Loam,880.4,5,2,685.1,6.9,8,0,14.3,Low
P-01739,75,PVC,2015,11,389.9,45.7,Loam,1449.5,1,1,938.1,5.7,3,0,17.4,Low
P-01740,25,PVC,2010,16,2471.2,52.6,Loam,1751.1,3,2,973.7,1.6,2,1,38.8,Moderate
P-01741,32,PVC,2016,10,2171.3,35.5,Rocky,1185.9,1,1,1192.1,1.2,2,0,11.9,Low
P-01742,50,GI,1995,31,913.5,13.1,Clay,1792.2,6,2,1092.3,3.2,6,0,45.3,Moderate
P-01743,40,Ductile Iron,2020,6,675.6,38.0,Loam,1580.8,3,1,829.8,5.7,1,0,15.1,Low
P-01744,110,PVC,1995,31,537.3,28.3,Black Cotton,1064.7,6,6,1047.1,0.5,7,1,71.4,High
P-01745,25,PVC,2004,22,1206.6,18.5,Clay,907.2,2,3,1045.0,2.1,7,1,17.7,Low
P-01746,110,PVC,1995,31,1642.2,39.0,Loam,1022.1,1,3,1237.3,0.7,2,0,48.7,Moderate
P-01747,160,Ductile Iron,2024,2,404.8,41.6,Clay,1080.4,0,0,1390.6,1.1,0,1,7.0,Low
P-01748,110,PVC,2019,7,457.2,43.4,Rocky,1142.8,2,0,907.5,6.3,3,1,13.2,Low
P-01749,160,PVC,2009,17,488.8,17.4,Clay,941.1,2,4,500.0,1.8,5,0,15.3,Low
P-01750,50,PVC,1995,31,652.6,32.0,Loam,1087.3,10,4,791.0,1.6,2,1,81.3,Very High
P-01751,110,HDPE,2021,5,2295.0,32.2,Clay,1200.1,0,1,1182.7,0.3,1,0,6.8,Low
P-01752,40,PVC,2014,12,337.1,20.4,Loam,1219.7,2,0,846.6,0.6,1,0,9.3,Low
P-01753,110,PVC,2007,19,2478.0,58.4,Sandy,927.0,0,1,1237.1,3.4,5,0,29.9,Moderate
P-01754,32,Ductile Iron,2018,8,125.4,43.7,Loam,1255.8,2,0,1169.7,4.8,3,0,13.9,Low
P-01755,50,HDPE,2000,26,377.8,36.7,Sandy,1610.0,6,4,1113.3,2.3,2,1,63.3,High
P-01756,75,PVC,1996,30,2276.1,51.2,Loam,1525.5,3,5,1056.3,1.6,2,1,71.9,High
P-01757,32,PVC,1996,30,1769.4,24.4,Rocky,1765.3,5,4,1611.7,3.7,10,0,44.5,Moderate
P-01758,90,Ductile Iron,2010,16,788.2,37.2,Loam,935.6,2,1,839.5,1.0,3,1,20.2,Low
P-01759,110,Ductile Iron,2021,5,2374.2,41.5,Rocky,909.2,1,0,962.9,0.3,0,0,10.1,Low
P-01760,75,Ductile Iron,2018,8,750.9,29.2,Loam,1305.7,1,1,1309.5,3.0,0,0,9.8,Low
P-01761,110,Ductile Iron,2021,5,922.1,32.1,Loam,1571.2,1,0,1306.0,1.1,1,0,7.1,Low
P-01762,40,PVC,2002,24,2307.0,30.1,Loam,1189.5,3,0,853.9,4.0,3,0,28.4,Moderate
P-01763,50,GI,2011,15,158.4,52.1,Loam,1507.7,6,2,869.5,6.4,4,0,53.6,High
P-01764,63,HDPE,2006,20,144.5,38.6,Clay,1285.1,4,2,1228.5,4.7,1,1,41.1,Moderate
P-01765,63,HDPE,2011,15,1946.5,21.5,Sandy,1563.6,1,2,768.1,0.3,1,0,12.6,Low
P-01766,32,Ductile Iron,2019,7,1648.1,39.4,Sandy,999.5,1,0,1353.2,5.7,0,1,11.6,Low
P-01767,32,HDPE,2008,18,292.9,59.5,Loam,843.4,2,0,1076.3,3.4,5,0,34.2,Moderate
P-01768,25,PVC,2011,15,2188.2,23.4,Loam,1094.1,2,1,986.4,1.9,2,0,13.5,Low
P-01769,90,PVC,2000,26,959.0,42.5,Rocky,1408.9,4,3,722.5,3.5,5,1,52.5,High
P-01770,160,HDPE,2005,21,2463.2,35.2,Clay,1476.2,1,0,886.5,3.5,5,0,18.8,Low
P-01771,110,GI,2020,6,2489.5,19.9,Sandy,1031.8,0,0,1301.3,0.4,0,0,5.5,Low
P-01772,110,Ductile Iron,2006,20,1079.0,8.2,Black Cotton,1415.8,7,0,1016.1,0.8,5,0,25.2,Moderate
P-01773,75,PVC,2019,7,1445.2,34.2,Clay,1513.7,1,0,1285.4,3.8,2,0,8.6,Low
P-01774,90,PVC,2010,16,2209.1,20.9,Rocky,1734.4,1,0,838.3,3.9,4,0,9.4,Low
P-01775,63,Ductile Iron,1996,30,1933.9,64.1,Loam,1613.4,3,4,1007.3,4.1,7,1,73.0,High
P-01776,32,PVC,2023,3,306.3,40.1,Clay,1621.2,0,1,769.4,2.4,0,0,8.3,Low
P-01777,50,PVC,2007,19,2143.8,50.7,Sandy,1328.9,2,5,1289.6,7.0,4,0,46.8,Moderate
P-01778,160,GI,2010,16,1008.0,26.3,Sandy,1652.4,5,2,1457.5,1.9,6,0,25.9,Moderate
P-01779,40,PVC,2008,18,62.6,51.8,Loam,964.1,3,3,1093.3,1.2,5,0,40.4,Moderate
P-01780,160,HDPE,2022,4,307.3,31.8,Loam,1150.5,0,1,958.5,1.0,1,0,6.3,Low
P-01781,63,HDPE,2007,19,1348.4,27.6,Sandy,1190.6,0,4,1097.9,1.7,5,0,17.3,Low
P-01782,90,Ductile Iron,2007,19,2067.4,27.7,Clay,1366.3,2,3,1150.9,1.4,3,1,22.9,Low
P-01783,110,PVC,2010,16,584.9,37.1,Loam,822.8,1,0,1017.2,2.7,3,0,15.9,Low
P-01784,25,PVC,2024,2,950.6,42.6,Loam,1530.5,0,0,651.9,6.5,1,0,7.4,Low
P-01785,110,HDPE,2012,14,553.7,28.8,Loam,1284.2,1,2,1295.1,3.9,3,0,13.9,Low
P-01786,32,Ductile Iron,2012,14,176.0,40.9,Rocky,1400.4,1,2,639.1,0.4,3,0,19.0,Low
P-01787,50,HDPE,2018,8,809.0,41.6,Black Cotton,1544.8,0,1,1019.6,15.6,3,0,16.7,Low
P-01788,40,HDPE,2007,19,248.7,42.8,Rocky,859.9,4,3,889.1,2.5,2,0,43.8,Moderate
P-01789,160,HDPE,2011,15,1405.0,35.4,Rocky,1069.3,1,2,955.0,4.8,0,0,21.0,Low
P-01790,160,Ductile Iron,1997,29,351.9,56.8,Loam,902.1,2,6,1186.8,4.3,4,1,71.7,High
P-01791,63,PVC,2024,2,1302.5,55.3,Clay,1385.5,1,0,897.4,5.4,1,0,12.8,Low
P-01792,32,PVC,2016,10,2051.4,38.9,Clay,806.5,1,2,1028.6,0.7,1,0,15.5,Low
P-01793,160,Ductile Iron,2008,18,911.0,45.3,Clay,1290.0,0,1,941.5,3.9,3,0,22.2,Low
P-01794,32,HDPE,2020,6,1110.2,48.3,Loam,1476.2,2,0,808.1,0.8,0,0,15.6,Low
P-01795,63,HDPE,2009,17,1655.4,41.5,Loam,1375.8,2,0,1084.8,3.8,5,0,20.5,Low
P-01796,90,PVC,2005,21,1002.5,36.0,Clay,1118.2,1,3,956.0,5.2,9,1,22.2,Low
P-01797,50,Ductile Iron,1998,28,568.0,42.9,Clay,931.9,1,1,718.1,9.1,5,0,38.9,Moderate
P-01798,32,PVC,2006,20,575.7,34.2,Clay,1477.9,1,1,1297.4,8.7,2,0,23.5,Low
P-01799,63,Ductile Iron,2013,13,220.3,46.3,Loam,1231.2,1,0,1336.5,1.3,4,0,16.2,Low
P-01800,40,GI,2021,5,1047.6,30.1,Sandy,1305.6,1,0,837.1,1.5,1,0,8.1,Low
P-01801,90,PVC,2019,7,765.2,44.5,Loam,1596.4,1,0,737.0,1.8,1,0,12.2,Low
P-01802,40,PVC,2011,15,175.4,40.8,Sandy,1183.3,1,2,700.6,3.8,2,1,21.9,Low
P-01803,32,Ductile Iron,2019,7,207.9,37.7,Sandy,1384.7,1,1,1190.0,1.8,3,0,10.0,Low
P-01804,25,PVC,2008,18,231.1,36.5,Loam,1671.7,1,0,882.6,5.9,3,0,18.5,Low
P-01805,40,PVC,2005,21,2228.2,31.9,Loam,1274.6,2,1,855.7,0.6,5,0,21.3,Low
P-01806,40,GI,2012,14,2308.3,40.9,Loam,1075.5,0,1,889.5,8.2,3,0,19.0,Low
P-01807,40,Ductile Iron,2018,8,1668.8,31.4,Loam,1017.1,2,1,926.1,5.3,1,0,12.0,Low
P-01808,75,HDPE,2007,19,1482.4,37.4,Loam,1145.3,0,4,790.0,0.1,6,0,21.3,Low
P-01809,32,Ductile Iron,2005,21,243.2,27.2,Loam,1764.0,5,4,1044.1,2.6,7,1,34.6,Moderate
P-01810,25,GI,2001,25,879.8,29.5,Clay,1253.3,1,1,940.4,5.5,3,0,29.3,Moderate
P-01811,90,PVC,2000,26,1819.8,32.2,Clay,994.2,6,1,1094.6,1.2,6,1,43.7,Moderate
P-01812,40,PVC,2013,13,1158.1,53.0,Loam,1226.9,0,2,692.1,2.0,5,0,20.1,Low
P-01813,63,HDPE,1995,31,2487.0,52.7,Rocky,1623.1,8,1,901.5,3.8,8,1,75.3,Very High
P-01814,63,PVC,2011,15,2426.7,57.0,Loam,1028.1,4,0,1304.1,4.1,2,0,39.7,Moderate
P-01815,90,GI,2002,24,474.8,24.1,Black Cotton,1116.8,5,3,1566.3,1.1,7,1,47.0,Moderate
P-01816,40,PVC,2023,3,2050.2,39.6,Rocky,1026.7,0,1,1492.8,7.3,0,0,8.7,Low
P-01817,160,GI,2024,2,1359.5,17.7,Clay,1102.2,0,0,1213.1,4.5,1,0,3.8,Low
P-01818,32,PVC,2010,16,241.4,9.4,Loam,1287.9,2,0,704.3,9.4,4,0,8.3,Low
P-01819,63,GI,2004,22,1025.8,66.6,Sandy,1125.8,1,1,1080.5,1.6,5,0,50.4,High
P-01820,63,GI,1997,29,1370.2,41.6,Clay,1798.7,1,3,1255.9,13.7,1,0,58.6,High
P-01821,160,Ductile Iron,2018,8,887.5,42.8,Rocky,1067.5,0,0,1563.0,6.1,5,0,9.0,Low
P-01822,75,Ductile Iron,1996,30,535.5,22.0,Loam,1195.5,2,3,998.0,7.0,4,0,36.3,Moderate
P-01823,160,PVC,2014,12,743.7,52.2,Sandy,1737.7,0,1,683.9,3.1,2,1,19.5,Low
P-01824,25,PVC,2006,20,1965.5,71.8,Clay,1439.6,2,3,1190.7,2.3,3,1,60.3,High
P-01825,40,PVC,2008,18,71.6,33.9,Sandy,1751.7,8,3,959.5,3.0,5,0,47.8,Moderate
P-01826,32,HDPE,2002,24,759.0,28.0,Loam,982.8,1,3,1116.0,1.9,3,0,26.8,Moderate
P-01827,63,PVC,1997,29,2220.7,21.3,Clay,1304.1,6,2,1151.9,8.3,3,0,50.1,High
P-01828,32,GI,2000,26,2141.5,20.0,Clay,1073.3,5,4,1306.0,4.8,2,0,50.5,High
P-01829,50,HDPE,2021,5,1647.5,30.8,Rocky,1362.6,0,2,1027.9,1.5,0,0,7.8,Low
P-01830,90,PVC,2006,20,274.9,25.3,Loam,1532.1,2,4,546.0,3.1,3,0,25.6,Moderate
P-01831,63,PVC,2016,10,282.3,40.9,Clay,1794.7,1,0,1135.2,4.5,2,0,13.1,Low
P-01832,110,PVC,1999,27,1976.8,35.6,Sandy,1438.4,3,3,993.2,2.4,8,1,39.1,Moderate
P-01833,40,GI,2001,25,1039.8,25.2,Loam,1770.2,3,2,500.0,9.4,4,0,36.8,Moderate
P-01834,90,HDPE,2003,23,2339.5,30.7,Loam,1364.7,5,1,633.1,1.6,1,1,40.0,Moderate
P-01835,90,PVC,2019,7,534.4,14.2,Loam,1603.2,0,1,1281.6,9.3,1,1,4.9,Low
P-01836,40,GI,1995,31,1242.9,29.9,Clay,1565.8,2,4,868.6,8.8,4,0,53.5,High
P-01837,110,HDPE,2008,18,1646.0,39.1,Sandy,891.9,3,0,1381.9,3.7,5,0,23.4,Low
P-01838,40,Ductile Iron,1995,31,2262.9,24.9,Clay,1209.3,2,2,998.5,4.1,7,0,32.3,Moderate
P-01839,40,PVC,2015,11,2098.2,35.9,Clay,1137.9,1,2,799.1,1.8,2,0,14.5,Low
P-01840,63,Ductile Iron,2008,18,2333.6,50.2,Rocky,1568.2,1,0,979.9,2.6,3,1,25.9,Moderate
P-01841,50,GI,2006,20,1165.3,29.0,Clay,1098.6,1,2,1800.0,6.8,4,1,23.5,Low
P-01842,110,PVC,2023,3,1535.1,30.6,Loam,1171.2,0,0,704.3,7.1,3,0,4.9,Low
P-01843,75,Ductile Iron,2011,15,398.5,38.1,Sandy,1324.5,3,4,1253.0,5.3,2,1,32.7,Moderate
P-01844,50,PVC,1999,27,1803.1,49.4,Clay,1088.5,2,1,724.9,3.2,5,0,44.9,Moderate
P-01845,110,PVC,2001,25,1954.8,39.9,Clay,1461.5,3,3,600.9,1.4,5,0,43.1,Moderate
P-01846,40,GI,2020,6,2461.9,45.4,Loam,1352.6,0,0,1031.4,6.7,2,0,12.1,Low
P-01847,63,Ductile Iron,2019,7,1112.8,18.3,Loam,1016.4,2,0,1038.9,0.4,0,0,6.5,Low
P-01848,32,GI,2019,7,2071.4,26.4,Clay,803.1,2,0,960.9,5.1,2,0,9.7,Low
P-01849,63,HDPE,2020,6,1299.0,34.0,Clay,1756.4,1,0,1114.0,3.2,2,0,7.9,Low
P-01850,50,GI,2018,8,1285.3,16.8,Clay,1690.3,1,0,973.5,1.1,1,0,6.5,Low
P-01851,32,PVC,2008,18,933.0,49.7,Clay,1376.8,3,2,1398.9,10.9,1,0,44.8,Moderate
P-01852,40,Ductile Iron,2013,13,637.0,41.2,Black Cotton,1200.1,2,1,1124.1,3.0,1,0,27.7,Moderate
P-01853,50,PVC,2019,7,2317.1,31.0,Sandy,1616.4,2,0,1187.8,9.5,0,0,11.0,Low
P-01854,90,Ductile Iron,2018,8,2107.9,47.2,Rocky,1223.6,3,1,919.7,6.5,2,0,21.4,Low
P-01855,32,GI,2001,25,1952.2,23.3,Sandy,1538.5,1,3,853.9,1.5,9,0,22.2,Low
P-01856,75,HDPE,2005,21,1823.8,65.2,Rocky,1544.7,4,1,1600.1,4.8,4,1,58.4,High
P-01857,110,PVC,1997,29,781.3,28.9,Clay,1439.8,2,0,1249.5,6.9,4,0,31.2,Moderate
P-01858,50,GI,1995,31,1320.7,36.8,Rocky,1567.5,10,1,1092.8,0.6,8,0,74.5,High
P-01859,160,PVC,2021,5,530.3,47.7,Loam,1789.7,0,0,936.9,5.6,1,0,10.6,Low
P-01860,25,Ductile Iron,2002,24,421.6,29.6,Rocky,1246.6,5,4,844.4,0.2,6,0,42.5,Moderate
P-01861,63,HDPE,2023,3,2273.1,38.7,Clay,1120.3,1,0,1031.4,3.1,0,0,8.4,Low
P-01862,63,PVC,1998,28,1296.1,38.2,Sandy,1424.8,3,3,966.0,2.8,4,1,49.2,Moderate
P-01863,90,PVC,2013,13,1504.8,48.0,Rocky,821.5,0,1,814.0,6.6,0,0,21.1,Low
P-01864,25,PVC,2006,20,417.3,29.0,Clay,1505.4,2,3,782.2,3.9,2,1,27.0,Moderate
P-01865,75,GI,2003,23,2245.2,49.0,Loam,1073.7,1,3,1554.3,8.6,4,0,47.5,Moderate
P-01866,25,GI,2013,13,1142.3,39.0,Sandy,1630.5,1,1,1580.3,2.2,2,0,19.2,Low
P-01867,25,PVC,2000,26,889.1,70.0,Clay,1377.6,2,2,1112.1,11.9,4,1,68.1,High
P-01868,25,HDPE,2024,2,2333.9,28.0,Loam,1642.4,0,1,1026.2,11.3,0,0,5.9,Low
P-01869,63,PVC,2007,19,738.9,34.6,Rocky,1763.9,4,2,805.5,1.8,3,1,32.3,Moderate
P-01870,25,PVC,2004,22,2498.5,51.2,Clay,1487.0,1,3,942.0,5.4,4,0,41.4,Moderate
P-01871,110,HDPE,2023,3,2409.8,39.5,Loam,1680.7,0,1,1142.8,4.3,1,0,7.9,Low
P-01872,32,PVC,1997,29,2378.4,34.1,Clay,939.6,1,4,970.2,3.6,7,1,37.9,Moderate
P-01873,40,GI,2015,11,2386.3,28.2,Black Cotton,1395.5,2,2,1201.7,4.5,3,0,20.9,Low
P-01874,40,PVC,2007,19,1114.3,17.1,Clay,1409.7,5,2,834.8,0.5,1,0,25.6,Moderate
P-01875,90,GI,2013,13,186.1,24.6,Loam,846.7,4,0,677.0,2.3,3,0,16.9,Low
P-01876,32,PVC,2005,21,478.6,36.7,Loam,973.9,3,2,552.1,9.1,6,1,31.8,Moderate
P-01877,40,HDPE,2015,11,1428.5,39.0,Sandy,925.1,0,0,868.8,2.7,4,0,9.9,Low
P-01878,75,PVC,2018,8,234.3,35.1,Loam,817.7,0,1,990.8,1.1,0,0,9.8,Low
P-01879,63,GI,2014,12,1727.6,45.1,Sandy,1172.7,1,2,1105.2,1.2,2,0,23.5,Low
P-01880,50,PVC,2015,11,723.6,26.0,Clay,1414.9,3,0,987.1,17.8,1,0,15.2,Low
P-01881,75,HDPE,2004,22,2275.5,21.5,Loam,1503.3,4,2,867.0,5.4,4,0,27.4,Moderate
P-01882,32,Ductile Iron,2022,4,673.0,28.1,Rocky,1779.3,0,1,916.1,1.1,1,0,5.6,Low
P-01883,25,GI,2015,11,440.9,42.6,Loam,1138.9,1,1,883.4,2.1,2,0,18.8,Low
P-01884,63,HDPE,2008,18,2017.1,48.6,Loam,994.9,3,3,1326.9,5.8,0,0,46.7,Moderate
P-01885,90,PVC,1995,31,442.4,34.8,Loam,1790.4,4,5,1109.2,2.3,8,1,56.6,High
P-01886,90,PVC,2023,3,1254.3,46.4,Loam,1039.5,0,1,991.3,0.3,0,0,9.8,Low
P-01887,40,HDPE,1995,31,952.3,22.1,Clay,1289.4,3,4,1028.6,6.2,8,0,39.4,Moderate
P-01888,63,Ductile Iron,2013,13,1585.5,35.4,Black Cotton,1314.8,2,1,899.4,1.9,0,0,24.6,Low
P-01889,25,PVC,1996,30,2236.6,48.0,Loam,832.5,6,4,871.4,1.8,7,1,71.8,High
P-01890,75,GI,2003,23,890.4,33.3,Sandy,1599.9,3,2,658.2,6.6,6,1,36.1,Moderate
P-01891,75,GI,1995,31,289.3,12.4,Clay,1333.3,4,1,979.4,2.1,5,1,34.1,Moderate
P-01892,160,HDPE,2024,2,72.0,45.7,Sandy,1709.6,0,0,1141.4,13.5,0,0,9.5,Low
P-01893,32,PVC,2023,3,96.3,50.6,Loam,815.5,0,0,1385.2,1.2,0,0,10.1,Low
P-01894,110,PVC,2022,4,2264.9,36.2,Sandy,872.4,0,0,1026.5,5.2,0,0,7.2,Low
P-01895,63,PVC,2008,18,1089.9,47.5,Clay,1645.0,2,2,1239.7,11.6,3,0,36.0,Moderate
P-01896,40,HDPE,2006,20,1482.8,14.6,Loam,1294.5,7,1,1294.6,9.4,1,0,32.8,Moderate
P-01897,32,GI,2009,17,1352.1,34.2,Clay,911.7,4,1,854.1,13.4,6,0,30.2,Moderate
P-01898,32,GI,2000,26,1883.4,32.0,Loam,1548.6,4,2,1298.8,2.2,5,1,44.6,Moderate
P-01899,75,PVC,1997,29,61.1,23.9,Sandy,896.1,4,1,1192.7,1.2,8,1,31.0,Moderate
P-01900,32,PVC,2020,6,2380.1,33.2,Loam,1244.5,0,1,729.0,1.1,2,0,7.2,Low
P-01901,160,Ductile Iron,2010,16,240.4,43.1,Sandy,882.9,0,2,864.0,15.3,5,0,21.4,Low
P-01902,32,GI,2002,24,219.9,32.7,Rocky,845.9,3,3,802.3,5.7,3,1,44.5,Moderate
P-01903,32,HDPE,2011,15,460.0,42.5,Sandy,1473.9,1,5,858.9,12.0,3,0,31.9,Moderate
P-01904,25,Ductile Iron,2007,19,1337.1,33.3,Rocky,1505.5,1,1,1263.4,1.9,6,0,16.4,Low
P-01905,110,PVC,2012,14,1134.8,51.1,Loam,1458.8,0,1,1237.1,2.6,3,0,20.2,Low
P-01906,90,HDPE,1995,31,1943.3,19.0,Sandy,1062.8,5,5,861.6,5.1,6,1,51.4,High
P-01907,25,PVC,2010,16,1947.8,47.7,Rocky,1374.9,2,2,857.8,4.5,1,0,33.2,Moderate
P-01908,32,Ductile Iron,1996,30,1296.8,45.6,Loam,925.4,8,0,751.5,0.9,5,1,69.0,High
P-01909,90,PVC,2015,11,918.7,49.3,Sandy,805.5,1,0,628.9,2.4,2,1,17.4,Low
P-01910,32,HDPE,2000,26,867.0,31.8,Black Cotton,1418.4,3,3,1492.0,5.3,5,1,48.1,Moderate
P-01911,110,PVC,2002,24,67.3,26.1,Black Cotton,1727.8,2,1,1718.2,9.1,3,0,33.4,Moderate
P-01912,90,GI,1997,29,605.3,51.0,Black Cotton,1598.0,4,1,1042.3,11.5,8,1,70.1,High
P-01913,75,PVC,1996,30,1936.7,52.6,Sandy,860.4,2,1,1016.5,3.1,6,1,51.7,High
P-01914,40,HDPE,2013,13,2371.6,57.2,Black Cotton,962.9,1,1,1153.5,1.2,2,0,34.0,Moderate
P-01915,63,HDPE,2017,9,314.2,54.9,Sandy,1371.4,0,0,804.7,0.2,3,0,14.4,Low
P-01916,160,PVC,2010,16,2365.8,49.7,Sandy,1094.7,1,2,1157.0,7.0,3,0,29.0,Moderate
P-01917,75,PVC,1997,29,2049.2,28.9,Loam,1388.1,1,0,1282.4,7.9,4,0,27.8,Moderate
P-01918,90,PVC,2020,6,95.0,27.4,Loam,1410.9,0,0,1019.0,9.3,2,0,5.9,Low
P-01919,110,HDPE,2013,13,215.5,41.1,Loam,1242.3,5,4,1281.2,3.0,1,1,40.6,Moderate
P-01920,50,PVC,2007,19,2323.6,43.9,Loam,1731.6,3,3,1107.6,0.3,6,1,34.0,Moderate
P-01921,40,PVC,2023,3,1112.0,46.7,Clay,1398.3,1,0,1132.7,5.6,0,0,11.1,Low
P-01922,25,GI,2008,18,408.1,44.5,Loam,951.1,3,3,1081.5,8.0,9,0,35.8,Moderate
P-01923,32,GI,2016,10,1593.6,48.3,Sandy,1024.0,0,0,968.6,0.9,3,0,15.1,Low
P-01924,90,Ductile Iron,2006,20,1049.2,42.2,Clay,1345.4,3,3,1158.9,2.3,3,1,39.2,Moderate
P-01925,25,HDPE,2009,17,699.3,44.9,Clay,1212.8,3,0,1147.4,1.0,2,0,28.5,Moderate
P-01926,63,HDPE,2002,24,2490.3,31.4,Sandy,959.3,1,8,829.1,3.2,4,0,43.2,Moderate
P-01927,90,PVC,2013,13,2286.4,56.2,Clay,1764.8,4,1,1040.9,4.3,7,1,31.8,Moderate
P-01928,32,PVC,2017,9,1420.7,20.0,Clay,891.0,1,0,1408.7,11.1,2,0,6.9,Low
P-01929,63,HDPE,2005,21,586.6,37.4,Loam,1684.8,2,2,867.5,6.2,7,0,26.4,Moderate
P-01930,160,PVC,2012,14,1348.8,24.0,Loam,1369.6,2,1,921.1,0.7,3,0,12.0,Low
P-01931,160,GI,2016,10,1361.9,53.9,Loam,1594.9,0,1,1109.5,9.0,1,0,23.9,Low
P-01932,50,GI,2014,12,1232.3,47.8,Loam,1727.4,1,4,1395.5,5.8,2,0,31.8,Moderate
P-01933,160,Ductile Iron,2004,22,1613.3,20.7,Sandy,1427.4,4,1,712.1,0.5,7,0,20.0,Low
P-01934,32,Ductile Iron,2016,10,1305.2,28.4,Rocky,1206.1,0,3,719.8,2.2,2,0,10.4,Low
P-01935,110,PVC,2019,7,1735.8,40.6,Loam,1797.1,2,4,876.4,3.5,4,0,17.3,Low
P-01936,75,PVC,2019,7,1919.1,25.3,Loam,1184.2,2,0,854.5,2.2,2,1,7.5,Low
P-01937,90,PVC,2015,11,1738.1,30.9,Loam,875.9,0,1,1260.2,9.3,3,0,9.9,Low
P-01938,110,HDPE,2006,20,344.2,31.8,Clay,1275.7,1,0,1056.0,6.1,4,1,17.4,Low
P-01939,160,PVC,2005,21,1204.9,46.8,Loam,1519.4,2,2,638.9,3.6,4,0,36.5,Moderate
P-01940,50,GI,2024,2,1189.2,23.6,Loam,1060.4,0,0,1431.5,2.9,1,0,4.6,Low
P-01941,90,Ductile Iron,2016,10,2210.3,41.6,Clay,1679.9,1,1,611.6,6.8,8,1,11.3,Low
P-01942,25,PVC,2010,16,249.9,31.8,Black Cotton,1141.2,0,2,998.1,5.3,5,0,18.3,Low
P-01943,32,HDPE,2023,3,1296.5,44.6,Rocky,846.4,1,0,1048.5,4.6,0,0,10.3,Low
P-01944,160,PVC,2016,10,2312.9,35.2,Clay,1238.0,0,1,1006.9,2.7,1,0,10.8,Low
P-01945,25,HDPE,2014,12,2434.1,39.0,Clay,1531.3,3,3,958.9,8.8,2,0,27.0,Moderate
P-01946,160,GI,2010,16,1890.0,33.9,Sandy,1771.7,1,0,1364.6,4.2,2,0,18.4,Low
P-01947,32,GI,2002,24,257.1,38.2,Black Cotton,1673.0,5,1,1497.4,3.9,4,1,58.3,High
P-01948,63,PVC,2020,6,1887.3,23.1,Loam,1315.0,0,0,698.0,3.1,2,0,4.7,Low
P-01949,63,PVC,2024,2,757.4,37.0,Black Cotton,875.2,1,0,957.7,3.3,0,0,10.2,Low
P-01950,63,PVC,2018,8,1583.5,43.3,Black Cotton,1479.6,2,0,983.4,4.4,1,0,20.3,Low
P-01951,50,HDPE,2003,23,1933.3,48.1,Loam,1631.1,3,1,777.2,2.7,7,0,37.7,Moderate
P-01952,50,HDPE,2011,15,871.7,37.0,Loam,1038.9,0,1,1107.1,1.8,4,0,13.5,Low
P-01953,90,PVC,2022,4,1338.9,30.9,Loam,1254.3,0,0,1540.4,0.4,2,0,5.1,Low
P-01954,40,HDPE,2007,19,1596.3,51.2,Loam,1652.4,1,3,996.4,2.6,2,0,37.9,Moderate
P-01955,75,GI,2022,4,1368.4,40.3,Black Cotton,1690.8,0,0,1120.5,5.8,0,0,13.6,Low
P-01956,75,HDPE,2005,21,566.1,45.3,Loam,876.1,3,0,1363.2,4.0,6,1,31.0,Moderate
P-01957,50,PVC,1999,27,455.3,38.2,Rocky,1687.6,8,2,1208.8,7.3,6,1,64.8,High
P-01958,50,GI,2008,18,2020.4,29.4,Rocky,850.6,4,1,1179.5,2.7,3,0,28.7,Moderate
P-01959,25,Ductile Iron,2015,11,1715.4,36.3,Clay,1698.4,1,2,834.3,4.9,1,0,16.1,Low
P-01960,63,Ductile Iron,2007,19,1738.8,8.0,Loam,1636.7,1,2,997.6,11.4,1,1,12.5,Low
P-01961,75,HDPE,2006,20,1291.8,45.9,Sandy,1421.2,2,2,806.4,2.6,3,0,35.1,Moderate
P-01962,40,PVC,2016,10,231.7,21.0,Clay,1245.9,3,2,1225.4,0.2,1,0,12.2,Low
P-01963,110,PVC,2024,2,695.5,25.2,Sandy,1060.6,0,0,1255.3,1.7,1,0,3.9,Low
P-01964,90,PVC,2002,24,113.1,52.3,Clay,1382.3,0,1,897.3,0.3,6,1,31.1,Moderate
P-01965,63,GI,2018,8,745.4,50.1,Clay,1416.9,2,0,1136.4,3.7,0,0,22.6,Low
P-01966,40,GI,1999,27,1701.9,20.0,Loam,1237.2,3,4,835.9,4.5,4,1,40.5,Moderate
P-01967,25,PVC,2011,15,1793.6,24.6,Clay,929.5,2,1,1504.3,4.5,4,0,13.1,Low
P-01968,32,PVC,2007,19,1726.8,12.4,Clay,1389.4,4,1,903.0,2.1,4,0,15.4,Low
P-01969,50,HDPE,2013,13,1337.7,18.5,Loam,1711.3,0,1,673.2,6.4,1,1,8.2,Low
P-01970,90,PVC,2024,2,2401.5,36.4,Clay,1559.5,0,0,711.9,1.1,0,0,6.0,Low
P-01971,110,PVC,2024,2,2460.1,35.5,Loam,1724.3,0,0,1377.3,3.2,1,0,5.6,Low
P-01972,110,PVC,2012,14,2484.0,47.8,Loam,1284.7,2,3,1339.2,12.6,1,0,35.5,Moderate
P-01973,110,GI,2011,15,1977.8,15.2,Rocky,1674.1,0,1,1059.2,1.0,3,0,8.5,Low
P-01974,63,HDPE,2019,7,169.3,31.8,Loam,1448.7,2,0,1530.7,3.1,0,0,10.4,Low
P-01975,32,GI,2005,21,2482.9,24.8,Loam,844.0,8,1,1151.7,4.6,8,0,40.1,Moderate
P-01976,40,HDPE,2015,11,688.6,20.6,Loam,1346.6,3,1,727.6,0.4,2,0,10.9,Low
P-01977,110,GI,1997,29,487.4,45.5,Sandy,879.3,4,3,1043.3,5.2,5,0,65.9,High
P-01978,63,PVC,2009,17,2158.0,60.6,Black Cotton,1526.3,1,2,619.1,2.9,2,0,47.7,Moderate
P-01979,63,HDPE,1999,27,87.2,8.0,Loam,1094.0,6,4,857.2,1.2,3,1,38.8,Moderate
P-01980,110,HDPE,1999,27,234.7,43.2,Loam,848.2,4,2,1068.4,2.1,2,1,55.7,High
P-01981,50,Ductile Iron,1995,31,2247.2,27.2,Clay,1520.8,4,1,871.1,5.3,4,1,44.1,Moderate
P-01982,75,HDPE,2006,20,2211.1,43.1,Loam,980.0,2,2,1029.6,4.4,4,0,32.2,Moderate
P-01983,32,PVC,1996,30,2437.9,45.9,Loam,1436.1,2,1,806.1,2.0,9,0,41.0,Moderate
P-01984,50,PVC,2009,17,1589.5,26.8,Loam,1592.9,2,1,514.5,2.8,1,0,18.0,Low
P-01985,40,GI,2017,9,474.7,17.4,Rocky,1417.1,0,1,1111.6,4.9,2,0,6.7,Low
P-01986,50,PVC,2008,18,1728.9,20.7,Rocky,1187.1,0,1,1045.9,4.2,4,0,10.2,Low
P-01987,40,GI,2005,21,1911.5,18.9,Sandy,930.0,3,1,523.7,19.4,2,0,28.4,Moderate
P-01988,90,GI,2008,18,1978.2,36.3,Sandy,1548.3,1,2,824.2,1.6,3,1,25.1,Moderate
P-01989,50,HDPE,2008,18,1892.3,56.8,Clay,1760.3,2,1,1005.8,12.2,3,0,40.9,Moderate
P-01990,50,PVC,2022,4,1264.1,49.8,Loam,1523.7,0,1,903.4,3.2,0,0,12.2,Low
P-01991,75,PVC,1995,31,1288.2,38.6,Sandy,1425.1,3,1,727.4,17.5,9,0,46.7,Moderate
P-01992,110,PVC,2013,13,192.8,24.5,Sandy,808.9,0,1,662.2,2.9,2,0,9.0,Low
P-01993,75,PVC,2017,9,208.7,18.9,Clay,1209.5,2,0,690.5,1.7,1,0,7.3,Low
P-01994,40,PVC,2007,19,357.4,32.3,Loam,1396.2,0,2,1132.6,9.5,4,0,18.5,Low
P-01995,63,PVC,2021,5,738.6,35.4,Black Cotton,1279.1,0,1,1352.2,6.9,0,0,11.9,Low
P-01996,160,GI,2020,6,2471.2,31.2,Clay,1638.1,0,0,1582.1,3.3,0,0,8.2,Low
P-01997,32,Ductile Iron,2006,20,1975.2,41.0,Loam,1129.6,1,4,1204.8,5.1,2,1,35.3,Moderate
P-01998,50,PVC,2024,2,195.1,25.0,Sandy,1139.3,1,1,1189.7,1.7,1,0,5.2,Low
P-01999,75,HDPE,2021,5,415.4,16.2,Loam,1418.9,0,0,747.2,10.3,0,0,4.3,Low
P-02000,63,PVC,2000,26,1722.2,16.9,Loam,1322.2,4,3,1058.9,1.8,5,1,30.5,Moderate
P-02001,75,PVC,1999,27,1078.3,27.9,Loam,1762.7,1,1,1039.0,1.1,3,1,25.9,Moderate
P-02002,25,PVC,2012,14,2284.5,30.2,Sandy,1578.0,2,1,1011.2,11.0,2,0,17.4,Low
P-02003,40,GI,1996,30,268.3,44.3,Loam,1742.7,2,2,1017.9,6.5,8,0,51.0,High
P-02004,25,PVC,2016,10,2063.2,28.2,Sandy,919.6,3,2,1186.7,7.8,0,1,17.6,Low
P-02005,25,GI,2015,11,2223.7,24.4,Rocky,1570.8,2,2,902.8,4.9,5,1,12.7,Low
P-02006,75,PVC,2014,12,882.6,40.3,Clay,1653.2,0,1,860.3,2.8,4,0,12.4,Low
P-02007,25,GI,2002,24,948.4,42.4,Clay,1668.2,2,4,690.1,1.1,7,1,44.0,Moderate
P-02008,110,PVC,2017,9,2070.5,12.0,Clay,1065.7,0,0,998.8,1.1,2,0,3.9,Low
P-02009,90,Ductile Iron,2004,22,618.2,21.9,Loam,1066.8,1,2,977.5,1.2,3,0,18.2,Low
P-02010,75,PVC,2018,8,319.0,47.6,Clay,1598.9,2,1,955.8,4.0,2,0,18.2,Low
P-02011,110,HDPE,2011,15,575.8,52.3,Black Cotton,1315.1,1,0,1283.1,9.9,2,1,33.5,Moderate
P-02012,25,PVC,2021,5,2482.0,50.5,Clay,1056.8,0,1,927.5,1.6,1,1,12.3,Low
P-02013,25,PVC,2018,8,715.6,55.6,Clay,1241.5,1,1,725.7,9.9,0,1,23.2,Low
P-02014,90,GI,1996,30,53.3,26.4,Loam,928.8,3,3,968.0,4.8,4,0,48.4,Moderate
P-02015,160,PVC,2003,23,2187.4,24.1,Loam,1285.5,1,4,922.5,6.7,3,0,26.7,Moderate
P-02016,32,HDPE,2005,21,2029.4,32.3,Rocky,1550.2,2,1,1075.2,2.5,3,0,24.1,Low
P-02017,50,PVC,2019,7,1623.5,36.3,Loam,1167.4,1,0,1060.2,0.3,1,0,9.3,Low
P-02018,40,PVC,2022,4,1030.8,25.8,Loam,842.4,1,0,1562.7,1.3,0,0,5.8,Low
P-02019,160,Ductile Iron,2002,24,259.3,39.4,Loam,947.4,3,1,1457.4,0.9,3,0,37.3,Moderate
P-02020,63,GI,1997,29,1875.2,43.6,Clay,1071.5,8,5,891.3,6.5,11,1,77.4,Very High
P-02021,90,PVC,2011,15,442.5,37.6,Clay,1678.8,4,0,551.8,3.4,3,1,23.7,Low
P-02022,160,PVC,2023,3,622.9,17.0,Sandy,1591.7,0,0,1156.0,3.0,2,0,3.1,Low
P-02023,50,PVC,2024,2,230.2,27.8,Rocky,1438.5,1,0,998.1,2.0,0,0,5.4,Low
P-02024,50,HDPE,2007,19,1448.9,42.7,Rocky,1635.7,1,1,973.4,0.6,8,0,19.1,Low
P-02025,63,HDPE,2019,7,1818.6,42.0,Loam,1760.8,1,0,1112.5,2.5,2,0,10.8,Low
P-02026,75,GI,2004,22,1434.0,23.3,Clay,1429.4,5,3,762.5,1.3,4,1,38.6,Moderate
P-02027,25,GI,1995,31,1279.8,46.6,Loam,1693.3,5,5,1187.5,8.4,6,1,78.1,Very High
P-02028,160,PVC,1997,29,825.1,23.8,Clay,1203.9,3,2,1165.8,7.9,7,1,33.3,Moderate
P-02029,50,HDPE,2011,15,2044.1,37.0,Black Cotton,1597.1,0,2,1333.3,2.3,2,1,22.2,Low
P-02030,63,PVC,2021,5,2013.4,32.3,Rocky,1087.8,0,0,1128.9,6.8,2,0,6.2,Low
P-02031,25,PVC,2022,4,1358.3,36.0,Loam,1263.6,0,0,648.8,3.7,0,0,7.0,Low
P-02032,32,HDPE,2005,21,2139.1,23.7,Sandy,1574.9,3,3,1005.8,8.8,3,0,28.6,Moderate
P-02033,40,HDPE,2024,2,1301.8,50.1,Loam,808.5,0,0,1240.1,0.3,2,0,8.2,Low
P-02034,40,HDPE,1996,30,781.0,44.9,Clay,1241.6,5,3,723.0,6.9,6,1,65.8,High
P-02035,25,Ductile Iron,2004,22,1970.1,37.0,Clay,1496.1,3,3,915.5,9.3,4,0,39.5,Moderate
P-02036,75,GI,2009,17,1210.1,38.6,Clay,907.9,1,3,1267.7,5.3,1,0,31.3,Moderate
P-02037,63,PVC,2022,4,469.4,40.5,Clay,1597.5,1,0,1182.9,0.9,2,0,8.2,Low
P-02038,25,HDPE,2004,22,2474.1,31.8,Clay,1299.4,2,3,957.3,5.6,3,0,31.4,Moderate
P-02039,50,PVC,2005,21,997.8,48.0,Clay,1019.9,2,1,983.4,3.4,6,1,31.8,Moderate
P-02040,160,HDPE,2014,12,865.1,55.0,Sandy,1644.8,1,2,918.1,0.5,1,1,27.1,Moderate
P-02041,40,HDPE,2019,7,1665.6,32.8,Sandy,1482.5,0,2,873.9,4.3,2,0,8.9,Low
P-02042,40,HDPE,2019,7,254.3,39.9,Clay,1450.4,1,0,1157.0,12.2,2,0,11.6,Low
P-02043,32,Ductile Iron,2017,9,1651.7,34.7,Loam,1188.0,0,1,1122.6,7.2,1,0,10.6,Low
P-02044,32,GI,2013,13,2032.2,25.3,Clay,1024.5,0,2,1111.4,22.9,2,0,16.0,Low
P-02045,32,HDPE,1997,29,2312.5,39.6,Loam,1784.2,2,3,1332.6,2.6,5,0,46.2,Moderate
P-02046,63,PVC,2005,21,1261.8,15.1,Rocky,867.2,4,6,1063.5,2.0,5,0,29.6,Moderate
P-02047,50,PVC,2002,24,992.4,29.6,Clay,927.3,1,2,821.1,5.2,3,0,26.4,Moderate
P-02048,160,PVC,2016,10,2206.3,45.7,Loam,1199.3,0,0,1265.0,3.3,2,0,12.8,Low
P-02049,32,HDPE,2021,5,176.5,41.1,Sandy,911.6,0,1,846.5,2.8,0,0,9.8,Low
P-02050,110,PVC,2007,19,908.2,60.4,Black Cotton,809.0,1,2,1184.6,16.8,3,1,55.0,High
P-02051,25,PVC,1995,31,1630.3,48.3,Black Cotton,863.3,1,0,1089.5,9.8,8,1,50.3,High
P-02052,63,PVC,2013,13,1998.9,24.5,Loam,1187.6,0,0,726.6,1.4,4,0,7.0,Low
P-02053,63,GI,2007,19,518.6,48.8,Loam,860.6,3,3,872.0,7.2,2,1,51.3,High
P-02054,90,PVC,1996,30,832.1,45.0,Sandy,896.2,3,5,877.2,10.2,5,1,66.1,High
P-02055,75,PVC,2016,10,1106.6,30.5,Loam,1557.9,1,0,943.9,4.3,1,0,10.0,Low
P-02056,90,PVC,2013,13,2328.4,62.1,Loam,944.3,1,0,965.5,6.5,4,0,26.6,Moderate
P-02057,32,Ductile Iron,2021,5,2145.1,41.3,Sandy,1741.6,1,1,884.1,4.0,1,0,11.2,Low
P-02058,40,Ductile Iron,2015,11,1151.9,30.0,Black Cotton,1111.6,2,2,986.0,2.2,4,0,17.3,Low
P-02059,50,HDPE,2008,18,776.4,21.6,Loam,1741.6,3,2,1069.5,10.2,2,1,22.1,Low
P-02060,160,PVC,2016,10,1286.7,46.5,Rocky,1235.7,1,3,1112.8,2.6,2,0,20.9,Low
P-02061,75,GI,2001,25,1470.0,42.7,Clay,1543.9,2,2,1082.5,6.6,5,0,44.7,Moderate
P-02062,25,PVC,2016,10,951.2,24.7,Sandy,1681.8,0,1,1164.0,5.1,3,0,7.2,Low
P-02063,25,HDPE,1999,27,2209.2,39.6,Rocky,1547.3,4,2,1086.1,1.6,3,0,50.9,High
P-02064,40,PVC,1997,29,1852.5,43.1,Clay,1447.1,8,6,996.4,10.9,2,1,85.2,Very High
P-02065,75,GI,2007,19,1944.6,37.1,Rocky,1591.4,3,3,1004.7,3.9,4,1,37.1,Moderate
P-02066,32,HDPE,2007,19,1928.3,33.0,Sandy,1512.0,1,2,1017.7,14.2,6,0,20.9,Low
P-02067,75,Ductile Iron,2022,4,960.5,29.7,Loam,1371.0,0,1,1052.3,11.8,0,0,7.2,Low
P-02068,32,PVC,2018,8,311.7,39.0,Clay,943.0,1,1,895.3,8.0,1,0,13.4,Low
P-02069,75,GI,2019,7,1140.0,46.1,Clay,1489.0,1,0,1026.3,2.5,0,0,16.2,Low
P-02070,50,GI,2010,16,1597.8,36.7,Loam,1601.4,3,1,500.0,1.9,4,0,25.8,Moderate
P-02071,25,HDPE,2003,23,145.8,50.6,Loam,977.0,2,2,1070.7,0.3,5,1,40.7,Moderate
P-02072,32,GI,2003,23,2250.2,24.9,Sandy,1079.8,1,5,1021.0,1.7,5,0,30.0,Moderate
P-02073,75,PVC,2012,14,1322.3,26.6,Black Cotton,1613.6,1,1,686.7,4.5,3,0,15.8,Low
P-02074,25,PVC,2009,17,1545.1,54.5,Clay,1610.3,4,4,877.1,3.1,1,0,55.2,High
P-02075,90,HDPE,2014,12,2482.0,21.0,Clay,1255.7,1,1,1300.0,6.4,2,1,9.3,Low
P-02076,50,Ductile Iron,2009,17,1319.5,33.3,Sandy,811.8,3,2,1070.5,1.5,4,0,23.6,Low
P-02077,50,PVC,2024,2,1555.9,42.5,Rocky,1508.5,0,0,1039.5,1.5,0,0,7.3,Low
P-02078,32,GI,1998,28,2169.8,45.4,Rocky,908.8,2,2,931.2,1.0,5,0,50.6,High
P-02079,160,HDPE,1995,31,1868.1,33.8,Black Cotton,859.1,3,0,1058.9,9.8,6,0,49.6,Moderate
P-02080,32,PVC,1995,31,1352.5,33.6,Loam,905.1,6,4,1008.6,4.7,7,1,63.4,High
P-02081,110,GI,1995,31,1220.8,31.1,Sandy,1549.7,2,3,1160.4,4.4,6,0,46.8,Moderate
P-02082,32,Ductile Iron,2022,4,2051.1,37.8,Clay,1391.3,1,0,1360.2,9.3,1,0,9.0,Low
P-02083,90,PVC,2000,26,1889.1,36.2,Clay,1591.2,2,2,1076.4,3.1,4,1,36.5,Moderate
P-02084,50,PVC,2020,6,1717.9,43.7,Sandy,947.6,1,1,1094.5,3.7,2,1,12.2,Low
P-02085,40,GI,2022,4,143.7,8.0,Clay,1402.8,1,1,1008.3,0.5,0,0,4.3,Low
P-02086,32,HDPE,1997,29,2392.4,58.1,Loam,1138.5,5,1,1168.2,4.2,9,0,63.7,High
P-02087,50,HDPE,2020,6,1759.8,40.8,Sandy,1193.1,1,0,1518.9,3.1,1,0,10.4,Low
P-02088,75,PVC,1998,28,1315.4,27.8,Sandy,1502.3,1,0,952.6,0.5,5,1,22.5,Low
P-02089,160,HDPE,2019,7,1326.9,39.8,Loam,1414.9,0,0,843.6,4.2,0,0,9.8,Low
P-02090,32,GI,2007,19,1889.6,20.9,Loam,1274.7,1,2,1318.9,2.0,1,0,19.2,Low
P-02091,50,HDPE,2009,17,266.2,42.9,Loam,1520.6,1,1,875.1,1.3,5,0,19.9,Low
P-02092,90,PVC,2021,5,1901.4,28.9,Rocky,1314.7,1,1,942.4,8.5,0,0,8.5,Low
P-02093,110,PVC,2009,17,1866.9,17.3,Clay,1579.1,2,0,1475.5,4.3,5,0,10.0,Low
P-02094,110,HDPE,1998,28,2151.7,23.6,Rocky,1489.1,4,2,758.9,2.2,5,1,36.4,Moderate
P-02095,90,HDPE,2018,8,2368.6,19.1,Sandy,1525.4,0,0,1162.6,1.7,4,0,4.1,Low
P-02096,63,GI,2024,2,2316.4,51.6,Loam,1000.8,0,0,626.3,0.6,1,0,10.9,Low
P-02097,110,Ductile Iron,2005,21,862.2,45.1,Rocky,1326.0,2,0,1196.7,4.0,4,0,29.6,Moderate
P-02098,25,PVC,2002,24,1166.3,18.9,Sandy,1167.8,2,4,1392.6,5.3,4,0,26.5,Moderate
P-02099,40,GI,1995,31,133.3,23.4,Rocky,1571.4,2,3,1167.1,3.2,10,1,34.1,Moderate
P-02100,75,GI,2017,9,937.6,29.2,Loam,1739.3,0,1,980.1,1.1,3,0,8.8,Low
P-02101,90,HDPE,2013,13,555.1,64.2,Black Cotton,919.1,2,1,935.0,0.5,0,1,46.7,Moderate
P-02102,50,HDPE,2006,20,1161.1,51.6,Sandy,1177.0,2,3,1160.5,6.3,4,0,42.8,Moderate
P-02103,32,GI,2003,23,811.4,50.7,Loam,949.6,3,0,1217.1,6.6,5,1,46.0,Moderate
P-02104,75,PVC,1998,28,326.4,55.5,Rocky,1516.8,3,4,573.2,2.2,2,0,69.3,High
P-02105,160,GI,2023,3,619.1,36.1,Loam,1274.2,2,0,595.6,5.2,0,0,11.1,Low
P-02106,25,Ductile Iron,2010,16,1802.2,48.1,Sandy,1683.6,4,0,880.0,0.2,4,1,30.3,Moderate
P-02107,110,PVC,2003,23,736.1,16.1,Clay,1504.0,4,2,1304.2,9.6,4,0,26.3,Moderate
P-02108,32,PVC,2000,26,2163.8,12.5,Loam,1185.0,1,6,683.0,0.7,5,0,24.2,Low
P-02109,63,PVC,1998,28,321.2,28.2,Clay,821.5,3,3,1421.2,2.4,3,0,41.9,Moderate
P-02110,110,HDPE,2006,20,356.9,14.3,Sandy,1306.6,3,0,957.3,1.5,3,0,14.0,Low
P-02111,40,PVC,2010,16,891.7,58.4,Sandy,1086.2,3,2,1057.2,3.7,2,0,44.5,Moderate
P-02112,40,Ductile Iron,2004,22,2035.2,25.2,Loam,1058.4,1,1,1353.7,1.4,5,0,16.3,Low
P-02113,40,PVC,2020,6,2183.4,36.3,Black Cotton,917.0,1,0,1391.5,1.8,3,0,10.9,Low
P-02114,110,PVC,1999,27,615.3,29.0,Rocky,1243.8,5,5,1115.2,4.7,7,1,51.0,High
P-02115,75,HDPE,2010,16,1562.7,37.4,Loam,1410.8,1,3,822.5,3.6,4,1,21.3,Low
P-02116,75,Ductile Iron,2009,17,2488.6,27.8,Clay,1115.3,1,2,945.2,4.2,0,0,19.0,Low
P-02117,63,PVC,2022,4,2480.9,34.9,Sandy,1618.6,1,0,931.5,6.3,0,0,8.3,Low
P-02118,40,Ductile Iron,2000,26,774.9,50.9,Loam,1416.3,3,3,915.7,2.6,8,0,50.6,High
P-02119,50,PVC,2013,13,1714.4,38.9,Loam,1751.2,3,1,1256.1,6.9,0,0,25.2,Moderate
P-02120,75,PVC,2008,18,585.9,20.6,Black Cotton,1711.9,2,0,1533.2,1.9,2,0,18.1,Low
P-02121,160,HDPE,2018,8,1004.7,24.6,Sandy,1677.6,1,2,957.5,8.0,1,0,9.6,Low
P-02122,75,PVC,2008,18,983.4,39.7,Sandy,1060.7,3,0,1344.1,7.9,2,0,28.5,Moderate
P-02123,50,GI,2002,24,1150.1,28.8,Black Cotton,1706.5,0,2,1121.0,8.1,4,0,33.2,Moderate
P-02124,110,HDPE,2019,7,206.4,49.5,Loam,1539.1,1,1,1024.1,4.6,1,0,16.5,Low
P-02125,50,GI,2018,8,227.3,51.6,Clay,1661.3,0,3,660.5,4.3,1,1,23.2,Low
P-02126,40,PVC,2023,3,2117.8,45.9,Rocky,1793.1,0,0,1256.3,8.7,0,0,9.7,Low
P-02127,50,GI,2009,17,1316.0,33.3,Rocky,814.8,0,1,1183.4,8.1,4,0,17.5,Low
P-02128,63,GI,2019,7,650.8,29.4,Sandy,1357.7,0,2,1474.6,9.8,4,0,9.3,Low
P-02129,40,PVC,2003,23,1682.2,52.6,Black Cotton,1045.6,1,1,653.4,0.8,3,1,46.5,Moderate
P-02130,90,HDPE,2013,13,1457.2,27.8,Black Cotton,1666.4,1,1,757.2,6.5,2,0,16.6,Low
P-02131,90,GI,2016,10,1471.6,38.3,Loam,1089.9,0,0,1132.5,3.8,3,0,11.6,Low
P-02132,25,PVC,2011,15,349.5,28.9,Clay,1601.3,2,1,1138.5,6.6,2,0,16.9,Low
P-02133,32,HDPE,2000,26,529.1,32.7,Loam,1432.5,7,5,1136.7,5.4,1,1,69.6,High
P-02134,32,Ductile Iron,1998,28,1035.1,29.9,Rocky,875.9,4,2,771.1,4.1,6,1,40.8,Moderate
P-02135,75,GI,2020,6,1577.3,36.2,Loam,827.4,2,0,1319.2,2.0,2,0,11.8,Low
P-02136,160,PVC,2000,26,2343.5,47.1,Sandy,976.9,1,1,1489.4,2.5,6,0,35.1,Moderate
P-02137,32,Ductile Iron,2013,13,1396.8,35.8,Loam,1373.0,2,0,1008.5,0.2,4,1,13.6,Low
P-02138,75,PVC,1995,31,170.7,26.7,Clay,1547.2,3,3,717.9,3.8,7,0,40.8,Moderate
P-02139,25,GI,1997,29,1067.7,28.9,Black Cotton,801.2,2,1,1178.0,3.2,2,1,48.9,Moderate
P-02140,40,PVC,2019,7,115.2,36.4,Loam,1425.4,2,1,652.3,4.2,2,0,12.3,Low
P-02141,25,GI,2008,18,1004.7,45.0,Loam,1609.2,0,0,791.7,1.1,2,1,23.5,Low
P-02142,90,PVC,1996,30,1190.8,8.0,Loam,1117.5,8,3,1439.5,13.7,5,0,51.6,High
P-02143,32,GI,2020,6,1726.4,28.4,Clay,915.4,0,1,1033.2,1.0,3,0,7.0,Low
P-02144,25,GI,2001,25,1293.1,56.2,Clay,1186.1,3,3,1046.7,4.3,3,1,65.9,High
P-02145,25,PVC,1996,30,2023.3,51.6,Clay,880.7,4,2,1082.4,2.2,7,1,61.1,High
P-02146,63,PVC,2012,14,479.5,49.6,Clay,925.7,2,0,903.1,4.4,1,1,26.0,Moderate
P-02147,32,GI,2012,14,213.0,42.4,Clay,1479.0,1,0,1210.0,3.2,1,1,21.4,Low
P-02148,25,PVC,2017,9,413.3,35.7,Rocky,1731.3,2,0,1257.6,2.6,1,0,12.6,Low
P-02149,40,Ductile Iron,2007,19,1531.7,35.8,Clay,1419.0,3,1,789.4,2.2,4,0,25.8,Moderate
P-02150,110,Ductile Iron,2007,19,1789.6,31.9,Clay,1590.6,4,2,1246.9,7.3,5,1,29.6,Moderate
P-02151,32,PVC,2008,18,1380.0,49.0,Clay,1596.1,1,0,1087.4,1.6,5,0,22.6,Low
P-02152,75,HDPE,2007,19,1497.7,41.1,Clay,1252.7,3,3,1286.7,9.9,4,0,37.8,Moderate
P-02153,32,HDPE,2003,23,440.4,28.2,Loam,1494.5,7,2,1092.1,9.9,7,1,44.0,Moderate
P-02154,160,PVC,2013,13,1002.8,41.1,Sandy,1307.1,2,1,1501.1,3.2,2,0,20.3,Low
P-02155,75,GI,2016,10,408.9,26.9,Loam,1558.1,0,1,1336.6,12.8,0,1,12.1,Low
P-02156,32,PVC,1999,27,1342.3,38.6,Rocky,1355.2,8,1,543.4,3.0,2,1,66.1,High
P-02157,32,PVC,2000,26,1442.7,14.2,Clay,1444.3,2,2,1549.2,5.9,5,0,20.7,Low
P-02158,110,Ductile Iron,2007,19,943.2,29.1,Loam,1173.3,2,4,1059.1,13.3,4,1,28.5,Moderate
P-02159,110,GI,2008,18,112.5,25.8,Black Cotton,1731.2,5,1,940.3,7.0,3,0,39.2,Moderate
P-02160,40,Ductile Iron,2022,4,414.3,23.2,Rocky,1032.5,0,0,837.4,13.8,2,0,4.7,Low
P-02161,160,GI,2016,10,1025.3,26.6,Loam,1529.7,1,2,1007.4,2.8,2,0,12.4,Low
P-02162,25,PVC,1995,31,579.5,43.7,Sandy,1261.9,1,3,828.3,3.0,10,0,41.8,Moderate
P-02163,110,PVC,2007,19,1965.0,45.7,Sandy,1224.7,3,1,1241.2,0.7,4,0,32.4,Moderate
P-02164,160,Ductile Iron,2018,8,2006.3,37.0,Loam,830.4,1,0,983.8,4.0,1,0,10.7,Low
P-02165,75,GI,2015,11,1498.6,38.8,Loam,1309.9,1,0,987.4,7.0,4,1,14.5,Low
P-02166,90,GI,2024,2,493.9,27.9,Rocky,1597.1,0,0,626.4,2.7,0,0,5.6,Low
P-02167,32,Ductile Iron,2024,2,612.0,46.4,Loam,1333.6,0,0,587.9,18.9,0,0,10.5,Low
P-02168,63,GI,2006,20,2446.9,25.0,Sandy,1216.4,2,1,938.9,4.4,9,0,16.7,Low
P-02169,32,GI,2004,22,1866.2,31.2,Clay,1510.0,1,2,1056.2,4.6,1,1,30.8,Moderate
P-02170,75,HDPE,2010,16,2401.4,46.4,Clay,1519.5,2,0,907.0,2.0,2,1,24.9,Low
P-02171,90,PVC,2000,26,1133.3,64.1,Black Cotton,1535.1,6,2,874.6,7.2,10,1,76.7,Very High
P-02172,40,Ductile Iron,2021,5,605.3,33.8,Sandy,1036.4,0,0,922.2,12.8,2,0,7.1,Low
P-02173,110,HDPE,2005,21,815.5,16.5,Loam,1103.8,3,2,1043.3,2.2,3,0,19.9,Low
P-02174,160,PVC,2008,18,2418.2,43.0,Rocky,848.9,3,2,732.0,1.5,1,0,35.8,Moderate
P-02175,90,PVC,2021,5,2099.1,26.7,Loam,1390.9,0,1,929.7,1.8,1,0,5.8,Low
P-02176,75,HDPE,2011,15,905.2,46.5,Sandy,1171.9,1,3,895.7,4.7,5,0,24.9,Low
P-02177,50,GI,2011,15,1755.9,30.6,Clay,980.5,0,0,1800.0,1.4,11,0,8.0,Low
P-02178,63,PVC,2000,26,854.1,24.0,Sandy,818.9,6,1,961.3,0.6,3,1,40.8,Moderate
P-02179,160,PVC,2004,22,1103.9,50.8,Black Cotton,1532.3,2,1,1049.5,2.6,4,0,46.6,Moderate
P-02180,32,Ductile Iron,2021,5,1049.1,44.3,Loam,1328.2,1,2,880.3,0.6,1,0,13.2,Low
P-02181,32,PVC,2002,24,1405.5,37.2,Sandy,825.3,1,2,1142.5,4.0,5,0,29.0,Moderate
P-02182,25,HDPE,2008,18,422.9,42.1,Sandy,1515.2,3,1,954.6,4.5,3,0,30.6,Moderate
P-02183,90,PVC,2001,25,2282.7,53.6,Loam,1196.8,0,2,865.9,4.4,3,0,42.5,Moderate
P-02184,63,PVC,1999,27,2213.9,29.7,Loam,1372.4,3,5,1018.3,0.4,5,1,44.1,Moderate
P-02185,50,Ductile Iron,2023,3,355.7,34.6,Clay,1172.8,1,0,1055.8,1.2,0,0,7.1,Low
P-02186,63,PVC,1995,31,1042.7,16.4,Clay,984.9,2,5,957.4,11.7,10,1,32.8,Moderate
P-02187,90,HDPE,2024,2,147.1,8.6,Loam,908.6,0,0,870.1,8.0,1,0,2.4,Low
P-02188,40,PVC,2016,10,1368.9,44.7,Clay,1495.5,1,2,1214.9,3.6,3,0,17.2,Low
P-02189,32,PVC,2022,4,1412.3,43.8,Loam,957.4,0,0,1248.1,3.6,0,1,9.0,Low
P-02190,25,PVC,2014,12,352.7,14.5,Loam,1186.1,0,2,1216.8,5.8,2,0,7.1,Low
P-02191,40,PVC,2014,12,1348.2,19.0,Loam,1623.3,2,1,1135.9,5.5,2,0,10.1,Low
P-02192,25,PVC,2012,14,474.0,59.9,Loam,1262.4,0,3,1389.4,9.9,4,0,32.0,Moderate
P-02193,63,HDPE,2007,19,1963.3,26.8,Loam,982.6,3,2,1145.9,0.9,3,0,23.1,Low
P-02194,63,GI,1999,27,2494.3,26.2,Clay,976.2,2,2,1334.6,2.6,4,1,34.6,Moderate
P-02195,160,HDPE,1996,30,1936.2,37.9,Loam,1502.0,3,1,664.0,0.7,2,1,48.5,Moderate
P-02196,40,GI,2003,23,2145.9,23.4,Black Cotton,1118.3,4,3,1539.7,5.1,2,0,49.0,Moderate
P-02197,90,GI,2021,5,641.4,47.3,Rocky,994.7,0,1,1265.0,3.5,1,1,13.6,Low
P-02198,75,GI,2017,9,541.9,42.4,Sandy,1303.5,3,1,1025.8,2.3,0,0,24.3,Low
P-02199,50,Ductile Iron,2014,12,2174.5,14.8,Loam,952.7,3,2,1087.6,2.4,2,0,11.3,Low
P-02200,50,PVC,1997,29,1938.9,57.8,Loam,1706.0,4,4,671.6,2.0,4,1,73.6,High
P-02201,25,GI,2022,4,515.5,41.9,Sandy,857.0,0,0,751.4,1.1,0,0,9.8,Low
P-02202,63,GI,2013,13,1249.8,25.8,Loam,1335.1,1,0,938.8,1.5,2,0,11.5,Low
P-02203,110,PVC,1996,30,524.3,21.5,Sandy,1681.8,2,2,1025.8,2.6,6,0,28.9,Moderate
P-02204,110,PVC,2003,23,1121.7,14.4,Clay,1794.5,3,1,552.1,1.7,1,1,20.8,Low
P-02205,25,Ductile Iron,2013,13,1378.4,30.8,Loam,847.9,0,1,767.3,14.1,3,0,12.1,Low
P-02206,75,GI,2013,13,837.9,15.8,Rocky,921.1,0,1,1337.6,4.1,4,0,7.4,Low
P-02207,50,PVC,1996,30,1051.9,44.9,Loam,1606.5,6,3,1015.6,5.9,8,1,66.8,High
P-02208,40,PVC,2000,26,2454.7,25.2,Clay,1216.4,5,3,1042.2,1.6,9,0,35.5,Moderate
P-02209,32,GI,2021,5,696.5,26.7,Loam,1685.2,0,0,1264.9,13.9,1,0,7.3,Low
P-02210,160,HDPE,2014,12,1361.6,36.8,Loam,1143.0,1,1,1008.0,2.4,1,0,15.1,Low
P-02211,25,GI,1997,29,1329.1,22.2,Sandy,1785.5,7,2,1200.2,0.4,3,1,57.4,High
P-02212,50,PVC,2009,17,1047.1,31.6,Loam,1061.1,6,0,1219.9,1.8,5,0,26.7,Moderate
P-02213,32,HDPE,2000,26,1452.1,31.5,Black Cotton,1639.9,1,4,1284.6,0.4,8,0,36.1,Moderate
P-02214,32,PVC,1998,28,1728.2,30.5,Black Cotton,1359.4,6,2,1118.0,5.3,4,0,62.2,High
P-02215,110,PVC,2008,18,1744.0,51.2,Clay,1644.4,2,1,1172.4,1.7,5,0,30.1,Moderate
P-02216,90,Ductile Iron,2004,22,1806.3,43.0,Clay,1182.6,2,2,1404.3,3.6,5,0,33.8,Moderate
P-02217,63,Ductile Iron,2009,17,1107.0,23.8,Clay,1777.7,2,1,902.6,6.6,3,0,15.7,Low
P-02218,40,GI,2006,20,1345.8,27.5,Clay,990.6,2,1,1536.8,3.6,3,1,23.6,Low
P-02219,75,PVC,2013,13,1901.7,42.2,Sandy,1509.6,2,1,795.9,0.1,1,0,21.2,Low
P-02220,50,GI,2015,11,91.3,17.9,Black Cotton,1629.4,1,0,1097.1,9.5,6,0,9.7,Low
P-02221,63,GI,2005,21,1058.4,17.9,Loam,1376.2,3,2,1420.7,4.3,6,0,21.5,Low
P-02222,90,PVC,2006,20,1100.0,53.5,Clay,1002.5,3,2,500.0,4.3,4,0,44.9,Moderate
P-02223,160,PVC,2017,9,2440.2,46.1,Rocky,1104.1,0,2,1085.2,0.6,6,0,11.9,Low
P-02224,160,HDPE,2021,5,346.3,44.1,Rocky,922.2,0,2,1198.0,1.7,1,0,11.3,Low
P-02225,63,GI,2016,10,1084.8,42.4,Loam,1626.9,1,1,1537.0,0.5,1,0,18.1,Low
P-02226,32,HDPE,2007,19,1312.3,23.8,Rocky,938.8,5,1,787.0,1.1,5,0,23.2,Low
P-02227,50,PVC,2002,24,471.5,38.7,Sandy,1767.1,5,5,1352.1,2.6,5,1,56.0,High
P-02228,75,PVC,2015,11,1688.7,41.9,Sandy,1072.1,0,1,758.8,15.1,4,0,14.3,Low
P-02229,160,PVC,2005,21,2133.7,29.7,Clay,1023.0,2,3,875.6,6.4,3,0,28.5,Moderate
P-02230,50,PVC,2005,21,1307.1,8.0,Sandy,1466.1,4,1,1163.2,4.5,1,0,18.4,Low
P-02231,50,GI,2008,18,1616.1,35.9,Loam,1152.8,5,1,1087.9,6.6,3,0,39.1,Moderate
P-02232,40,GI,2017,9,1527.3,28.4,Clay,812.6,2,1,783.0,3.2,0,0,14.3,Low
P-02233,160,PVC,2007,19,1566.5,36.2,Loam,1536.2,4,2,859.7,2.6,6,0,29.9,Moderate
P-02234,40,GI,1996,30,563.8,44.1,Loam,992.3,0,6,639.2,15.7,11,0,53.7,High
P-02235,75,PVC,2015,11,789.9,33.0,Sandy,949.3,1,2,1252.2,1.7,1,0,14.0,Low
P-02236,25,GI,2012,14,1167.7,55.7,Loam,844.3,0,1,948.4,3.9,2,0,28.3,Moderate
P-02237,110,PVC,2016,10,1490.7,38.3,Clay,1655.8,1,0,1337.9,2.1,1,0,12.3,Low
P-02238,75,GI,2019,7,2069.0,25.6,Clay,908.4,0,0,916.3,0.3,1,0,6.7,Low
P-02239,90,HDPE,2004,22,210.0,43.6,Sandy,1143.7,2,2,1200.8,10.9,4,1,38.2,Moderate
P-02240,25,GI,2012,14,2089.9,30.2,Rocky,1590.2,4,1,899.5,2.0,3,0,23.3,Low
P-02241,90,GI,2005,21,686.1,17.7,Loam,951.9,4,3,877.9,1.7,7,0,25.2,Moderate
P-02242,75,HDPE,2016,10,1848.5,54.5,Clay,1574.0,0,0,781.8,0.8,2,0,16.1,Low
P-02243,90,Ductile Iron,2012,14,2063.7,22.9,Sandy,868.1,1,0,1044.0,0.9,2,0,9.3,Low
P-02244,40,PVC,1995,31,2054.0,28.4,Black Cotton,1287.1,3,2,1056.9,6.7,4,1,53.2,High
P-02245,63,PVC,2010,16,2300.0,28.7,Black Cotton,1735.6,0,5,962.5,10.8,7,0,22.2,Low
P-02246,40,HDPE,2023,3,2469.7,16.6,Loam,1264.2,2,0,764.5,4.6,0,0,4.9,Low
P-02247,40,PVC,1995,31,2415.3,37.2,Clay,1407.0,6,2,1032.8,1.9,7,1,59.3,High
P-02248,63,HDPE,2000,26,903.9,37.9,Loam,1052.3,6,4,1158.1,0.9,4,0,61.1,High
P-02249,50,Ductile Iron,2020,6,133.5,18.0,Loam,1654.5,0,2,841.2,4.3,1,0,5.4,Low
P-02250,160,HDPE,1998,28,2079.7,31.4,Rocky,1211.6,3,3,1073.4,9.5,3,1,47.3,Moderate
P-02251,32,PVC,1997,29,1652.2,52.8,Loam,1675.6,5,7,1091.8,5.4,10,0,75.3,Very High
P-02252,90,PVC,2005,21,419.5,36.3,Rocky,1760.7,4,6,685.7,6.9,6,0,47.2,Moderate
P-02253,75,HDPE,1999,27,179.2,35.8,Loam,1632.4,5,2,1046.8,3.5,1,0,55.8,High
P-02254,160,GI,2011,15,739.4,50.2,Clay,1216.2,0,2,1045.8,1.2,0,1,30.1,Moderate
P-02255,63,PVC,2022,4,2012.9,34.3,Sandy,1183.7,2,1,1183.9,3.3,0,1,10.3,Low
P-02256,90,Ductile Iron,2003,23,983.6,12.4,Sandy,1445.2,6,1,1291.8,0.4,5,0,24.5,Low
P-02257,90,Ductile Iron,1997,29,1869.2,54.8,Loam,867.0,4,2,500.0,10.4,6,1,66.2,High
P-02258,110,PVC,2022,4,1627.9,32.2,Rocky,1116.8,0,1,971.1,4.8,1,0,6.7,Low
P-02259,160,HDPE,2010,16,162.0,28.3,Loam,912.0,0,4,1030.3,0.3,5,0,14.4,Low
P-02260,25,PVC,1995,31,2258.7,65.8,Loam,1654.9,6,3,1241.2,3.5,5,1,83.9,Very High
P-02261,32,GI,2020,6,1573.3,39.7,Loam,1628.5,1,0,579.4,1.4,1,0,11.7,Low
P-02262,50,HDPE,2007,19,2119.7,38.6,Loam,1675.0,3,1,954.2,0.6,0,0,32.2,Moderate
P-02263,50,Ductile Iron,1996,30,1773.4,31.7,Clay,835.2,3,1,1346.8,4.0,5,1,39.9,Moderate
P-02264,40,GI,1995,31,1831.3,66.1,Sandy,1602.0,5,0,943.9,0.7,4,1,78.7,Very High
P-02265,110,GI,2009,17,2130.8,48.1,Sandy,1325.1,1,3,1483.4,3.6,3,0,35.5,Moderate
P-02266,110,HDPE,1995,31,1088.1,33.5,Loam,1066.0,3,5,1219.0,7.1,6,1,55.8,High
P-02267,32,PVC,2001,25,385.9,33.8,Rocky,1078.3,3,1,770.0,0.7,2,0,35.8,Moderate
P-02268,32,PVC,2021,5,2289.4,28.2,Clay,1567.1,0,2,1104.7,2.2,0,0,7.3,Low
P-02269,63,PVC,2004,22,561.7,41.3,Clay,1434.4,3,3,1584.4,5.3,2,0,44.6,Moderate
P-02270,40,GI,2018,8,528.7,36.9,Black Cotton,1012.2,0,2,1056.1,10.1,0,0,20.7,Low
P-02271,25,HDPE,2008,18,1070.0,31.9,Black Cotton,1229.1,6,1,874.0,4.8,5,1,40.1,Moderate
P-02272,63,Ductile Iron,2006,20,791.3,18.5,Loam,1746.8,1,1,871.2,1.1,3,0,12.9,Low
P-02273,25,PVC,2000,26,576.1,17.9,Sandy,887.7,2,1,1171.2,11.0,6,0,20.9,Low
P-02274,63,Ductile Iron,1998,28,654.4,30.7,Black Cotton,1204.6,3,2,1535.8,11.0,3,1,52.7,High
P-02275,25,GI,2010,16,1384.3,38.8,Rocky,804.7,1,1,871.5,4.1,2,1,23.3,Low
P-02276,90,GI,1998,28,336.3,54.1,Sandy,863.3,5,0,828.0,0.7,8,0,60.4,High
P-02277,50,PVC,1995,31,2301.0,42.2,Sandy,1623.3,7,3,768.8,4.3,8,0,69.8,High
P-02278,40,Ductile Iron,1998,28,1673.8,25.4,Loam,1612.7,1,1,1118.5,6.5,2,0,28.4,Moderate
P-02279,40,PVC,2012,14,578.4,25.3,Clay,1532.5,1,1,854.7,0.2,3,1,10.6,Low
P-02280,90,HDPE,2011,15,2496.7,29.7,Clay,1011.3,0,3,1147.7,3.9,3,0,14.6,Low
P-02281,25,HDPE,2007,19,907.3,48.3,Clay,1197.9,4,1,1284.4,4.7,5,0,38.6,Moderate
P-02282,32,PVC,2016,10,2033.4,45.8,Sandy,1420.2,1,2,1149.3,6.8,1,1,20.4,Low
P-02283,90,PVC,2018,8,960.5,33.8,Loam,1130.4,0,1,775.1,6.6,2,0,9.0,Low
P-02284,63,Ductile Iron,2016,10,372.2,37.0,Rocky,1450.8,1,1,1067.8,5.6,3,0,12.6,Low
P-02285,75,PVC,1997,29,895.6,23.8,Sandy,1127.1,7,1,1220.1,2.2,7,1,45.2,Moderate
P-02286,25,PVC,2007,19,2048.8,28.0,Clay,1198.6,1,1,1421.7,2.0,6,0,14.0,Low
P-02287,75,PVC,2017,9,1155.6,37.2,Black Cotton,1346.2,5,3,1130.2,2.1,1,0,35.2,Moderate
P-02288,25,HDPE,2015,11,2465.1,24.3,Rocky,1621.3,2,4,965.8,14.0,0,1,19.3,Low
P-02289,32,GI,2001,25,2428.2,49.3,Sandy,1067.0,4,2,970.5,0.3,5,1,57.1,High
P-02290,75,PVC,2024,2,993.2,49.4,Loam,1432.3,0,0,1177.7,5.6,1,0,9.1,Low
P-02291,40,GI,2009,17,770.7,34.7,Clay,819.5,1,1,863.0,5.4,5,0,19.5,Low
P-02292,90,Ductile Iron,2010,16,66.8,23.8,Rocky,1127.3,0,0,1030.7,6.7,2,0,10.1,Low
P-02293,75,Ductile Iron,2022,4,1008.7,23.2,Sandy,1038.0,0,0,1277.9,1.4,2,0,4.0,Low
P-02294,40,PVC,2024,2,126.1,50.6,Sandy,1409.5,0,1,1378.2,4.2,2,0,9.9,Low
P-02295,32,GI,2005,21,2218.1,58.1,Loam,1429.2,2,2,1686.9,3.0,2,1,53.8,High
P-02296,40,PVC,2013,13,1340.4,8.0,Loam,1020.1,6,0,1246.9,3.6,1,0,13.3,Low
P-02297,110,GI,2018,8,407.5,11.1,Sandy,1671.5,1,1,1218.3,5.2,1,0,6.4,Low
P-02298,90,PVC,2016,10,744.7,34.2,Loam,903.0,2,2,1535.2,12.9,4,0,15.7,Low
P-02299,25,PVC,2004,22,2135.3,35.4,Loam,1711.2,1,1,1079.3,11.9,4,0,25.7,Moderate
P-02300,25,Ductile Iron,2010,16,974.1,24.6,Black Cotton,875.9,2,0,1226.8,13.6,4,1,18.8,Low
P-02301,90,PVC,2009,17,1859.7,56.9,Clay,1104.0,4,3,956.4,5.5,3,0,52.0,High
P-02302,50,PVC,2002,24,455.9,32.7,Loam,1752.3,3,3,930.1,5.0,4,0,37.9,Moderate
P-02303,25,HDPE,2024,2,555.1,42.6,Clay,1561.4,0,0,943.8,4.8,0,0,7.7,Low
P-02304,63,HDPE,2005,21,1018.6,34.4,Rocky,1661.0,3,1,967.6,8.5,9,0,23.8,Low
P-02305,25,Ductile Iron,2003,23,1708.3,42.3,Clay,801.3,1,3,800.8,2.7,6,0,32.2,Moderate
P-02306,90,PVC,2008,18,2415.1,43.2,Clay,914.2,5,2,844.3,13.1,6,0,41.6,Moderate
P-02307,110,PVC,1996,30,319.0,26.7,Sandy,834.3,2,4,1023.1,6.9,2,1,46.2,Moderate
P-02308,75,PVC,2008,18,436.9,40.5,Sandy,1169.0,6,5,925.0,5.2,5,0,51.9,High
P-02309,63,PVC,2003,23,2493.4,38.3,Rocky,902.1,5,4,1101.3,3.5,6,1,49.5,Moderate
P-02310,160,PVC,1999,27,982.2,23.6,Black Cotton,909.3,6,3,799.7,2.0,6,1,53.5,High
P-02311,50,GI,2014,12,947.5,27.0,Sandy,1176.1,1,0,1234.8,6.1,1,0,12.5,Low
P-02312,25,HDPE,2005,21,2403.6,8.0,Rocky,1288.7,2,1,1242.7,1.8,3,0,11.8,Low
P-02313,110,PVC,2010,16,1144.0,42.8,Clay,1659.9,2,0,753.7,4.1,3,0,22.1,Low
P-02314,50,GI,2005,21,1290.9,14.4,Black Cotton,1066.6,4,3,827.5,2.6,3,0,35.4,Moderate
P-02315,160,Ductile Iron,2001,25,1203.9,25.7,Loam,1423.6,4,1,1067.1,2.3,6,0,28.9,Moderate
P-02316,110,PVC,2013,13,2235.9,30.3,Loam,1518.8,1,1,1106.7,3.7,4,1,11.5,Low
P-02317,25,GI,2010,16,2330.7,58.2,Clay,967.6,0,3,1298.0,7.6,3,1,39.1,Moderate
P-02318,25,PVC,2013,13,982.9,33.3,Clay,1388.0,0,7,939.2,0.8,3,0,21.1,Low
P-02319,25,GI,2000,26,1977.5,32.3,Black Cotton,1278.0,2,2,976.6,11.7,5,0,48.1,Moderate
P-02320,50,HDPE,2013,13,831.9,44.7,Loam,965.5,4,1,1534.0,7.8,4,0,28.2,Moderate
P-02321,160,GI,2019,7,1228.8,41.9,Clay,952.5,2,0,751.0,2.5,2,0,15.0,Low
P-02322,32,GI,2022,4,2217.6,58.7,Rocky,1701.6,3,0,1310.3,7.1,1,0,25.8,Moderate
P-02323,110,PVC,2010,16,1093.6,29.7,Loam,1261.5,0,1,945.1,4.4,2,0,13.2,Low
P-02324,160,HDPE,1998,28,1545.2,40.7,Black Cotton,1070.9,4,3,1089.3,13.2,5,1,66.5,High
P-02325,90,PVC,2020,6,2454.5,39.7,Loam,1130.4,1,0,1302.1,1.3,3,0,8.8,Low
P-02326,32,PVC,1996,30,931.5,35.9,Clay,1477.5,5,2,579.6,6.4,6,0,55.0,High
P-02327,110,HDPE,2021,5,1645.4,25.2,Loam,886.0,1,0,1287.6,1.9,0,0,6.1,Low
P-02328,50,PVC,1996,30,1633.8,47.9,Loam,1301.0,1,4,821.6,14.4,4,1,60.0,High
P-02329,32,GI,2002,24,2306.6,34.6,Loam,1511.1,6,3,1199.1,0.6,5,0,54.7,High
P-02330,63,Ductile Iron,2012,14,1293.1,49.5,Loam,1259.6,0,0,1581.2,4.6,2,0,18.7,Low
P-02331,25,PVC,2006,20,310.9,22.4,Black Cotton,1289.3,2,2,1380.0,0.4,4,1,23.5,Low
P-02332,50,PVC,2012,14,1488.2,55.2,Sandy,1287.0,1,2,1331.7,8.9,0,0,34.5,Moderate
P-02333,63,HDPE,1997,29,788.9,42.1,Loam,1438.9,3,8,760.9,7.5,4,1,71.1,High
P-02334,40,GI,1996,30,1679.7,41.2,Rocky,1167.7,5,4,569.6,1.5,9,0,64.4,High
P-02335,160,GI,1997,29,858.3,46.3,Clay,1310.2,3,1,796.2,6.2,9,0,50.5,High
P-02336,63,GI,2019,7,181.1,51.3,Rocky,905.2,1,3,1030.7,6.6,1,0,25.5,Moderate
P-02337,160,GI,2002,24,2408.3,25.9,Loam,950.3,3,0,627.1,5.0,10,0,21.8,Low
P-02338,40,PVC,2012,14,969.7,43.2,Black Cotton,953.3,3,3,964.2,2.2,4,0,36.3,Moderate
P-02339,63,PVC,2007,19,1400.0,24.3,Clay,1055.1,1,0,1272.7,3.5,5,0,12.0,Low
P-02340,50,GI,2010,16,858.4,10.2,Loam,1055.5,3,4,717.1,6.2,5,0,16.9,Low
P-02341,110,PVC,2007,19,1612.2,18.0,Clay,1146.9,1,5,1388.4,5.9,2,1,20.7,Low
P-02342,63,GI,2014,12,446.7,24.6,Sandy,1707.4,1,3,1036.5,7.2,2,1,15.7,Low
P-02343,32,HDPE,2011,15,493.5,12.8,Sandy,1036.8,3,3,1090.8,3.8,3,0,13.9,Low
P-02344,90,PVC,2013,13,1082.4,49.6,Clay,1200.5,3,0,746.9,3.7,2,0,26.6,Moderate
P-02345,110,GI,2019,7,791.7,24.4,Clay,1253.0,1,0,841.2,9.8,1,0,8.7,Low
P-02346,90,PVC,2010,16,643.4,57.1,Clay,955.5,1,0,1022.8,2.7,2,0,28.9,Moderate
P-02347,90,PVC,2016,10,1827.1,9.2,Loam,1448.8,2,1,1133.6,4.2,2,0,6.3,Low
P-02348,160,PVC,2002,24,866.8,35.3,Clay,1697.5,3,0,977.1,13.9,1,0,38.3,Moderate
P-02349,75,PVC,2023,3,1743.7,10.1,Loam,926.0,1,1,989.6,3.5,1,0,3.5,Low
P-02350,32,Ductile Iron,2021,5,1492.7,43.2,Black Cotton,865.7,1,0,1190.1,11.5,0,0,16.7,Low
P-02351,25,GI,2013,13,712.9,37.1,Loam,882.2,2,3,1644.6,4.8,3,0,25.3,Moderate
P-02352,110,PVC,1999,27,1493.6,31.4,Rocky,1001.3,3,5,890.4,4.1,7,0,43.9,Moderate
P-02353,63,Ductile Iron,2009,17,1394.5,37.0,Sandy,920.8,1,3,1246.4,1.6,2,0,24.0,Low
P-02354,25,HDPE,2007,19,195.7,36.4,Sandy,1168.9,0,3,988.2,2.0,3,0,22.0,Low
P-02355,75,PVC,2015,11,932.5,44.9,Loam,1134.4,5,0,849.8,3.9,5,0,24.1,Low
P-02356,160,PVC,2011,15,734.2,42.2,Black Cotton,943.0,3,2,843.3,1.9,2,0,36.8,Moderate
P-02357,90,PVC,2005,21,2205.5,30.6,Loam,1768.5,3,5,750.4,3.4,3,0,37.9,Moderate
P-02358,32,GI,1999,27,1421.8,11.3,Rocky,940.0,3,3,1018.3,0.2,6,0,26.8,Moderate
P-02359,50,GI,1998,28,2027.5,36.6,Rocky,1494.5,4,2,1259.1,2.7,6,0,51.0,High
P-02360,63,GI,2022,4,2490.5,30.6,Sandy,860.6,1,0,1353.0,5.8,2,0,7.7,Low
P-02361,32,PVC,1995,31,200.5,47.2,Sandy,1144.2,5,6,1096.4,1.1,10,1,70.5,High
P-02362,40,PVC,1995,31,2381.2,30.1,Loam,1603.1,3,2,1083.6,0.4,9,0,36.4,Moderate
P-02363,32,Ductile Iron,1996,30,1985.9,42.6,Rocky,1548.3,5,3,1118.0,3.8,5,1,64.3,High
P-02364,160,GI,1996,30,398.0,50.4,Clay,1447.7,4,1,1021.3,8.5,4,1,67.9,High
P-02365,110,Ductile Iron,2022,4,990.6,45.4,Sandy,1475.3,0,1,1151.0,8.6,1,1,10.8,Low
P-02366,40,HDPE,2023,3,2059.8,29.1,Clay,1257.4,2,0,889.5,5.7,0,0,7.5,Low
P-02367,90,GI,2007,19,584.8,25.2,Loam,1632.5,4,5,1275.4,0.2,3,0,37.8,Moderate
P-02368,110,GI,1999,27,1233.0,45.1,Clay,1193.3,2,2,944.8,9.0,5,0,51.5,High
P-02369,75,HDPE,2010,16,228.1,50.4,Loam,999.6,2,2,727.8,1.6,4,0,30.3,Moderate
P-02370,75,PVC,2011,15,844.9,33.7,Black Cotton,930.6,1,0,1366.9,1.6,2,0,18.8,Low
P-02371,50,PVC,2022,4,2191.4,17.6,Loam,1578.8,0,1,944.8,3.4,0,0,4.3,Low
P-02372,110,PVC,2008,18,703.9,37.7,Rocky,1086.1,0,0,1062.7,3.6,4,0,15.2,Low
P-02373,75,GI,2000,26,181.4,38.4,Sandy,1181.3,4,2,1069.8,7.7,7,0,49.2,Moderate
P-02374,40,Ductile Iron,2008,18,1130.0,31.9,Loam,1155.1,4,1,682.9,8.0,7,0,23.4,Low
P-02375,90,HDPE,2010,16,264.0,34.3,Clay,1381.4,2,2,818.8,3.9,1,0,23.5,Low
P-02376,160,GI,1998,28,2239.2,25.0,Clay,1711.0,1,2,1179.4,4.4,6,0,29.3,Moderate
P-02377,160,PVC,1997,29,51.3,45.2,Loam,1549.1,3,5,1229.5,6.8,10,0,56.2,High
P-02378,25,PVC,2011,15,751.1,27.2,Rocky,800.4,4,2,1085.6,1.3,5,0,19.4,Low
P-02379,110,GI,2024,2,1053.3,29.6,Clay,1698.4,1,0,990.0,6.5,0,0,7.3,Low
P-02380,75,Ductile Iron,2011,15,496.4,14.1,Loam,1100.7,3,2,544.3,3.3,3,1,12.9,Low
P-02381,160,HDPE,1998,28,1513.6,13.1,Sandy,1143.6,6,3,1053.0,2.5,4,0,40.7,Moderate
P-02382,50,HDPE,1999,27,2317.2,29.5,Rocky,1013.3,4,1,1218.0,1.5,9,0,30.8,Moderate
P-02383,32,PVC,2024,2,2172.0,39.2,Loam,1411.1,0,0,771.4,7.3,0,0,7.1,Low
P-02384,40,PVC,2017,9,2145.2,41.6,Loam,842.6,2,3,793.7,1.8,1,0,20.5,Low
P-02385,63,PVC,2022,4,1455.4,33.1,Sandy,1795.2,0,0,1035.4,0.7,0,0,6.1,Low
P-02386,40,HDPE,2013,13,1091.6,49.1,Sandy,1245.3,0,0,872.2,7.2,3,0,17.1,Low
P-02387,40,GI,2006,20,309.0,27.1,Loam,1677.9,2,2,847.9,6.5,5,0,24.3,Low
P-02388,75,GI,2021,5,720.2,36.4,Black Cotton,1063.2,2,1,723.0,4.2,1,0,18.1,Low
P-02389,32,PVC,2023,3,1358.4,43.1,Loam,1045.3,1,0,1349.5,3.3,1,0,9.1,Low
P-02390,110,GI,2006,20,1055.6,42.5,Black Cotton,1659.9,3,1,915.7,5.3,3,0,47.7,Moderate
P-02391,110,PVC,2013,13,802.6,35.9,Clay,1792.8,3,1,1094.8,5.1,5,1,17.9,Low
P-02392,40,HDPE,2012,14,2004.2,12.8,Rocky,966.3,0,1,1208.7,5.8,3,0,6.5,Low
P-02393,32,HDPE,2000,26,82.5,53.0,Sandy,1339.6,2,4,1017.7,5.9,2,1,61.2,High
P-02394,50,PVC,2004,22,725.0,43.5,Loam,1507.4,2,4,799.6,1.0,3,0,42.3,Moderate
P-02395,75,PVC,2018,8,324.3,34.8,Sandy,1402.8,0,0,1338.0,8.9,2,0,8.6,Low
P-02396,25,HDPE,2010,16,2454.4,34.1,Loam,1410.1,2,2,942.4,2.9,4,1,20.1,Low
P-02397,25,HDPE,2001,25,761.2,38.9,Sandy,1747.8,4,1,931.4,0.6,1,1,45.9,Moderate
P-02398,75,GI,2012,14,1950.3,33.3,Rocky,936.2,1,0,1344.0,0.3,1,0,16.0,Low
P-02399,40,GI,2012,14,504.3,34.3,Clay,1298.3,3,1,724.1,1.5,3,0,22.5,Low
P-02400,25,Ductile Iron,2023,3,1413.5,45.8,Sandy,1653.0,0,1,821.5,1.3,1,1,9.3,Low
P-02401,25,GI,2023,3,240.4,17.1,Black Cotton,1005.5,0,0,1383.8,1.0,1,0,5.4,Low
P-02402,110,Ductile Iron,2006,20,1898.9,31.0,Loam,1045.8,5,3,957.8,3.8,4,0,37.6,Moderate
P-02403,50,GI,2015,11,305.8,45.3,Clay,1359.0,1,2,1000.9,1.1,7,0,17.5,Low
P-02404,75,HDPE,1997,29,900.1,46.4,Loam,1799.3,4,4,931.9,2.3,2,1,68.0,High
P-02405,90,PVC,2022,4,2027.6,32.6,Loam,836.8,0,1,1012.6,3.0,2,0,6.3,Low
P-02406,63,HDPE,1996,30,1678.2,8.0,Black Cotton,1320.2,5,4,878.5,1.9,3,0,48.7,Moderate
P-02407,40,Ductile Iron,2001,25,1025.0,33.2,Rocky,823.8,3,4,1338.4,5.7,3,0,45.1,Moderate
P-02408,90,GI,2001,25,997.8,50.5,Sandy,1047.7,2,1,780.8,4.8,4,1,49.2,Moderate
P-02409,75,GI,2008,18,2341.5,61.3,Clay,1500.7,0,3,972.7,1.0,7,1,37.3,Moderate
P-02410,63,GI,1998,28,2156.9,31.4,Clay,1402.9,4,3,710.3,3.5,3,1,54.5,High
P-02411,50,Ductile Iron,2004,22,180.7,33.0,Loam,1715.2,1,1,1243.5,4.8,7,0,19.3,Low
P-02412,32,HDPE,1997,29,732.0,31.2,Loam,1682.4,5,5,1036.4,2.9,4,1,60.4,High
P-02413,160,PVC,2007,19,446.2,38.8,Loam,1349.3,2,1,1007.3,8.4,6,0,23.9,Low
P-02414,50,PVC,2024,2,1067.3,30.5,Clay,1248.8,0,0,1378.8,3.5,0,0,5.1,Low
P-02415,75,HDPE,2011,15,1401.9,27.6,Clay,1550.9,0,2,873.2,1.6,2,0,12.5,Low
P-02416,25,HDPE,2023,3,875.1,23.4,Black Cotton,1565.9,0,0,1075.1,3.8,1,0,5.7,Low
P-02417,160,PVC,2004,22,1893.9,34.9,Clay,1775.5,5,0,1262.2,3.4,5,1,33.7,Moderate
P-02418,110,Ductile Iron,2015,11,1658.5,21.6,Clay,1517.3,0,1,986.4,4.1,0,0,8.1,Low
P-02419,63,GI,1995,31,1399.5,38.0,Loam,1701.9,6,1,835.7,4.2,6,1,63.8,High
P-02420,25,HDPE,2022,4,125.3,35.7,Clay,1323.6,1,1,930.6,4.2,0,0,9.3,Low
P-02421,75,PVC,2004,22,286.1,28.7,Rocky,1248.8,2,1,1186.9,5.5,6,0,20.9,Low
P-02422,32,GI,2024,2,2123.5,35.3,Clay,1472.2,0,0,1324.7,3.2,0,0,7.1,Low
P-02423,50,GI,2018,8,1600.9,43.1,Clay,1676.9,3,0,932.6,1.8,1,0,20.0,Low
P-02424,160,PVC,1995,31,2035.3,35.0,Sandy,1638.8,3,5,1012.6,5.0,8,1,53.4,High
P-02425,90,PVC,2012,14,1818.5,40.1,Sandy,1432.0,3,0,1493.0,4.9,4,0,20.2,Low
P-02426,110,HDPE,2007,19,1958.4,46.4,Sandy,984.4,2,1,803.1,0.3,1,0,32.8,Moderate
P-02427,160,HDPE,2015,11,709.8,40.1,Black Cotton,874.3,1,3,1314.5,2.2,1,0,25.4,Moderate
P-02428,25,HDPE,2006,20,1805.8,38.9,Loam,1211.0,0,5,1119.5,2.1,6,0,26.5,Moderate
P-02429,110,GI,2021,5,2416.8,49.3,Sandy,1590.5,1,0,1111.7,5.7,1,0,15.5,Low
P-02430,32,GI,2022,4,1978.0,35.1,Loam,1552.0,0,0,1473.9,9.1,1,0,8.4,Low
P-02431,110,PVC,2001,25,925.1,37.5,Clay,1073.1,3,2,1391.9,0.8,5,0,37.7,Moderate
P-02432,90,PVC,2020,6,1097.0,22.8,Loam,1156.9,1,1,1095.2,0.6,1,0,6.3,Low
P-02433,75,PVC,2012,14,561.1,30.6,Clay,1174.0,2,2,1547.0,2.7,5,0,15.2,Low
P-02434,25,GI,2013,13,2221.3,28.4,Loam,1407.7,2,2,800.6,1.0,3,0,17.1,Low
P-02435,50,Ductile Iron,2024,2,2475.2,33.4,Black Cotton,1556.6,0,0,834.4,3.0,1,0,7.3,Low
P-02436,63,Ductile Iron,2006,20,1556.1,28.0,Clay,894.2,2,1,1173.5,7.0,4,0,20.4,Low
P-02437,63,GI,2012,14,1139.2,25.2,Sandy,1141.6,0,0,1517.1,0.1,5,0,8.6,Low
P-02438,50,PVC,1997,29,442.3,49.5,Clay,1665.9,3,4,821.0,2.5,7,0,59.5,High
P-02439,25,PVC,2003,23,1516.8,60.4,Loam,1626.2,1,0,1800.0,2.5,9,0,33.5,Moderate
P-02440,32,PVC,2008,18,1839.9,30.0,Clay,1329.2,0,1,980.6,2.2,5,0,12.6,Low
P-02441,63,PVC,2002,24,1755.8,22.3,Loam,825.7,2,2,1033.5,0.6,5,0,21.6,Low
P-02442,160,GI,2013,13,2070.2,29.8,Loam,1289.5,1,0,855.9,5.2,1,1,14.4,Low
P-02443,63,PVC,2001,25,729.1,54.3,Clay,943.3,4,2,874.4,1.7,4,0,58.5,High
P-02444,160,HDPE,2002,24,1544.0,43.3,Black Cotton,1084.4,3,2,1122.0,3.7,5,1,50.5,High
P-02445,160,Ductile Iron,2001,25,201.1,41.2,Clay,872.4,4,0,938.8,12.1,8,1,38.7,Moderate
P-02446,90,Ductile Iron,2002,24,95.8,33.2,Clay,1589.6,4,3,957.7,7.7,5,1,42.3,Moderate
P-02447,32,GI,2008,18,1131.5,53.5,Loam,1743.9,1,1,922.7,1.2,1,0,37.6,Moderate
P-02448,75,PVC,2001,25,1834.3,69.4,Rocky,1495.1,0,0,1381.1,2.6,4,0,47.6,Moderate
P-02449,75,PVC,2024,2,2446.0,11.3,Clay,1344.6,0,0,1091.0,0.8,0,0,2.6,Low
P-02450,40,GI,2008,18,1416.1,44.4,Sandy,1524.8,2,2,1029.4,2.0,5,1,32.2,Moderate
P-02451,110,PVC,1995,31,189.7,48.4,Rocky,1776.2,3,2,1800.0,2.9,6,0,57.5,High
P-02452,32,GI,2000,26,778.7,44.8,Loam,912.8,4,4,1091.1,1.8,2,1,66.1,High
P-02453,25,HDPE,2016,10,634.1,21.5,Black Cotton,1664.6,0,2,1230.8,5.2,3,0,10.1,Low
P-02454,50,PVC,1999,27,577.5,24.7,Sandy,1559.7,3,2,859.4,0.2,7,0,28.3,Moderate
P-02455,32,PVC,2001,25,2401.9,37.2,Sandy,990.0,1,3,1064.7,1.6,4,0,33.9,Moderate
P-02456,50,PVC,2022,4,1589.5,33.1,Loam,1055.3,0,1,1027.5,4.1,0,0,7.2,Low
P-02457,110,PVC,2000,26,268.4,28.4,Rocky,1731.5,5,6,1407.3,1.9,8,0,49.3,Moderate
P-02458,75,GI,2008,18,2278.7,43.3,Loam,1656.3,3,0,1236.5,5.1,2,0,34.6,Moderate
P-02459,25,GI,2011,15,336.6,42.2,Loam,1700.9,2,3,985.0,0.3,6,1,26.8,Moderate
P-02460,32,PVC,2009,17,82.1,31.2,Clay,932.3,2,0,1295.6,4.5,4,1,16.2,Low
P-02461,90,PVC,2001,25,1061.5,17.3,Loam,1264.6,3,2,993.4,3.0,4,1,24.7,Low
P-02462,75,Ductile Iron,1997,29,154.9,31.0,Clay,999.8,3,2,702.1,14.0,6,0,42.9,Moderate
P-02463,63,PVC,2011,15,797.6,45.5,Black Cotton,1294.5,1,1,1043.3,3.2,2,0,29.0,Moderate
P-02464,75,PVC,2004,22,2286.6,46.8,Loam,1310.9,3,0,1068.8,0.8,4,0,35.4,Moderate
P-02465,90,PVC,1999,27,81.2,25.6,Sandy,867.2,4,3,968.4,1.5,5,0,39.1,Moderate
P-02466,25,PVC,2014,12,816.6,31.7,Clay,1604.9,0,0,1317.0,8.0,1,0,10.6,Low
P-02467,63,PVC,2003,23,71.3,8.0,Loam,1502.7,3,1,910.6,3.9,5,1,14.6,Low
P-02468,90,HDPE,1998,28,2420.9,37.6,Clay,1351.0,4,2,1142.1,8.5,3,1,53.5,High
P-02469,32,PVC,2013,13,694.7,35.2,Sandy,1517.0,0,2,550.0,6.8,4,0,13.4,Low
P-02470,50,GI,2000,26,1333.7,26.0,Clay,1378.5,5,0,1270.5,9.9,3,1,43.3,Moderate
P-02471,63,HDPE,2011,15,1812.7,56.2,Loam,1344.6,2,1,1264.3,3.3,3,0,32.1,Moderate
P-02472,40,HDPE,2004,22,1754.3,25.8,Rocky,1733.5,2,3,980.1,1.9,2,0,27.2,Moderate
P-02473,90,GI,1997,29,2077.3,20.5,Clay,1148.7,2,3,1286.1,2.7,5,1,35.0,Moderate
P-02474,50,Ductile Iron,2010,16,1744.4,38.0,Black Cotton,831.6,1,2,1039.7,1.1,0,0,29.7,Moderate
P-02475,110,Ductile Iron,2006,20,1293.6,41.0,Sandy,1289.7,2,2,1088.3,3.1,5,0,29.0,Moderate
P-02476,40,GI,2006,20,80.3,35.2,Clay,995.9,1,5,1249.1,3.7,1,0,39.1,Moderate
P-02477,63,PVC,2000,26,2468.2,42.5,Rocky,1107.8,5,4,746.9,5.8,5,0,60.9,High
P-02478,160,GI,2003,23,2212.6,50.2,Sandy,936.4,4,4,1383.2,1.3,2,0,65.1,High
P-02479,90,HDPE,2003,23,604.7,18.1,Clay,974.5,3,7,1376.8,5.7,5,0,35.3,Moderate
P-02480,25,Ductile Iron,2005,21,2391.5,37.3,Rocky,1707.6,1,1,798.3,3.9,4,0,23.3,Low
P-02481,90,HDPE,2015,11,844.3,39.0,Loam,1270.4,1,4,729.3,1.0,2,1,19.5,Low
P-02482,90,GI,2013,13,1126.8,32.2,Sandy,1039.0,2,0,809.7,14.4,3,1,18.2,Low
P-02483,32,PVC,2016,10,1421.7,25.6,Sandy,832.0,0,2,1137.3,18.3,4,1,9.4,Low
P-02484,25,GI,2003,23,2009.4,53.0,Sandy,1303.7,3,2,529.4,6.9,6,1,53.1,High
P-02485,50,HDPE,1998,28,610.4,42.8,Rocky,917.8,4,3,955.2,1.2,3,1,58.6,High
P-02486,40,PVC,1998,28,695.8,32.4,Loam,983.2,3,3,1423.5,9.3,4,0,46.6,Moderate
P-02487,75,HDPE,2006,20,846.8,48.0,Clay,1379.6,3,3,995.8,0.6,1,0,46.5,Moderate
P-02488,90,HDPE,2013,13,2144.1,30.4,Clay,1256.5,1,3,842.7,13.6,3,0,17.3,Low
P-02489,110,PVC,2019,7,440.5,44.7,Rocky,1777.2,0,0,1217.8,6.1,0,0,11.7,Low
P-02490,40,Ductile Iron,2000,26,87.5,30.8,Black Cotton,1394.0,3,3,1235.5,2.5,7,0,43.2,Moderate
P-02491,160,PVC,1998,28,205.2,17.7,Clay,1775.5,8,0,532.2,1.5,6,0,40.7,Moderate
P-02492,110,PVC,2007,19,1197.6,20.3,Rocky,1461.3,2,1,1082.6,1.1,4,0,14.2,Low
P-02493,40,Ductile Iron,2009,17,387.2,43.9,Rocky,897.3,3,1,1530.8,1.6,5,0,27.0,Moderate
P-02494,50,PVC,2021,5,737.8,43.6,Rocky,1129.8,3,0,682.4,0.1,2,0,13.3,Low
P-02495,110,GI,2024,2,2054.7,40.6,Clay,838.9,0,0,847.7,5.4,0,0,8.7,Low
P-02496,160,PVC,2010,16,1853.2,40.0,Loam,1025.4,2,2,1048.5,2.6,1,0,26.9,Moderate
P-02497,110,PVC,2009,17,1421.0,38.0,Sandy,1571.3,2,4,1250.1,3.7,3,1,30.2,Moderate
P-02498,110,HDPE,2020,6,284.1,59.2,Loam,1798.2,0,2,1045.5,5.3,1,0,19.8,Low
P-02499,32,PVC,2022,4,2116.1,17.1,Clay,1480.7,1,0,757.8,2.9,0,0,4.4,Low
P-02500,75,HDPE,2012,14,820.2,26.2,Loam,939.7,2,1,537.9,2.1,4,0,12.4,Low
P-02501,160,HDPE,1998,28,355.9,49.6,Loam,1329.5,3,2,1705.2,3.1,10,1,47.1,Moderate
P-02502,40,HDPE,1999,27,2197.0,19.9,Clay,1232.1,5,2,1458.7,0.2,7,0,32.4,Moderate
P-02503,50,HDPE,2013,13,1128.3,26.3,Black Cotton,1679.2,1,1,874.4,6.6,1,0,16.7,Low
P-02504,160,PVC,2008,18,1561.1,42.4,Loam,1595.3,3,1,1101.3,7.6,3,1,31.8,Moderate
P-02505,63,PVC,2002,24,1184.6,30.4,Loam,937.1,5,2,1113.3,14.7,1,0,49.6,Moderate
P-02506,50,GI,2017,9,936.4,44.8,Clay,1732.0,3,0,628.1,0.5,2,0,21.0,Low
P-02507,160,HDPE,1995,31,807.0,44.1,Sandy,1529.3,4,5,1004.6,2.4,4,0,69.7,High
P-02508,63,HDPE,1997,29,881.9,44.6,Sandy,1249.8,3,4,987.4,7.5,6,1,58.6,High
P-02509,40,PVC,2022,4,203.8,38.5,Rocky,1317.2,0,0,1008.3,0.7,0,0,7.3,Low
P-02510,40,PVC,2007,19,1789.3,11.6,Sandy,932.3,1,1,1126.4,2.7,6,0,8.5,Low
P-02511,32,PVC,2008,18,614.0,15.9,Clay,1551.5,3,1,625.1,5.3,3,0,15.1,Low
P-02512,40,Ductile Iron,2015,11,647.6,48.9,Rocky,1156.6,0,0,1012.8,2.0,3,0,14.0,Low
P-02513,110,GI,2015,11,1338.7,36.7,Sandy,1341.8,1,1,1290.1,3.5,0,0,17.8,Low
P-02514,160,PVC,2022,4,1454.2,53.2,Loam,1568.7,0,0,1189.4,2.3,0,1,11.9,Low
P-02515,63,HDPE,2021,5,2379.1,18.9,Clay,1626.6,0,0,1800.0,6.7,1,0,4.2,Low
P-02516,75,GI,1995,31,2479.8,36.6,Sandy,1522.9,3,3,1084.6,5.6,3,1,60.8,High
P-02517,90,Ductile Iron,2013,13,1633.8,45.0,Loam,1410.7,1,0,1227.4,0.2,4,1,15.3,Low
P-02518,90,HDPE,1999,27,1414.6,49.4,Sandy,1375.2,4,2,1149.9,0.7,7,1,53.1,High
P-02519,63,Ductile Iron,2014,12,129.1,38.4,Loam,1289.2,1,1,642.7,8.4,1,1,17.1,Low
P-02520,75,PVC,2023,3,572.5,49.6,Sandy,1448.2,2,1,1194.5,5.4,1,0,15.1,Low
P-02521,63,PVC,2005,21,1166.8,42.3,Sandy,1056.3,4,1,1007.6,0.3,5,1,35.6,Moderate
P-02522,40,Ductile Iron,2002,24,1635.9,43.6,Sandy,1213.2,1,3,684.5,3.4,4,0,37.9,Moderate
P-02523,75,PVC,2008,18,1827.2,48.4,Clay,1688.9,0,0,542.8,0.6,3,0,21.0,Low
P-02524,50,PVC,2024,2,1598.6,48.9,Sandy,1411.3,1,0,1036.3,5.5,1,0,10.6,Low
P-02525,32,GI,1998,28,647.3,34.2,Clay,1605.1,5,3,1166.0,4.1,4,0,60.1,High
P-02526,90,PVC,2011,15,2326.0,31.2,Clay,1258.0,5,0,955.6,9.2,8,0,19.4,Low
P-02527,63,Ductile Iron,2006,20,108.8,23.3,Loam,1158.4,3,1,1252.9,2.1,4,1,19.4,Low
P-02528,90,Ductile Iron,1999,27,2086.3,22.6,Sandy,1254.2,2,2,832.1,0.6,6,0,24.7,Low
P-02529,32,PVC,1999,27,392.7,43.2,Clay,872.3,3,3,996.4,1.4,5,0,49.7,Moderate
P-02530,160,PVC,2010,16,827.9,53.4,Clay,1552.5,1,1,718.0,6.4,3,0,28.8,Moderate
P-02531,75,HDPE,2017,9,1433.0,37.0,Rocky,1508.7,2,1,993.3,6.5,0,0,16.2,Low
P-02532,90,GI,2012,14,844.6,31.3,Sandy,1467.4,2,1,1098.9,4.7,3,0,18.6,Low
P-02533,110,PVC,2007,19,1043.5,47.9,Clay,1221.4,5,1,1222.7,7.1,2,0,47.9,Moderate
P-02534,40,GI,2013,13,1777.4,33.2,Clay,851.5,2,2,1106.6,4.8,2,1,21.6,Low
P-02535,90,Ductile Iron,2020,6,1585.1,24.5,Loam,932.9,0,0,846.2,8.9,1,0,5.6,Low
P-02536,40,Ductile Iron,1996,30,629.1,39.6,Sandy,1180.2,4,2,749.4,9.3,9,1,50.4,High
P-02537,40,PVC,2017,9,2026.4,30.8,Rocky,1206.5,1,1,988.9,0.7,5,0,8.1,Low
P-02538,25,PVC,2008,18,127.0,24.6,Clay,895.8,4,4,876.1,14.9,6,0,29.2,Moderate
P-02539,63,PVC,2009,17,1817.0,20.3,Clay,1343.7,1,3,1378.2,2.6,6,0,12.3,Low
P-02540,160,PVC,2016,10,2017.8,38.1,Clay,924.2,1,1,899.2,4.7,4,0,12.2,Low
P-02541,75,HDPE,2021,5,879.0,18.1,Sandy,1406.7,2,0,1391.4,1.1,1,0,5.3,Low
P-02542,40,PVC,2020,6,138.4,29.9,Clay,1503.1,0,0,894.7,6.9,0,1,6.9,Low
P-02543,75,HDPE,2023,3,1798.9,38.9,Rocky,1355.4,3,0,856.9,1.1,0,0,11.3,Low
P-02544,40,HDPE,2004,22,1714.4,41.9,Clay,891.9,4,3,1311.0,6.5,8,0,41.2,Moderate
P-02545,32,HDPE,2002,24,54.2,31.2,Clay,1134.1,2,7,708.0,1.9,2,0,46.8,Moderate
P-02546,75,GI,2016,10,438.8,37.9,Loam,1689.6,1,2,1359.0,1.7,2,0,17.1,Low
P-02547,25,GI,2015,11,358.2,19.5,Rocky,910.3,1,1,965.8,0.7,5,0,7.8,Low
P-02548,25,PVC,2021,5,141.2,56.7,Clay,1470.1,0,0,1192.9,4.6,0,0,14.5,Low
P-02549,50,PVC,1999,27,1268.9,30.6,Loam,1316.2,2,1,1128.7,3.8,7,0,27.4,Moderate
P-02550,63,PVC,2022,4,389.4,32.4,Sandy,863.8,0,0,1062.9,11.2,0,0,6.9,Low
P-02551,40,PVC,2012,14,1526.7,47.1,Loam,1499.2,1,1,973.1,0.3,1,0,22.3,Low
P-02552,63,HDPE,2021,5,1097.3,47.2,Loam,1219.0,0,0,811.9,7.7,1,0,10.8,Low
P-02553,40,PVC,2018,8,518.7,34.0,Black Cotton,1028.9,0,1,1159.7,16.9,1,0,15.0,Low
P-02554,90,PVC,1995,31,2123.1,19.0,Clay,1641.4,5,7,686.3,1.8,5,1,58.1,High
P-02555,110,PVC,2011,15,1180.7,46.9,Clay,1773.4,3,1,957.9,5.7,5,0,27.3,Moderate
P-02556,90,PVC,2014,12,1414.7,29.9,Loam,1634.5,1,1,1201.2,9.3,2,0,12.7,Low
P-02557,32,PVC,2016,10,1102.3,30.1,Sandy,1716.8,2,0,934.6,3.8,1,0,11.5,Low
P-02558,90,PVC,2014,12,858.6,20.4,Loam,1673.8,0,1,1135.8,3.2,1,0,7.8,Low
P-02559,63,HDPE,2016,10,1950.2,36.8,Loam,1510.0,0,2,1011.4,13.6,1,0,14.7,Low
P-02560,90,HDPE,2020,6,279.3,40.7,Clay,878.6,2,1,1037.7,0.2,1,1,13.1,Low
P-02561,75,HDPE,2008,18,1565.2,35.8,Sandy,1013.7,3,0,1112.7,2.6,4,0,22.1,Low
P-02562,40,GI,1999,27,1939.9,41.2,Black Cotton,1445.9,4,1,500.0,0.5,8,0,54.8,High
P-02563,110,Ductile Iron,2008,18,1098.5,32.6,Loam,954.5,2,2,790.1,8.1,1,0,26.4,Moderate
P-02564,160,PVC,2008,18,1947.1,45.8,Loam,870.2,2,2,951.9,3.4,3,0,32.0,Moderate
P-02565,40,PVC,2019,7,885.3,28.0,Clay,1439.4,0,1,908.0,5.2,2,0,6.9,Low
P-02566,110,HDPE,2024,2,1011.8,14.9,Clay,1316.8,0,0,968.9,6.4,0,0,3.1,Low
P-02567,90,GI,2001,25,2043.4,31.7,Clay,1318.2,3,3,1441.0,6.8,6,0,41.5,Moderate
P-02568,25,PVC,1998,28,313.3,19.9,Clay,1595.9,3,1,808.8,0.4,12,1,19.0,Low
P-02569,160,PVC,1998,28,843.0,22.2,Rocky,1082.9,1,3,1147.6,6.0,6,0,26.5,Moderate
P-02570,25,GI,2024,2,675.9,16.9,Clay,1328.6,0,1,718.2,1.6,1,0,4.0,Low
P-02571,40,GI,2009,17,1830.1,8.0,Clay,1713.8,1,2,1221.1,8.3,2,0,11.9,Low
P-02572,110,GI,2008,18,589.5,37.7,Loam,812.0,2,1,1003.0,0.4,4,0,25.5,Moderate
P-02573,75,Ductile Iron,2021,5,429.8,31.5,Clay,805.6,0,0,1106.5,1.1,2,1,5.6,Low
P-02574,90,Ductile Iron,1996,30,768.0,33.7,Rocky,820.3,2,3,1020.7,1.8,6,1,41.3,Moderate
P-02575,160,HDPE,2015,11,754.6,47.1,Clay,1160.2,3,1,1396.4,4.0,3,0,23.6,Low
P-02576,50,PVC,2020,6,1904.1,31.7,Clay,1452.7,0,0,1432.4,5.1,1,0,6.8,Low
P-02577,90,Ductile Iron,2007,19,1551.7,50.4,Clay,1030.5,3,1,880.5,1.3,1,0,40.6,Moderate
P-02578,160,PVC,2011,15,1080.2,25.3,Rocky,1599.0,1,3,1355.0,1.3,4,0,13.7,Low
P-02579,63,PVC,2022,4,521.0,34.7,Rocky,1382.5,0,1,1384.7,2.0,3,0,6.3,Low
P-02580,75,GI,2009,17,1416.0,39.9,Black Cotton,844.3,6,1,883.6,10.8,2,1,56.8,High
P-02581,50,GI,1998,28,362.9,21.5,Sandy,1265.7,9,3,860.6,6.8,6,1,64.7,High
P-02582,40,GI,2007,19,1826.4,17.1,Sandy,1094.4,3,2,1047.7,0.8,4,0,19.7,Low
P-02583,160,GI,2004,22,1487.7,50.5,Clay,1593.7,2,1,1107.9,1.5,7,1,37.9,Moderate
P-02584,40,Ductile Iron,2015,11,1071.7,41.5,Clay,993.8,3,1,915.1,3.0,2,0,21.0,Low
P-02585,32,PVC,2017,9,2374.4,35.8,Rocky,1476.9,1,1,914.7,4.5,3,0,11.1,Low
P-02586,75,PVC,2006,20,2253.8,33.2,Black Cotton,1428.3,4,2,1109.8,6.9,4,1,41.5,Moderate
P-02587,63,PVC,2008,18,1202.2,38.0,Loam,902.3,1,4,1299.5,1.9,2,0,28.7,Moderate
P-02588,40,GI,2005,21,1100.6,8.0,Loam,1734.6,2,0,1161.7,0.8,0,0,14.5,Low
P-02589,63,PVC,2011,15,2092.1,30.2,Clay,1702.8,3,2,1072.9,16.4,1,0,26.2,Moderate
P-02590,90,PVC,2018,8,568.5,20.0,Clay,1630.5,3,0,694.0,0.8,2,0,7.8,Low
P-02591,90,PVC,2008,18,167.1,39.1,Black Cotton,1630.6,6,3,1445.3,8.6,2,1,58.6,High
P-02592,40,Ductile Iron,2005,21,1576.7,49.4,Rocky,1541.0,4,2,1371.8,0.6,8,1,40.5,Moderate
P-02593,50,PVC,2011,15,419.1,33.4,Sandy,1038.4,3,0,687.6,2.1,2,0,18.9,Low
P-02594,50,Ductile Iron,2020,6,2313.1,22.7,Loam,1787.3,0,2,940.1,15.1,4,0,6.2,Low
P-02595,75,Ductile Iron,2005,21,1583.2,21.7,Clay,859.6,2,4,766.0,1.7,5,0,22.1,Low
P-02596,110,PVC,2000,26,2295.2,45.6,Loam,996.8,1,1,1135.7,6.0,7,0,33.8,Moderate
P-02597,32,GI,2024,2,1116.5,46.8,Loam,1520.5,0,0,911.0,1.9,0,0,10.1,Low
P-02598,25,GI,2022,4,666.2,46.6,Clay,1330.1,2,0,1130.1,8.0,3,0,14.6,Low
P-02599,40,PVC,2002,24,2219.0,50.9,Sandy,1093.8,2,2,982.9,5.3,2,0,49.0,Moderate
P-02600,63,HDPE,2006,20,2499.6,36.8,Black Cotton,1295.9,4,0,1711.9,3.3,3,0,38.4,Moderate
P-02601,160,Ductile Iron,2007,19,2283.1,42.7,Clay,1009.6,1,4,794.7,3.5,4,0,31.7,Moderate
P-02602,160,GI,1997,29,1719.5,35.3,Clay,1545.2,4,2,1403.8,1.4,8,1,48.3,Moderate
P-02603,40,HDPE,2016,10,1739.6,36.8,Clay,1114.6,2,1,1313.9,0.6,1,0,15.1,Low
P-02604,160,Ductile Iron,2014,12,984.9,35.4,Black Cotton,805.7,3,2,1026.7,3.4,0,1,29.7,Moderate
P-02605,75,PVC,2013,13,1753.2,20.6,Sandy,910.4,5,4,1357.9,7.2,6,1,20.8,Low
P-02606,75,PVC,2004,22,370.7,31.7,Loam,1205.5,8,2,784.6,3.7,3,0,53.4,High
P-02607,75,Ductile Iron,2023,3,2177.2,19.8,Black Cotton,1562.1,0,0,1336.6,1.9,0,0,5.2,Low
P-02608,90,PVC,2004,22,1015.9,22.2,Loam,1299.9,0,3,1475.8,1.6,3,0,17.7,Low
P-02609,50,Ductile Iron,1998,28,1748.0,35.7,Black Cotton,1022.6,5,3,830.3,2.8,10,1,55.7,High
P-02610,110,HDPE,2019,7,875.2,39.8,Loam,965.4,3,1,1377.5,1.5,4,1,13.8,Low
P-02611,160,HDPE,2023,3,378.1,32.0,Rocky,1351.8,0,0,1059.1,4.1,1,0,5.4,Low
P-02612,25,GI,2023,3,1993.1,32.2,Loam,1148.5,0,0,1480.5,2.3,0,0,6.8,Low
P-02613,50,Ductile Iron,2011,15,493.5,49.0,Loam,1736.3,3,3,1103.5,0.3,3,1,35.3,Moderate
P-02614,75,HDPE,2005,21,1859.5,43.5,Rocky,1376.3,2,6,999.3,1.8,10,0,36.9,Moderate
P-02615,90,GI,2007,19,120.2,30.9,Clay,1387.3,5,2,1112.4,0.3,1,1,40.4,Moderate
P-02616,63,GI,2003,23,1610.6,51.4,Rocky,1637.5,2,0,934.5,3.0,4,0,42.3,Moderate
P-02617,25,HDPE,2011,15,698.3,52.7,Clay,887.3,1,1,1259.2,3.1,4,0,24.7,Low
P-02618,110,PVC,2012,14,1955.0,29.0,Loam,1083.2,1,5,1002.9,2.0,2,0,19.9,Low
P-02619,110,PVC,2008,18,771.5,58.5,Loam,1509.6,3,2,500.0,7.6,5,0,45.3,Moderate
P-02620,40,PVC,2000,26,1713.4,18.7,Clay,928.1,3,3,845.1,5.6,4,1,30.5,Moderate
P-02621,63,PVC,2019,7,1867.8,38.1,Sandy,1093.1,0,0,1071.8,6.3,3,0,8.1,Low
P-02622,50,HDPE,2019,7,1652.0,50.2,Loam,1138.1,1,0,1212.5,3.1,2,0,14.0,Low
P-02623,63,GI,2017,9,188.0,30.2,Clay,1310.3,1,0,1224.0,10.4,5,0,9.7,Low
P-02624,50,PVC,2007,19,1517.3,45.0,Loam,1681.2,3,1,1239.9,2.4,5,1,31.1,Moderate
P-02625,110,PVC,2014,12,738.7,29.7,Sandy,1403.1,1,1,1318.8,6.1,4,0,10.9,Low
P-02626,25,PVC,2018,8,917.7,8.0,Black Cotton,1498.1,1,0,1097.1,4.5,1,1,5.8,Low
P-02627,63,PVC,2020,6,2072.4,31.3,Black Cotton,1252.3,0,0,973.1,10.9,0,1,10.5,Low
P-02628,40,HDPE,2016,10,1989.6,36.6,Clay,1121.1,1,0,988.7,11.7,2,0,12.6,Low
P-02629,40,GI,2022,4,1161.9,61.5,Loam,1725.4,1,0,1010.8,3.3,0,1,21.1,Low
P-02630,75,HDPE,2024,2,927.2,10.4,Black Cotton,1656.2,2,0,1220.4,3.6,0,0,5.1,Low
P-02631,25,Ductile Iron,2012,14,1311.8,8.6,Rocky,1416.5,2,2,837.3,4.4,2,0,9.2,Low
P-02632,32,HDPE,2006,20,2246.5,58.1,Clay,883.2,3,0,613.6,4.3,1,1,46.9,Moderate
P-02633,63,PVC,2020,6,1785.3,17.6,Sandy,858.1,0,0,1144.1,5.6,1,0,4.3,Low
P-02634,63,GI,2004,22,491.9,56.6,Loam,1541.3,4,1,1418.5,9.2,4,1,59.3,High
P-02635,75,Ductile Iron,2018,8,1986.0,31.3,Loam,1391.2,4,0,874.6,1.4,0,0,14.7,Low
P-02636,90,Ductile Iron,2008,18,535.6,13.3,Sandy,1390.4,2,2,500.0,0.9,4,0,12.0,Low
P-02637,63,GI,2019,7,1240.5,28.7,Sandy,1386.0,0,0,945.0,12.9,0,1,9.3,Low
P-02638,75,GI,2009,17,792.0,43.0,Rocky,1244.0,2,1,1131.5,7.4,7,0,26.2,Moderate
P-02639,160,Ductile Iron,2012,14,1205.7,36.2,Loam,1647.0,1,0,1425.9,2.2,0,0,15.9,Low
P-02640,75,GI,2008,18,2497.4,30.2,Sandy,1357.7,0,2,946.9,6.1,3,0,19.4,Low
P-02641,75,PVC,1997,29,1109.3,30.6,Clay,898.3,4,3,962.9,2.2,6,1,45.7,Moderate
P-02642,160,PVC,2005,21,2214.7,55.7,Loam,1369.1,1,2,975.1,15.0,4,0,43.8,Moderate
P-02643,63,HDPE,2014,12,1193.7,48.0,Rocky,1790.8,2,0,983.8,6.4,1,0,22.8,Low
P-02644,110,PVC,2016,10,528.1,17.8,Clay,868.5,0,1,1188.4,3.7,4,0,5.3,Low
P-02645,50,GI,2022,4,1685.9,33.2,Clay,1349.9,0,0,1346.8,1.8,1,0,7.1,Low
P-02646,90,PVC,2016,10,950.2,33.1,Clay,1536.8,1,0,1475.7,4.4,2,0,10.3,Low
P-02647,40,HDPE,2002,24,1493.8,41.3,Clay,1753.2,3,3,1107.9,0.8,4,1,43.7,Moderate
P-02648,63,PVC,2007,19,1062.5,20.0,Rocky,1755.0,2,0,1215.0,2.6,5,0,12.2,Low
P-02649,160,PVC,2024,2,2418.0,35.5,Clay,1773.7,0,0,1573.9,8.6,0,0,6.4,Low
P-02650,32,PVC,2007,19,358.7,32.1,Sandy,1551.9,1,3,676.6,0.6,3,0,22.3,Low
P-02651,90,GI,2018,8,1838.7,35.5,Sandy,1491.4,1,0,660.2,4.1,2,0,11.5,Low
P-02652,90,PVC,2019,7,1302.9,50.3,Loam,1776.3,3,0,1251.7,7.0,2,0,19.9,Low
P-02653,40,PVC,1996,30,1613.3,22.7,Sandy,1185.6,1,3,1147.7,6.0,5,0,31.1,Moderate
P-02654,50,GI,2007,19,834.5,43.5,Loam,951.8,4,1,1024.6,3.2,5,0,38.8,Moderate
P-02655,63,HDPE,2022,4,1459.6,48.4,Rocky,893.6,0,2,644.7,11.9,2,0,13.2,Low
P-02656,90,PVC,2004,22,394.7,14.3,Clay,1295.1,5,1,1042.6,8.5,6,0,22.2,Low
P-02657,90,PVC,2024,2,1374.6,51.6,Loam,1522.1,0,0,601.7,3.8,1,0,9.6,Low
P-02658,50,Ductile Iron,2003,23,1830.4,21.8,Clay,1298.3,1,0,1460.0,3.8,3,0,16.0,Low
P-02659,75,GI,1997,29,1407.7,8.0,Loam,1017.5,0,4,1054.0,1.8,7,0,19.5,Low
P-02660,63,HDPE,1997,29,808.3,36.4,Rocky,1104.2,3,2,1207.7,1.7,10,1,37.1,Moderate
P-02661,25,PVC,2005,21,1434.8,46.0,Black Cotton,1682.6,0,0,566.3,4.6,6,0,27.8,Moderate
P-02662,50,PVC,2012,14,1397.0,39.9,Loam,1216.0,1,0,1097.7,2.8,3,0,15.3,Low
P-02663,90,PVC,1995,31,645.1,49.9,Clay,1372.3,3,3,739.8,1.3,2,1,66.9,High
P-02664,32,PVC,2010,16,197.4,8.0,Rocky,1131.3,2,3,1502.3,7.8,4,0,11.0,Low
P-02665,160,PVC,2007,19,1792.1,57.0,Clay,998.4,3,3,970.3,4.3,5,0,47.9,Moderate
P-02666,25,GI,2004,22,2482.0,20.9,Rocky,1533.2,1,4,1233.8,2.8,3,0,25.8,Moderate
P-02667,75,GI,2009,17,479.7,40.8,Rocky,1617.9,2,2,893.5,1.0,9,0,23.1,Low
P-02668,75,HDPE,2003,23,1701.3,38.1,Sandy,1257.1,2,5,783.3,6.5,5,1,41.7,Moderate
P-02669,75,HDPE,2019,7,769.9,48.7,Black Cotton,811.6,2,0,938.5,11.1,3,0,21.8,Low
P-02670,32,PVC,2009,17,320.8,35.0,Rocky,1159.8,3,2,1023.6,5.7,3,0,27.0,Moderate
P-02671,90,PVC,2010,16,717.1,22.4,Rocky,1030.7,2,1,948.9,1.2,3,0,13.2,Low
P-02672,25,PVC,2022,4,2008.4,37.1,Rocky,987.5,1,0,1265.1,5.8,1,0,8.4,Low
P-02673,160,PVC,2016,10,1916.4,19.4,Black Cotton,1715.1,1,1,588.9,3.6,1,0,10.8,Low
P-02674,50,PVC,2016,10,482.8,30.1,Sandy,1485.0,2,2,596.2,7.3,2,0,14.4,Low
P-02675,110,HDPE,1999,27,682.4,40.7,Clay,1404.6,3,2,1154.4,0.5,4,0,45.5,Moderate
P-02676,40,PVC,2015,11,1963.0,38.6,Sandy,1522.6,1,0,1090.4,1.7,0,0,14.0,Low
P-02677,160,PVC,2023,3,1509.2,55.2,Sandy,1071.9,1,0,1087.5,0.6,1,0,12.9,Low
P-02678,32,PVC,1997,29,1745.0,30.4,Sandy,1137.7,3,4,1296.9,2.6,7,1,43.0,Moderate
P-02679,110,PVC,2013,13,2223.1,51.5,Rocky,1304.9,1,4,1399.1,9.3,0,0,35.8,Moderate
P-02680,63,Ductile Iron,2017,9,2248.7,31.5,Loam,1512.3,0,1,853.3,3.8,1,0,9.1,Low
P-02681,110,GI,2021,5,1756.8,52.1,Sandy,1680.3,1,1,1284.6,4.0,0,0,19.3,Low
P-02682,32,Ductile Iron,2000,26,1910.8,41.6,Loam,1599.5,3,0,1501.1,1.8,4,0,38.5,Moderate
P-02683,110,HDPE,2001,25,576.9,37.2,Sandy,1711.6,4,4,1315.2,11.1,5,0,52.1,High
P-02684,32,Ductile Iron,2021,5,808.9,29.7,Loam,804.0,0,0,1475.2,5.9,1,0,6.0,Low
P-02685,63,PVC,2010,16,650.5,8.0,Sandy,823.3,1,2,1620.7,4.6,3,0,8.4,Low
P-02686,90,PVC,2007,19,1837.9,40.4,Rocky,987.0,1,1,1223.6,7.0,3,0,24.5,Low
P-02687,25,HDPE,2016,10,1236.7,41.6,Clay,1491.5,3,3,1047.3,4.1,1,0,25.7,Moderate
P-02688,160,GI,2021,5,2087.7,29.3,Loam,1340.9,0,0,642.6,4.0,0,0,7.3,Low
P-02689,75,PVC,2017,9,590.6,26.0,Rocky,1796.4,1,0,614.8,2.6,1,0,7.9,Low
P-02690,75,Ductile Iron,2017,9,1798.6,35.3,Rocky,1335.4,1,1,907.8,9.0,2,0,12.3,Low
P-02691,63,HDPE,1997,29,1982.2,36.9,Sandy,1272.8,6,5,1018.2,2.5,4,0,68.9,High
P-02692,32,HDPE,2008,18,1027.0,56.2,Loam,1358.6,2,1,963.5,1.7,3,1,36.7,Moderate
P-02693,160,HDPE,2001,25,405.8,8.0,Sandy,1045.9,1,1,1347.0,3.2,2,0,14.1,Low
P-02694,110,GI,2009,17,2476.5,23.7,Rocky,1064.6,1,2,806.9,0.5,3,0,16.4,Low
P-02695,50,HDPE,1996,30,1971.2,15.7,Clay,1779.1,3,3,845.6,0.7,5,0,31.9,Moderate
P-02696,90,PVC,2015,11,1550.1,38.2,Rocky,908.8,0,1,1285.7,5.0,2,0,12.4,Low
P-02697,63,PVC,2005,21,1128.0,27.9,Sandy,1479.6,0,3,665.9,4.5,1,0,22.3,Low
P-02698,50,HDPE,2024,2,2458.4,40.4,Sandy,1477.9,0,0,1090.5,8.7,1,0,7.1,Low
P-02699,25,PVC,2002,24,1571.0,31.5,Clay,1195.1,3,4,964.2,1.2,3,0,40.1,Moderate
P-02700,25,PVC,2022,4,2270.9,52.9,Rocky,1196.1,0,1,1285.6,3.0,0,0,13.3,Low
P-02701,25,PVC,2015,11,1535.8,21.9,Loam,1005.1,2,1,820.8,4.1,3,0,9.7,Low
P-02702,90,PVC,2014,12,820.5,38.7,Sandy,1794.0,1,1,1364.8,1.0,1,0,15.7,Low
P-02703,25,HDPE,2022,4,370.1,39.1,Sandy,1481.5,0,2,803.3,1.5,2,0,8.6,Low
P-02704,32,PVC,2010,16,1424.2,34.7,Sandy,1552.2,1,1,940.1,10.1,2,0,19.1,Low
P-02705,32,PVC,2000,26,556.7,38.9,Sandy,979.0,1,6,713.6,3.4,6,1,44.0,Moderate
P-02706,160,HDPE,2002,24,2101.8,39.0,Black Cotton,1149.9,4,3,500.0,7.0,1,1,61.6,High
P-02707,50,HDPE,2020,6,2487.2,31.8,Sandy,1014.4,0,0,1081.0,6.1,1,0,6.9,Low
P-02708,160,PVC,2017,9,1768.7,33.4,Clay,1676.7,0,1,815.0,0.7,5,0,7.5,Low
P-02709,90,HDPE,2010,16,533.3,24.5,Clay,1126.1,4,1,1339.7,6.8,2,0,21.2,Low
P-02710,25,GI,2008,18,2058.7,42.3,Loam,1559.3,1,4,1318.2,10.5,6,0,33.8,Moderate
P-02711,160,HDPE,2021,5,866.8,8.0,Sandy,1081.6,0,3,935.2,4.7,0,0,4.4,Low
P-02712,40,PVC,2002,24,809.6,30.3,Sandy,839.8,5,5,858.5,1.9,4,0,50.0,Moderate
P-02713,40,PVC,2008,18,381.7,58.5,Rocky,845.8,2,0,1299.2,9.5,4,1,36.8,Moderate
P-02714,40,GI,2008,18,221.8,48.0,Black Cotton,1174.9,2,0,677.3,11.3,7,0,37.5,Moderate
P-02715,32,PVC,2023,3,515.8,42.2,Clay,1601.8,1,1,1041.3,3.8,0,0,10.6,Low
P-02716,75,PVC,2011,15,2480.9,57.3,Loam,1490.2,0,3,1496.2,2.7,1,0,33.2,Moderate
P-02717,90,PVC,2024,2,1796.1,28.4,Loam,1132.9,0,0,704.6,7.8,0,0,5.0,Low
P-02718,75,HDPE,2002,24,1929.1,33.5,Black Cotton,1404.6,2,5,1167.0,10.4,3,0,52.7,High
P-02719,160,PVC,2003,23,1238.8,37.0,Clay,1346.3,2,1,1223.0,2.8,2,0,31.7,Moderate
P-02720,90,PVC,2014,12,1083.4,40.4,Black Cotton,1170.0,1,1,943.3,1.3,1,0,22.0,Low
P-02721,63,PVC,2022,4,1520.8,27.7,Clay,1191.9,0,0,911.4,1.0,0,0,5.1,Low
P-02722,63,PVC,1996,30,1882.1,25.4,Loam,1544.1,3,1,1384.5,9.3,3,0,39.4,Moderate
P-02723,75,PVC,2016,10,1273.2,58.3,Black Cotton,1207.9,1,0,950.7,1.2,3,0,26.1,Moderate
P-02724,160,PVC,2010,16,725.6,37.4,Sandy,1382.4,2,1,793.0,10.4,0,0,26.0,Moderate
P-02725,25,HDPE,2017,9,1605.8,53.0,Loam,954.6,1,1,1222.7,12.5,2,0,21.6,Low
P-02726,90,PVC,2018,8,184.3,29.3,Clay,1009.0,0,1,864.1,6.3,0,0,8.7,Low
P-02727,75,PVC,2000,26,1411.5,33.4,Sandy,1157.5,4,2,1063.3,11.1,5,0,44.2,Moderate
P-02728,32,GI,2016,10,1284.4,16.7,Clay,834.7,2,1,1198.5,4.0,3,0,9.2,Low
P-02729,75,GI,2018,8,1972.2,40.6,Sandy,1634.0,0,3,1121.4,1.0,2,0,15.5,Low
P-02730,32,GI,2012,14,515.7,33.0,Sandy,1397.1,2,0,1027.1,5.2,2,0,18.6,Low
P-02731,32,HDPE,2021,5,1742.4,27.7,Clay,889.5,0,0,1251.7,3.3,1,0,5.4,Low
P-02732,40,PVC,2014,12,1236.4,37.4,Loam,990.4,0,1,876.8,1.3,2,0,12.3,Low
P-02733,110,HDPE,2008,18,2380.4,34.1,Clay,1400.9,0,6,758.1,5.7,3,0,27.5,Moderate
P-02734,25,PVC,2018,8,1043.3,31.2,Rocky,1778.0,1,0,877.8,6.2,1,0,9.2,Low
P-02735,32,GI,2012,14,1306.4,44.7,Loam,1321.5,4,0,1347.5,0.5,3,0,30.2,Moderate
P-02736,32,Ductile Iron,2017,9,163.0,23.1,Loam,833.4,2,1,824.7,1.0,0,0,9.9,Low
P-02737,32,HDPE,2007,19,2310.6,33.5,Rocky,1257.3,4,3,1092.6,6.3,4,1,34.5,Moderate
P-02738,90,PVC,1998,28,2292.4,31.0,Loam,1626.8,3,3,1073.0,8.1,8,1,39.0,Moderate
P-02739,25,PVC,2008,18,2429.4,36.3,Clay,819.1,3,1,1065.7,1.4,5,0,23.3,Low
P-02740,160,PVC,2001,25,202.4,24.8,Clay,1308.6,3,2,1336.1,1.7,6,0,27.0,Moderate
P-02741,75,PVC,2023,3,1307.2,50.2,Clay,1749.2,0,0,1496.1,2.6,0,0,10.2,Low
P-02742,40,PVC,2023,3,162.7,21.7,Loam,1109.4,0,1,736.8,5.4,1,0,4.5,Low
P-02743,63,PVC,2007,19,321.8,51.0,Sandy,1487.8,1,3,986.9,5.0,3,1,37.2,Moderate
P-02744,160,PVC,2003,23,2013.1,34.8,Clay,1728.3,2,1,1282.9,8.1,10,1,22.3,Low
P-02745,110,PVC,2001,25,350.9,47.4,Black Cotton,920.9,3,1,878.0,0.9,5,1,51.7,High
P-02746,40,PVC,2022,4,1588.8,43.3,Clay,1013.5,0,0,986.8,0.9,3,1,7.2,Low
P-02747,40,GI,2013,13,2219.7,27.7,Loam,1298.0,0,0,1377.6,3.5,3,0,10.1,Low
P-02748,63,PVC,2010,16,1626.7,35.0,Loam,1335.6,1,0,1276.6,3.1,2,0,15.8,Low
P-02749,63,PVC,2023,3,1574.6,46.7,Clay,902.0,0,0,648.7,0.3,1,0,8.4,Low
P-02750,25,PVC,2004,22,1048.8,43.1,Loam,1679.0,1,1,973.6,1.7,4,0,27.9,Moderate
P-02751,63,Ductile Iron,2019,7,315.7,33.1,Clay,1063.6,0,1,1090.7,6.4,1,0,8.7,Low
P-02752,50,PVC,2018,8,2176.8,32.9,Sandy,878.9,0,1,1311.2,2.2,0,0,9.2,Low
P-02753,32,GI,1996,30,2123.9,10.9,Clay,1781.8,2,5,1224.5,4.2,6,0,34.2,Moderate
P-02754,75,PVC,2013,13,2020.6,40.8,Loam,871.0,3,1,835.9,3.4,0,0,25.4,Moderate
P-02755,63,GI,1999,27,1339.3,41.1,Clay,1748.3,5,3,1059.2,5.9,7,1,60.4,High
P-02756,50,PVC,1996,30,1283.9,18.5,Clay,870.6,2,4,1182.9,10.7,9,0,30.9,Moderate
P-02757,110,PVC,2003,23,706.0,43.3,Black Cotton,1100.7,1,4,1146.3,0.9,2,1,49.6,Moderate
P-02758,25,PVC,2009,17,2117.8,26.9,Rocky,821.0,6,0,1409.7,4.3,4,0,25.4,Moderate
P-02759,90,GI,2020,6,1911.1,44.6,Black Cotton,1387.2,0,0,966.9,7.8,0,0,17.9,Low
P-02760,110,PVC,2007,19,2445.6,27.2,Clay,1140.8,3,1,943.1,1.4,2,0,22.2,Low
P-02761,40,HDPE,2011,15,2485.4,31.6,Sandy,1441.5,2,1,1376.7,4.1,4,0,16.0,Low
P-02762,32,GI,2004,22,1796.9,35.9,Loam,811.2,2,3,1788.0,1.6,3,0,37.7,Moderate
P-02763,50,GI,2006,20,804.4,33.1,Loam,1424.9,3,0,1574.8,5.9,7,0,24.4,Low
P-02764,110,HDPE,2012,14,1145.0,24.3,Clay,1409.7,1,2,688.6,0.7,0,0,13.6,Low
P-02765,32,PVC,2002,24,1996.1,43.7,Clay,1547.4,7,2,1800.0,3.3,5,1,59.8,High
P-02766,32,PVC,2023,3,1010.3,39.2,Black Cotton,1552.7,0,0,1080.8,2.6,1,0,9.3,Low
P-02767,75,HDPE,2013,13,1907.1,52.2,Sandy,1181.4,4,4,777.5,5.7,2,1,45.2,Moderate
P-02768,50,PVC,2019,7,1914.4,12.0,Loam,1171.6,3,1,1628.2,0.3,1,0,6.7,Low
P-02769,160,PVC,1995,31,1454.9,24.1,Sandy,1760.5,5,3,968.3,0.7,8,0,44.7,Moderate
P-02770,90,HDPE,2012,14,771.9,61.7,Black Cotton,1550.7,0,2,1123.9,1.2,1,0,39.6,Moderate
P-02771,63,PVC,2021,5,2335.2,51.0,Loam,1132.2,1,0,932.4,1.1,2,0,12.3,Low
P-02772,40,PVC,2021,5,246.2,28.7,Loam,1304.2,0,1,759.1,3.8,2,0,6.0,Low
P-02773,25,PVC,2009,17,1229.9,30.5,Rocky,1058.0,4,3,1440.3,2.8,1,0,31.7,Moderate
P-02774,63,PVC,1996,30,289.6,39.9,Loam,1634.4,3,1,1271.0,6.4,5,0,47.8,Moderate
P-02775,75,Ductile Iron,2010,16,1942.1,23.6,Rocky,1662.1,2,2,1366.9,20.4,0,1,22.3,Low
P-02776,110,Ductile Iron,2017,9,509.5,41.8,Loam,1132.7,1,1,1201.2,16.2,2,0,16.4,Low
P-02777,75,PVC,2015,11,725.9,37.6,Loam,1027.4,1,2,1310.0,4.7,3,0,15.1,Low
P-02778,50,PVC,2019,7,1890.0,50.9,Clay,1788.4,0,1,806.6,1.2,1,0,14.1,Low
P-02779,75,PVC,2004,22,1676.7,44.6,Loam,1089.2,1,3,777.5,1.7,2,0,37.4,Moderate
P-02780,25,HDPE,2013,13,1193.7,13.1,Black Cotton,996.6,2,1,976.5,0.8,1,0,12.2,Low
P-02781,50,GI,2017,9,1773.7,32.2,Sandy,919.3,0,3,998.5,5.6,2,0,13.7,Low
P-02782,40,Ductile Iron,2015,11,252.0,31.4,Loam,1698.1,1,2,1159.1,12.5,4,0,13.2,Low
P-02783,25,Ductile Iron,2021,5,1871.1,34.8,Clay,1335.2,1,2,1202.1,0.4,2,0,9.3,Low
P-02784,90,PVC,2023,3,385.1,27.7,Loam,1567.8,0,2,1210.5,5.2,1,0,6.1,Low
P-02785,75,PVC,2008,18,1779.5,18.1,Clay,856.7,3,0,979.8,6.9,4,1,14.0,Low
P-02786,32,PVC,2013,13,2485.6,26.6,Sandy,904.0,2,1,808.0,0.6,2,0,12.8,Low
P-02787,25,Ductile Iron,2022,4,308.3,27.3,Loam,1006.4,0,0,1069.3,3.4,1,0,4.9,Low
P-02788,160,PVC,2002,24,2189.1,41.5,Clay,1054.2,0,2,1135.1,5.7,12,0,21.1,Low
P-02789,110,GI,1996,30,1191.7,47.0,Loam,1418.2,4,4,1323.0,1.6,4,1,71.5,High
P-02790,160,Ductile Iron,2014,12,419.7,37.0,Sandy,802.0,1,2,1045.2,6.4,0,0,18.7,Low
P-02791,110,GI,2004,22,497.0,38.7,Loam,1372.9,3,2,936.3,1.2,3,1,41.2,Moderate
P-02792,32,PVC,2023,3,2382.0,39.5,Loam,841.1,2,1,1178.4,2.4,0,0,11.2,Low
P-02793,160,HDPE,2000,26,2352.6,47.3,Clay,1333.5,2,2,979.5,9.0,11,1,37.7,Moderate
P-02794,25,GI,2009,17,498.4,31.9,Sandy,1539.6,1,2,1249.8,3.5,3,0,21.5,Low
P-02795,90,HDPE,2020,6,932.3,31.9,Sandy,1176.6,0,0,944.7,6.7,1,0,7.0,Low
P-02796,40,GI,2018,8,1619.3,38.6,Loam,1420.1,0,0,1438.5,2.2,2,0,10.6,Low
P-02797,160,PVC,2014,12,1549.4,26.0,Clay,1522.6,1,0,1051.9,4.1,2,0,9.4,Low
P-02798,40,PVC,2018,8,209.3,24.7,Sandy,806.0,1,0,973.6,6.4,2,0,7.1,Low
P-02799,160,PVC,2019,7,867.0,47.8,Clay,1369.7,1,2,1189.1,1.8,2,1,16.0,Low
P-02800,63,PVC,1997,29,1066.9,19.1,Clay,890.0,1,3,989.2,6.3,4,0,28.3,Moderate
P-02801,160,GI,2017,9,913.5,20.9,Black Cotton,1276.5,1,0,890.3,3.4,0,0,11.8,Low
P-02802,32,HDPE,2019,7,112.7,22.9,Clay,1311.5,1,2,792.5,3.6,2,1,7.6,Low
P-02803,160,GI,1998,28,1325.3,27.1,Loam,1186.0,3,2,1061.3,2.3,9,0,34.1,Moderate
P-02804,63,PVC,1998,28,1333.0,26.8,Loam,1580.6,1,5,1102.5,7.4,2,0,41.6,Moderate
P-02805,50,PVC,2021,5,1092.6,9.0,Loam,1400.1,0,0,1076.4,5.7,2,0,2.8,Low
P-02806,90,Ductile Iron,2024,2,1417.7,25.0,Clay,1256.7,2,1,1262.0,2.6,0,0,6.6,Low
P-02807,25,GI,2005,21,2412.0,33.0,Loam,1458.0,2,0,1086.7,6.6,5,0,24.7,Low
P-02808,63,PVC,2005,21,2352.3,16.6,Clay,856.6,2,4,1140.0,4.7,2,1,22.9,Low
P-02809,110,GI,2017,9,508.4,43.0,Sandy,1666.7,2,2,851.8,0.2,0,1,23.2,Low
P-02810,90,GI,2007,19,331.3,26.3,Rocky,820.2,2,2,899.5,10.2,4,0,24.6,Low
P-02811,63,PVC,2002,24,398.3,47.4,Loam,813.2,0,3,939.0,4.3,3,0,38.5,Moderate
P-02812,110,PVC,2002,24,1957.6,50.2,Black Cotton,1535.6,3,0,1237.0,2.9,9,0,43.8,Moderate
P-02813,63,PVC,2005,21,242.1,28.2,Sandy,1303.2,4,8,1341.5,3.3,8,0,42.3,Moderate
P-02814,25,PVC,2020,6,1357.5,30.5,Loam,1170.0,1,1,991.2,0.3,4,0,6.9,Low
P-02815,90,HDPE,2018,8,1126.5,47.0,Sandy,1544.8,1,1,1070.0,5.2,0,1,17.3,Low
P-02816,25,PVC,2015,11,1083.5,44.2,Loam,1543.9,1,2,810.9,5.5,1,1,20.4,Low
P-02817,40,GI,2019,7,2392.4,37.5,Clay,1338.8,1,2,949.9,4.2,0,0,16.0,Low
P-02818,160,PVC,2016,10,1715.2,27.0,Rocky,1548.0,1,0,887.1,10.5,2,0,9.2,Low
P-02819,50,GI,2003,23,1452.6,24.4,Clay,1075.6,2,1,1450.5,5.1,5,1,23.9,Low
P-02820,25,PVC,1996,30,2491.1,54.1,Sandy,821.5,6,2,1035.2,1.3,8,1,69.5,High
P-02821,32,HDPE,2021,5,1682.0,50.6,Clay,966.0,1,0,1349.7,3.7,1,0,13.3,Low
P-02822,75,PVC,2005,21,469.9,17.9,Loam,886.6,2,4,1228.0,6.3,2,0,24.1,Low
P-02823,50,HDPE,1997,29,1002.2,29.6,Loam,1361.9,3,2,1423.8,1.3,6,1,37.1,Moderate
P-02824,50,GI,2003,23,1678.1,43.5,Loam,1630.6,2,2,1541.7,1.4,5,1,39.9,Moderate
P-02825,90,PVC,2004,22,2400.7,23.8,Clay,1198.2,1,3,949.2,3.4,3,0,21.9,Low
P-02826,50,PVC,2002,24,2472.0,33.7,Rocky,1034.9,0,2,845.2,2.2,6,0,21.6,Low
P-02827,25,HDPE,2005,21,1531.8,47.1,Loam,1581.8,5,2,608.8,13.4,5,1,52.1,High
P-02828,32,PVC,2016,10,2125.8,42.4,Rocky,848.3,0,0,881.0,5.0,3,0,11.2,Low
P-02829,160,GI,2002,24,2267.2,36.2,Black Cotton,1609.3,1,3,816.9,7.6,4,1,46.5,Moderate
P-02830,25,PVC,2020,6,1353.4,20.5,Clay,1034.1,1,0,1146.4,5.9,1,0,5.6,Low
P-02831,75,HDPE,2012,14,1342.6,53.5,Black Cotton,1428.8,6,3,829.5,6.4,4,1,59.8,High
P-02832,110,PVC,1998,28,2000.7,40.3,Rocky,1797.1,5,2,1136.4,2.8,7,1,52.3,High
P-02833,63,HDPE,2017,9,355.4,36.6,Clay,1161.0,1,1,853.3,1.9,1,0,12.3,Low
P-02834,110,GI,2017,9,286.8,54.3,Black Cotton,919.4,0,0,1116.7,4.0,7,0,19.3,Low
P-02835,32,Ductile Iron,2019,7,1535.3,63.3,Sandy,902.9,1,0,889.4,0.3,3,0,18.9,Low
P-02836,63,PVC,2016,10,1865.3,40.1,Rocky,1640.3,3,0,1372.5,3.1,0,0,18.9,Low
P-02837,40,PVC,2005,21,2382.4,54.7,Black Cotton,1024.9,1,3,1151.4,4.1,3,1,52.3,High
P-02838,160,PVC,2014,12,897.6,41.4,Sandy,1064.6,1,1,1089.3,6.0,3,1,16.4,Low
P-02839,75,PVC,2003,23,1158.1,19.6,Sandy,1261.0,3,4,972.3,5.4,5,0,27.9,Moderate
P-02840,75,HDPE,2004,22,470.4,19.2,Sandy,819.0,1,1,575.4,1.0,3,0,15.0,Low
P-02841,25,PVC,2016,10,902.5,33.0,Clay,1710.3,2,0,785.5,17.1,2,0,14.2,Low
P-02842,63,Ductile Iron,2003,23,1926.6,45.9,Sandy,1686.2,4,2,1441.7,4.8,2,1,51.6,High
P-02843,50,HDPE,1998,28,713.3,61.9,Clay,1170.9,3,0,500.0,4.5,6,1,57.8,High
P-02844,25,Ductile Iron,2021,5,2120.0,32.9,Loam,1732.1,1,0,974.9,3.9,0,0,8.0,Low
P-02845,32,Ductile Iron,1996,30,533.4,49.4,Loam,1485.9,4,2,1069.4,4.1,3,0,65.4,High
P-02846,75,PVC,2016,10,2135.5,41.8,Rocky,1723.8,0,3,1227.4,6.3,1,0,17.3,Low
P-02847,40,PVC,2017,9,293.1,15.9,Loam,1464.3,0,2,1520.4,3.8,2,0,5.9,Low
P-02848,160,PVC,2002,24,2051.2,28.4,Sandy,946.4,3,1,1263.4,9.8,2,1,33.0,Moderate
P-02849,75,GI,2007,19,710.8,34.2,Rocky,902.9,1,2,1417.7,2.3,3,0,25.3,Moderate
P-02850,40,PVC,1998,28,1898.1,23.9,Clay,1525.0,3,1,981.4,3.8,8,0,26.6,Moderate
P-02851,90,HDPE,2000,26,2140.7,21.1,Rocky,1319.0,4,2,991.7,0.5,5,0,30.5,Moderate
P-02852,32,Ductile Iron,2007,19,518.5,28.1,Rocky,1577.3,4,2,1121.8,1.5,3,0,27.5,Moderate
P-02853,50,GI,2017,9,1544.0,35.5,Clay,1433.3,1,0,1256.9,4.5,1,0,13.1,Low
P-02854,75,Ductile Iron,2005,21,1358.9,39.2,Rocky,1447.3,3,1,890.3,2.1,7,1,27.5,Moderate
P-02855,50,HDPE,2022,4,669.5,40.6,Rocky,1650.4,0,0,1057.1,5.7,0,0,8.4,Low
P-02856,32,GI,1998,28,609.1,41.1,Clay,1563.8,5,4,1662.6,3.1,2,0,70.8,High
P-02857,90,PVC,2022,4,144.2,55.2,Clay,1194.8,0,1,903.6,5.1,1,0,13.9,Low
P-02858,160,GI,2000,26,1932.6,58.6,Sandy,1306.9,3,2,1017.3,3.0,3,1,66.0,High
P-02859,75,HDPE,2024,2,583.2,42.4,Loam,938.7,0,0,1002.3,3.8,0,0,7.5,Low
P-02860,75,HDPE,1998,28,831.4,45.1,Loam,1425.8,4,3,732.3,1.3,3,1,60.5,High
P-02861,63,PVC,2010,16,582.9,27.6,Rocky,1069.9,3,0,1402.9,5.1,1,0,18.6,Low
P-02862,90,PVC,1999,27,1028.3,36.5,Rocky,905.8,5,6,1027.3,8.5,5,0,64.8,High
P-02863,50,HDPE,2017,9,1401.9,39.4,Sandy,1440.7,1,1,900.7,0.1,2,0,12.4,Low
P-02864,50,PVC,2010,16,531.8,24.6,Loam,1037.7,1,0,1242.8,1.0,6,0,9.1,Low
P-02865,160,PVC,2003,23,861.4,29.3,Clay,1684.3,3,3,1080.6,2.3,5,1,31.3,Moderate
P-02866,40,PVC,2022,4,2306.9,35.0,Rocky,838.7,0,0,1303.7,9.3,0,0,7.3,Low
P-02867,40,Ductile Iron,1999,27,345.9,35.5,Loam,1544.9,4,3,729.5,6.3,3,1,52.2,High
P-02868,40,PVC,1998,28,2465.1,8.0,Rocky,1689.0,2,2,875.9,12.8,4,0,22.3,Low
P-02869,110,PVC,2014,12,601.1,43.1,Loam,1193.1,1,0,536.6,9.1,3,0,16.0,Low
P-02870,32,GI,1999,27,786.9,26.6,Rocky,1049.2,4,1,1177.0,1.4,8,1,34.3,Moderate
P-02871,50,GI,2017,9,1017.5,51.4,Loam,1445.6,0,0,987.5,3.8,0,0,18.7,Low
P-02872,75,GI,2023,3,2366.2,34.3,Loam,930.4,0,0,1066.7,2.9,0,0,7.4,Low
P-02873,25,PVC,2017,9,1495.2,21.1,Loam,1661.0,3,2,1175.2,0.6,3,0,10.4,Low
P-02874,50,PVC,2013,13,2179.6,21.5,Rocky,1608.3,1,2,1097.3,15.6,2,1,12.8,Low
P-02875,110,PVC,2013,13,1113.5,46.0,Clay,1771.6,0,1,1408.1,2.8,1,0,18.2,Low
P-02876,32,Ductile Iron,2006,20,2188.4,30.7,Clay,1653.4,3,3,997.1,1.5,5,0,27.5,Moderate
P-02877,160,HDPE,2012,14,2298.9,33.6,Loam,989.4,3,2,782.3,3.0,3,0,21.3,Low
P-02878,40,PVC,2013,13,796.2,36.4,Sandy,950.3,1,3,916.1,3.7,2,1,19.1,Low
P-02879,75,Ductile Iron,2004,22,1784.6,31.4,Loam,982.9,2,3,1017.2,3.5,3,0,30.4,Moderate
P-02880,32,PVC,2007,19,745.5,32.1,Sandy,1184.7,4,0,849.4,2.9,8,0,20.3,Low
P-02881,110,PVC,2018,8,1086.1,23.4,Clay,1715.4,0,1,1438.6,4.9,3,0,6.0,Low
P-02882,75,PVC,2007,19,2017.8,39.7,Black Cotton,800.2,2,1,1073.3,2.5,3,1,33.4,Moderate
P-02883,90,HDPE,2024,2,1936.8,41.0,Sandy,985.1,0,0,890.3,0.6,0,0,6.9,Low
P-02884,110,PVC,2013,13,2425.1,37.3,Clay,890.1,1,1,627.2,0.9,0,0,16.8,Low
P-02885,25,PVC,2011,15,366.1,38.6,Clay,1162.3,2,2,1104.6,2.1,3,0,22.2,Low
P-02886,110,PVC,1995,31,656.6,32.6,Loam,1544.9,6,4,977.2,6.0,5,1,65.8,High
P-02887,32,PVC,1997,29,1015.3,28.2,Loam,1368.6,3,2,1200.9,5.6,9,0,33.3,Moderate
P-02888,50,HDPE,2011,15,1741.2,35.2,Black Cotton,1016.6,1,1,1093.8,2.9,4,0,20.1,Low
P-02889,160,Ductile Iron,2009,17,1769.2,52.3,Loam,1286.4,1,1,1263.5,2.2,3,1,28.3,Moderate
P-02890,160,HDPE,2012,14,175.3,69.5,Clay,899.0,1,2,1327.5,6.9,2,1,42.8,Moderate
P-02891,63,HDPE,2001,25,2402.6,48.3,Loam,892.7,6,3,811.0,8.5,4,1,67.4,High
P-02892,160,GI,2009,17,1127.9,35.0,Sandy,1775.8,8,1,1402.7,4.6,3,0,49.0,Moderate
P-02893,110,Ductile Iron,2012,14,2288.2,49.7,Clay,1119.9,0,2,1030.8,1.8,4,0,20.4,Low
P-02894,40,HDPE,2007,19,2267.7,29.6,Sandy,1163.7,8,1,1270.1,5.9,4,0,42.1,Moderate
P-02895,110,PVC,2010,16,873.3,41.0,Loam,1673.7,1,2,711.4,1.2,3,0,21.7,Low
P-02896,160,Ductile Iron,2005,21,1400.6,17.3,Rocky,1224.1,3,3,851.2,2.7,3,0,22.6,Low
P-02897,160,PVC,2016,10,1061.6,32.7,Clay,1680.5,0,2,974.0,2.2,0,0,11.8,Low
P-02898,75,PVC,1998,28,353.8,23.5,Black Cotton,1082.6,7,3,962.1,3.4,9,1,55.8,High
P-02899,25,PVC,1995,31,2145.3,44.6,Clay,1173.4,6,3,1003.9,1.0,8,1,66.6,High
P-02900,110,GI,2015,11,2195.1,24.3,Sandy,1657.5,3,1,1107.2,1.3,2,0,14.8,Low
P-02901,75,Ductile Iron,2010,16,853.3,35.7,Clay,1219.1,3,1,666.6,7.2,5,0,21.8,Low
P-02902,63,PVC,2000,26,1358.8,56.6,Clay,1709.9,4,1,841.0,5.6,5,1,59.1,High
P-02903,63,Ductile Iron,1995,31,1664.9,44.5,Loam,1610.4,4,0,1233.6,14.4,4,0,59.4,High
P-02904,50,Ductile Iron,2015,11,1268.2,41.9,Loam,1149.2,0,0,1136.5,6.5,3,0,12.0,Low
P-02905,40,PVC,1995,31,1288.0,40.6,Sandy,1366.3,1,2,1164.1,3.3,5,0,43.4,Moderate
P-02906,75,GI,2015,11,509.2,35.2,Clay,1236.8,1,3,882.3,14.6,1,0,22.9,Low
P-02907,110,GI,2002,24,1129.2,52.0,Rocky,888.3,2,4,1268.2,3.2,5,0,56.2,High
P-02908,40,HDPE,1996,30,2381.1,22.5,Clay,1398.5,4,0,1071.6,2.8,4,1,34.5,Moderate
P-02909,40,Ductile Iron,2011,15,2115.1,15.7,Sandy,892.5,0,1,1151.7,5.8,1,0,8.6,Low
P-02910,75,PVC,1995,31,1939.7,24.2,Sandy,1514.6,3,5,988.4,0.7,2,0,51.3,High
P-02911,25,PVC,2010,16,903.2,54.1,Loam,839.8,1,1,1189.7,8.4,3,0,29.9,Moderate
P-02912,63,PVC,2018,8,1079.8,38.9,Rocky,1454.2,1,2,1202.7,3.8,3,0,12.8,Low
P-02913,40,GI,2014,12,1840.9,31.7,Sandy,1556.3,0,2,798.7,15.4,3,0,15.7,Low
P-02914,25,HDPE,2020,6,1019.8,35.3,Black Cotton,1067.9,0,0,1157.9,5.9,2,0,10.0,Low
P-02915,50,PVC,2011,15,377.7,28.1,Clay,1232.9,1,3,863.7,10.1,2,0,18.4,Low
P-02916,90,GI,1999,27,1064.0,54.2,Sandy,1131.3,2,2,849.8,1.2,5,0,56.5,High
P-02917,32,HDPE,2023,3,1345.3,25.1,Rocky,1242.7,0,1,1309.4,6.0,1,0,5.0,Low
P-02918,160,PVC,2023,3,1098.3,50.7,Rocky,1483.3,0,1,1627.8,7.7,0,0,12.4,Low
P-02919,32,Ductile Iron,2019,7,2376.1,39.1,Sandy,1663.5,3,0,655.6,8.6,2,0,14.7,Low
P-02920,40,PVC,2018,8,1452.2,43.7,Rocky,1071.4,2,1,855.8,6.9,2,0,16.9,Low
P-02921,40,PVC,2010,16,1826.7,57.2,Rocky,1271.6,1,0,1176.3,1.1,2,1,28.5,Moderate
P-02922,90,GI,2005,21,2386.8,40.7,Loam,1434.7,2,2,755.1,5.7,6,0,34.2,Moderate
P-02923,90,Ductile Iron,1995,31,1214.0,32.0,Clay,1532.0,4,4,1082.5,2.9,4,1,57.1,High
P-02924,40,GI,2001,25,558.3,39.1,Loam,1724.3,2,2,1195.9,6.7,2,1,46.2,Moderate
P-02925,50,PVC,2012,14,750.7,59.6,Loam,1007.7,3,1,1051.7,1.8,3,0,36.7,Moderate
P-02926,50,HDPE,2001,25,1973.2,54.7,Black Cotton,957.7,3,3,1403.0,6.8,4,1,67.6,High
P-02927,160,PVC,2013,13,133.4,25.3,Black Cotton,888.3,3,4,1469.9,1.4,2,0,26.3,Moderate
P-02928,160,PVC,2017,9,1480.6,29.0,Rocky,1581.9,0,1,1011.4,6.2,1,0,8.7,Low
P-02929,40,PVC,2005,21,1380.4,28.9,Loam,1734.9,0,0,680.7,6.5,8,1,12.0,Low
P-02930,90,HDPE,2013,13,1138.5,36.2,Sandy,1315.7,1,1,1156.9,2.4,7,0,11.6,Low
P-02931,25,PVC,1998,28,1367.6,18.1,Clay,1239.3,4,5,773.5,3.6,3,0,44.5,Moderate
P-02932,160,GI,2000,26,792.2,41.3,Clay,1151.7,3,3,916.6,1.5,6,0,49.6,Moderate
P-02933,160,HDPE,2015,11,1399.7,23.4,Loam,909.6,2,2,1022.3,1.4,1,1,12.2,Low
P-02934,75,PVC,2013,13,1867.3,37.0,Clay,1655.4,1,1,713.3,5.5,0,0,17.7,Low
P-02935,90,PVC,2009,17,1471.6,53.9,Rocky,1018.6,1,3,818.6,7.9,5,1,34.3,Moderate
P-02936,110,PVC,2007,19,2269.4,26.8,Loam,1497.7,1,2,1063.7,1.7,5,0,15.8,Low
P-02937,75,HDPE,2001,25,938.0,18.8,Loam,807.4,4,1,981.7,8.0,6,0,25.8,Moderate
P-02938,160,Ductile Iron,2003,23,1994.9,27.6,Loam,1550.4,4,3,1426.8,2.8,6,0,32.8,Moderate
P-02939,25,PVC,2015,11,1744.9,32.4,Loam,1529.0,0,1,1157.3,6.8,3,0,10.1,Low
P-02940,32,Ductile Iron,1997,29,1947.1,45.6,Rocky,1215.0,0,4,884.9,6.7,5,0,47.3,Moderate
P-02941,32,GI,2024,2,1565.5,49.1,Loam,899.0,0,0,856.6,4.8,1,0,10.7,Low
P-02942,160,Ductile Iron,1996,30,2144.3,50.5,Rocky,1248.6,2,4,1034.8,8.5,10,0,55.6,High
P-02943,50,PVC,2022,4,765.3,36.0,Sandy,1251.5,0,1,977.8,4.4,3,1,6.8,Low
P-02944,25,GI,2017,9,1481.3,30.5,Clay,1438.4,0,3,1159.5,1.4,2,0,12.3,Low
P-02945,50,GI,2015,11,920.0,37.2,Sandy,970.4,0,3,1014.7,14.3,3,0,19.0,Low
P-02946,160,PVC,1999,27,1071.3,40.5,Rocky,1319.4,2,3,1135.8,5.8,2,0,49.0,Moderate
P-02947,110,PVC,2008,18,1293.8,32.7,Loam,1700.0,4,1,1179.4,2.7,3,1,27.0,Moderate
P-02948,75,PVC,2014,12,52.5,34.3,Rocky,939.0,3,1,1262.4,6.2,4,0,17.1,Low
P-02949,75,PVC,2018,8,1445.5,42.1,Clay,1042.4,0,0,1293.8,0.3,1,1,10.1,Low
P-02950,63,PVC,2003,23,1936.5,26.4,Clay,946.4,2,2,1496.1,6.4,3,0,26.6,Moderate
P-02951,110,Ductile Iron,2019,7,370.3,44.5,Loam,922.0,2,0,856.2,5.7,3,1,13.6,Low
P-02952,110,GI,2003,23,736.1,27.4,Loam,819.0,2,1,892.1,4.6,3,1,28.1,Moderate
P-02953,110,PVC,2001,25,2212.2,34.7,Clay,1062.6,3,3,945.4,1.3,5,0,38.7,Moderate
P-02954,50,PVC,2015,11,949.1,19.9,Clay,1388.5,3,3,1037.1,7.7,5,0,12.6,Low
P-02955,90,Ductile Iron,2023,3,257.1,9.1,Clay,1635.6,0,0,801.4,1.3,0,0,2.6,Low
P-02956,160,PVC,2000,26,504.5,44.2,Rocky,898.1,0,2,862.8,0.8,4,1,33.8,Moderate
P-02957,40,HDPE,1998,28,562.0,33.1,Loam,900.4,5,2,1125.8,10.3,5,0,51.8,High
P-02958,50,PVC,2000,26,1111.2,46.6,Sandy,1528.1,2,3,1118.4,9.4,13,0,37.6,Moderate
P-02959,50,PVC,2012,14,2484.9,50.1,Sandy,981.5,2,0,500.0,10.1,2,0,26.8,Moderate
P-02960,25,PVC,2020,6,155.1,25.5,Loam,1607.1,0,1,1540.8,4.0,0,0,6.5,Low
P-02961,32,PVC,2002,24,1997.3,43.2,Sandy,902.0,4,2,907.5,11.0,1,0,54.9,High
P-02962,63,Ductile Iron,2010,16,1680.5,25.1,Loam,1467.8,3,0,1298.3,10.1,5,0,15.1,Low
P-02963,40,Ductile Iron,2017,9,2153.3,26.3,Rocky,1741.1,0,2,1178.2,0.8,1,0,8.4,Low
P-02964,32,PVC,2006,20,2139.4,33.9,Rocky,1447.0,2,5,1081.3,7.8,5,1,33.4,Moderate
P-02965,160,PVC,2021,5,1868.8,16.6,Clay,1780.2,1,0,952.8,4.1,1,0,4.5,Low
P-02966,32,HDPE,2004,22,398.8,13.2,Black Cotton,1344.6,2,1,1307.5,2.2,5,1,18.0,Low
P-02967,32,PVC,1999,27,2447.5,50.3,Sandy,1788.9,3,0,1179.5,8.0,4,1,50.2,High
P-02968,50,PVC,2023,3,1866.6,53.6,Clay,1049.0,1,0,1179.7,12.2,0,0,15.0,Low
P-02969,40,PVC,2008,18,2202.1,42.3,Loam,1321.8,1,1,1225.1,4.4,4,0,22.5,Low
P-02970,40,PVC,2016,10,2072.3,27.7,Clay,1524.1,2,1,826.5,4.0,4,0,10.2,Low
P-02971,75,PVC,2008,18,742.4,41.1,Black Cotton,1780.7,2,1,504.3,0.2,3,1,32.1,Moderate
P-02972,110,PVC,1998,28,530.2,29.5,Sandy,1597.6,3,0,1086.5,3.3,4,1,32.8,Moderate
P-02973,75,Ductile Iron,2006,20,253.9,17.5,Clay,1719.2,2,3,914.7,2.1,2,1,19.4,Low
P-02974,50,PVC,1998,28,180.4,39.4,Sandy,889.3,3,2,1004.6,2.9,2,0,50.1,High
P-02975,160,GI,2017,9,1826.3,45.9,Loam,1341.3,1,1,1121.4,2.2,3,1,17.4,Low
P-02976,63,Ductile Iron,2020,6,2255.7,21.6,Sandy,1474.7,3,0,999.5,5.7,1,0,8.1,Low
P-02977,32,Ductile Iron,2008,18,2130.2,26.0,Sandy,1318.3,3,0,1372.6,10.2,3,1,19.4,Low
P-02978,50,PVC,1996,30,1504.5,27.5,Black Cotton,1549.6,3,2,1269.8,4.6,6,1,46.8,Moderate
P-02979,25,GI,2022,4,1454.2,23.3,Clay,1032.6,0,0,1348.5,5.9,1,0,5.4,Low
P-02980,90,Ductile Iron,2013,13,1905.2,40.4,Loam,1662.9,2,0,895.8,9.6,3,0,18.4,Low
P-02981,110,PVC,2006,20,1990.6,12.8,Rocky,1739.5,3,1,969.3,6.1,6,0,13.6,Low
P-02982,90,PVC,2009,17,1796.3,29.4,Loam,1352.1,2,2,968.2,8.2,2,0,21.9,Low
P-02983,90,Ductile Iron,1995,31,1959.1,32.1,Loam,1558.9,4,4,1168.6,6.9,7,0,54.3,High
P-02984,110,PVC,2014,12,1170.9,37.3,Sandy,984.1,1,1,1351.4,2.3,2,0,14.6,Low
P-02985,110,PVC,2004,22,2228.7,25.1,Rocky,1036.4,2,4,1135.9,2.4,7,1,23.6,Low
P-02986,75,Ductile Iron,2017,9,357.0,34.6,Clay,1492.2,1,0,808.6,4.8,1,0,10.7,Low
P-02987,25,HDPE,2000,26,226.4,37.1,Sandy,1052.1,4,3,1375.2,3.8,3,0,50.9,High
P-02988,40,GI,2009,17,434.8,57.6,Rocky,867.7,2,4,1433.6,10.1,2,0,55.0,High
P-02989,75,PVC,2021,5,1154.0,19.0,Sandy,1792.0,0,0,898.9,5.9,2,0,4.0,Low
P-02990,50,GI,2015,11,2064.3,33.1,Sandy,1306.3,3,0,909.9,0.0,6,0,13.8,Low
P-02991,160,HDPE,2000,26,1913.4,27.8,Sandy,1212.5,0,3,983.0,0.9,6,0,22.5,Low
P-02992,32,GI,2020,6,2364.3,32.1,Loam,1135.4,0,2,1231.8,3.4,1,0,10.2,Low
P-02993,63,PVC,2006,20,1079.3,48.1,Black Cotton,918.0,1,0,1009.0,4.7,3,1,35.5,Moderate
P-02994,75,GI,1998,28,870.4,44.1,Black Cotton,1056.7,1,0,1119.5,1.7,5,0,47.5,Moderate
P-02995,50,PVC,2008,18,574.1,42.2,Sandy,1780.7,1,3,1130.3,2.2,2,0,29.1,Moderate
P-02996,32,HDPE,2002,24,87.7,29.7,Clay,1655.1,0,4,1080.6,2.7,2,1,28.5,Moderate
P-02997,75,PVC,2005,21,735.4,45.3,Loam,1355.1,2,3,1445.7,0.2,3,0,38.6,Moderate
P-02998,160,PVC,2005,21,1019.0,15.2,Rocky,839.8,3,3,1022.8,8.1,3,0,22.8,Low
P-02999,25,GI,1995,31,2453.9,52.0,Clay,1011.3,5,2,824.7,7.2,6,1,74.1,High
P-03000,32,PVC,2001,25,1722.4,28.2,Clay,1022.9,5,2,1158.6,1.5,3,1,41.7,Moderate
P-03001,40,GI,2004,22,2497.4,44.1,Loam,1616.7,1,4,1162.8,0.9,4,1,41.8,Moderate
P-03002,32,HDPE,1997,29,2251.8,22.9,Rocky,1422.3,4,5,1086.7,0.6,4,1,47.9,Moderate
P-03003,25,PVC,1998,28,1393.0,32.3,Rocky,806.2,7,3,1001.2,3.4,3,1,63.4,High
P-03004,160,GI,2022,4,2039.7,35.2,Black Cotton,1090.6,0,1,979.7,2.3,0,0,12.4,Low
P-03005,160,PVC,2000,26,1227.1,32.5,Sandy,1742.9,2,2,802.7,3.5,7,1,29.7,Moderate
P-03006,63,PVC,2001,25,1151.1,36.5,Sandy,1115.8,4,3,1418.6,3.2,5,0,45.3,Moderate
P-03007,90,PVC,1995,31,192.9,19.8,Black Cotton,1747.3,5,4,780.1,3.0,7,1,55.3,High
P-03008,40,PVC,2017,9,1423.0,42.8,Black Cotton,1422.7,2,0,557.4,2.7,1,1,20.8,Low
P-03009,63,PVC,1999,27,1079.7,11.6,Loam,1052.0,3,3,854.5,6.8,2,0,29.8,Moderate
P-03010,40,PVC,2001,25,1970.0,36.3,Sandy,1795.6,7,6,646.4,2.4,5,1,67.3,High
P-03011,110,GI,2000,26,62.3,28.2,Rocky,974.3,3,2,1065.3,4.5,3,0,40.7,Moderate
P-03012,32,PVC,1999,27,342.6,30.0,Loam,1436.9,4,3,1072.1,3.3,7,0,40.5,Moderate
P-03013,25,PVC,2020,6,440.6,39.5,Loam,814.8,1,0,1319.4,3.9,1,0,10.1,Low
P-03014,32,GI,2016,10,1957.7,23.3,Sandy,872.5,0,3,1133.2,2.3,2,0,10.6,Low
P-03015,32,HDPE,2001,25,1018.8,24.3,Clay,1348.1,5,1,995.2,7.0,4,1,35.9,Moderate
P-03016,25,PVC,2017,9,2427.8,33.8,Rocky,1656.5,1,0,1001.2,5.2,1,1,10.5,Low
P-03017,90,Ductile Iron,1995,31,2419.2,27.8,Sandy,1275.3,3,4,1036.6,3.2,9,0,41.7,Moderate
P-03018,75,PVC,2007,19,1201.4,33.4,Rocky,1606.1,1,2,1042.2,5.3,4,0,21.0,Low
P-03019,32,PVC,2024,2,2492.2,34.2,Rocky,1222.1,0,0,934.5,5.7,0,0,5.9,Low
P-03020,90,Ductile Iron,2016,10,2041.4,41.8,Black Cotton,1186.8,1,1,912.1,1.6,3,1,18.5,Low
P-03021,110,PVC,1995,31,695.6,10.5,Rocky,942.8,5,3,1020.4,0.8,6,0,36.2,Moderate
P-03022,110,Ductile Iron,1996,30,335.0,36.8,Clay,1097.7,7,2,993.6,1.5,7,1,61.3,High
P-03023,75,Ductile Iron,2011,15,184.8,39.4,Loam,1522.2,1,3,804.0,5.6,3,0,22.8,Low
P-03024,90,PVC,2005,21,2438.3,29.1,Clay,1073.4,2,3,895.3,4.1,1,0,29.8,Moderate
P-03025,25,Ductile Iron,2006,20,2350.6,49.4,Loam,1726.9,3,1,500.0,0.9,5,0,35.7,Moderate
P-03026,50,PVC,2021,5,1625.0,18.6,Clay,1331.5,0,0,1118.5,8.2,2,0,4.0,Low
P-03027,160,PVC,2015,11,290.1,48.6,Black Cotton,1266.3,1,0,1141.3,1.9,1,0,23.6,Low
P-03028,75,GI,1997,29,1506.8,42.0,Clay,1257.0,1,2,1055.0,1.6,5,0,45.2,Moderate
P-03029,40,PVC,1996,30,1667.1,23.9,Loam,1440.9,5,2,1072.4,2.1,6,0,43.0,Moderate
P-03030,63,PVC,2019,7,315.3,29.5,Black Cotton,1796.1,1,1,919.9,6.9,1,0,12.6,Low
P-03031,110,HDPE,2013,13,594.2,36.7,Loam,974.9,0,1,764.0,0.7,3,0,12.1,Low
P-03032,32,Ductile Iron,2006,20,1533.7,45.1,Sandy,1624.6,1,3,996.8,1.9,3,0,33.1,Moderate
P-03033,25,PVC,2013,13,1968.7,37.3,Loam,1068.1,2,1,960.2,7.0,4,1,17.3,Low
P-03034,90,PVC,2002,24,536.3,16.1,Clay,1083.0,3,0,1252.3,0.8,6,0,16.2,Low
P-03035,32,HDPE,2009,17,214.0,55.5,Rocky,1353.7,2,2,717.4,4.8,5,0,35.6,Moderate
P-03036,160,HDPE,2019,7,1084.3,35.4,Loam,1031.2,0,1,1116.1,8.6,3,0,8.6,Low
P-03037,32,HDPE,2003,23,2132.1,53.7,Black Cotton,1048.7,4,4,551.9,2.0,6,1,66.0,High
P-03038,90,Ductile Iron,1995,31,2348.9,41.6,Loam,1032.5,5,8,1045.0,3.8,7,1,76.1,Very High
P-03039,50,PVC,2021,5,884.2,16.0,Black Cotton,1277.8,1,0,1261.5,4.3,0,0,6.5,Low
P-03040,25,HDPE,2003,23,2293.5,29.8,Loam,912.6,3,3,1053.9,3.5,5,0,32.1,Moderate
P-03041,110,HDPE,1999,27,397.6,32.6,Rocky,937.5,3,2,663.9,8.7,5,0,40.1,Moderate
P-03042,160,GI,2004,22,1665.4,30.2,Rocky,1112.9,6,3,1146.1,6.6,10,1,42.0,Moderate
P-03043,110,GI,2002,24,2177.1,39.6,Black Cotton,1732.6,2,1,890.2,7.5,2,0,50.4,High
P-03044,40,PVC,2012,14,2134.1,26.9,Clay,1634.6,1,0,1135.5,7.1,3,0,10.9,Low
P-03045,160,PVC,2001,25,2275.2,20.8,Loam,1250.2,2,1,619.4,2.5,3,0,22.3,Low
P-03046,160,PVC,2021,5,365.7,29.0,Clay,962.2,1,0,1023.4,2.0,4,0,5.5,Low
P-03047,40,PVC,2020,6,1148.8,43.1,Sandy,983.7,0,0,1264.1,2.6,0,0,10.0,Low
P-03048,40,HDPE,1998,28,1904.0,54.6,Clay,1096.9,4,3,1293.5,5.7,6,1,65.6,High
P-03049,90,HDPE,2004,22,2039.6,30.4,Rocky,1699.1,6,1,1019.7,2.7,6,1,35.6,Moderate
P-03050,160,GI,2016,10,111.4,31.1,Sandy,850.5,2,0,1032.4,2.6,2,0,13.2,Low
P-03051,25,PVC,2019,7,863.5,55.5,Loam,971.6,1,1,1567.3,5.6,0,0,20.8,Low
P-03052,32,HDPE,2022,4,577.4,31.8,Rocky,1271.1,0,1,1044.3,0.9,0,0,6.6,Low
P-03053,110,PVC,1995,31,985.4,36.5,Clay,1326.6,7,4,1105.7,3.0,3,1,74.0,High
P-03054,160,GI,2010,16,90.5,52.5,Rocky,1634.4,4,2,782.1,3.1,4,0,45.6,Moderate
P-03055,32,PVC,2002,24,360.7,34.2,Rocky,942.9,2,4,1074.4,8.7,5,0,37.9,Moderate
P-03056,160,HDPE,2012,14,494.5,24.1,Rocky,816.9,0,3,1136.3,4.5,4,0,11.0,Low
P-03057,50,GI,2016,10,891.0,46.6,Sandy,1324.8,2,3,826.6,0.5,4,0,24.9,Low
P-03058,63,Ductile Iron,2012,14,2372.5,27.2,Sandy,1538.6,0,1,1093.2,2.4,2,0,10.4,Low
P-03059,50,HDPE,2017,9,121.1,35.4,Sandy,1016.1,1,1,1218.2,4.2,2,1,11.6,Low
P-03060,25,PVC,2012,14,468.9,29.8,Sandy,1277.9,1,1,1225.1,1.5,0,0,14.5,Low
P-03061,90,Ductile Iron,2001,25,344.7,57.9,Sandy,900.2,5,3,1502.1,4.9,4,1,69.5,High
P-03062,75,PVC,2008,18,866.9,38.8,Clay,862.9,1,4,690.4,3.1,4,0,27.2,Moderate
P-03063,63,Ductile Iron,2011,15,1814.5,45.5,Loam,1418.8,1,1,734.7,1.3,3,0,20.9,Low
P-03064,32,HDPE,1995,31,2151.5,50.1,Sandy,1149.6,9,3,1071.0,10.3,7,0,83.5,Very High
P-03065,32,PVC,2004,22,2195.6,44.6,Black Cotton,1488.8,1,2,687.9,4.6,4,0,40.8,Moderate
P-03066,32,HDPE,2008,18,560.8,24.5,Black Cotton,949.5,1,2,1243.4,0.3,7,0,16.6,Low
P-03067,160,Ductile Iron,2002,24,1141.7,13.1,Rocky,1524.4,6,1,1073.7,8.5,2,0,32.6,Moderate
P-03068,32,PVC,2016,10,2215.1,35.4,Black Cotton,1668.0,2,1,1101.7,0.8,1,0,19.5,Low
P-03069,40,Ductile Iron,1998,28,2320.2,48.2,Clay,868.3,5,4,625.9,1.8,7,1,64.9,High
P-03070,160,PVC,1997,29,353.0,39.6,Sandy,1106.8,3,5,1418.6,2.1,8,1,52.5,High
P-03071,110,Ductile Iron,2014,12,487.8,48.5,Clay,1473.4,2,0,1144.9,13.3,2,0,23.8,Low
P-03072,90,GI,2017,9,1536.9,12.3,Rocky,1799.3,0,0,812.7,2.2,4,0,4.3,Low
P-03073,75,PVC,2004,22,1941.8,36.2,Sandy,1383.5,1,2,1128.3,8.4,2,0,30.2,Moderate
P-03074,63,PVC,2024,2,915.4,32.7,Loam,1147.4,1,1,1278.1,2.0,1,0,6.8,Low
P-03075,110,PVC,1998,28,1972.0,48.6,Rocky,1164.3,1,1,1160.0,3.0,6,1,40.0,Moderate
P-03076,160,Ductile Iron,2012,14,65.4,42.9,Rocky,1568.6,1,0,1241.0,8.2,3,1,17.9,Low
P-03077,110,GI,2008,18,111.6,36.8,Black Cotton,834.8,0,1,756.0,3.7,5,0,24.5,Low
P-03078,50,PVC,2007,19,118.4,34.3,Clay,1665.2,1,4,1224.2,4.8,3,0,27.2,Moderate
P-03079,160,PVC,2006,20,1210.1,10.8,Clay,1683.6,4,0,889.6,1.1,5,0,13.2,Low
P-03080,40,PVC,2012,14,1591.5,21.9,Black Cotton,1122.6,4,3,525.5,6.7,4,0,25.7,Moderate
P-03081,90,Ductile Iron,2024,2,330.4,52.2,Clay,971.5,1,0,974.9,2.7,1,0,11.3,Low
P-03082,25,HDPE,2023,3,2364.1,30.4,Clay,983.5,0,0,1550.0,1.5,0,0,5.3,Low
P-03083,32,PVC,2000,26,294.7,56.3,Black Cotton,1442.6,3,6,1056.9,3.0,8,0,72.2,High
P-03084,90,Ductile Iron,2012,14,124.4,16.2,Sandy,1527.9,1,2,1234.4,8.5,4,0,9.5,Low
P-03085,90,HDPE,2008,18,1243.1,43.4,Clay,1315.9,2,2,827.7,2.1,6,1,26.1,Moderate
P-03086,160,GI,2005,21,2404.3,33.8,Sandy,1531.6,6,0,1086.1,2.3,3,1,42.4,Moderate
P-03087,75,Ductile Iron,2023,3,1669.4,16.3,Sandy,1189.6,0,0,969.7,3.7,0,0,3.4,Low
P-03088,40,PVC,2004,22,1430.6,45.4,Loam,1333.1,2,2,1044.8,13.7,6,0,37.8,Moderate
P-03089,75,PVC,2007,19,714.5,30.6,Loam,1013.9,2,1,1180.5,0.4,6,0,17.2,Low
P-03090,40,Ductile Iron,2018,8,1072.3,34.0,Loam,1366.3,2,0,785.1,16.5,0,0,14.2,Low
P-03091,75,PVC,2024,2,610.7,45.2,Loam,1511.4,0,0,1341.7,1.7,0,0,8.0,Low
P-03092,63,PVC,2020,6,2184.9,29.9,Loam,1370.4,1,2,1439.6,2.2,1,0,9.2,Low
P-03093,110,Ductile Iron,2001,25,100.0,39.5,Sandy,1424.9,3,3,928.4,2.2,2,1,47.5,Moderate
P-03094,25,HDPE,2003,23,2494.0,49.5,Clay,1531.6,3,3,1371.6,2.5,4,0,49.6,Moderate
P-03095,63,PVC,2007,19,1349.0,22.5,Loam,1559.1,2,3,1224.7,1.0,8,0,15.4,Low
P-03096,110,PVC,2001,25,2369.1,29.9,Clay,1420.6,2,2,1385.8,11.5,3,0,33.9,Moderate
P-03097,40,GI,2013,13,1165.6,25.6,Loam,1161.1,1,1,1280.7,4.2,5,0,11.4,Low
P-03098,25,PVC,2011,15,1985.5,22.5,Black Cotton,1357.6,4,3,962.0,9.4,2,0,30.8,Moderate
P-03099,25,PVC,2006,20,814.9,45.2,Loam,1781.5,0,0,753.8,0.8,1,0,23.8,Low
P-03100,75,PVC,2022,4,2349.4,32.3,Loam,1564.8,0,1,1119.2,7.5,1,0,7.0,Low
P-03101,50,PVC,2018,8,2491.2,51.7,Clay,1514.2,1,1,661.9,4.6,0,1,19.6,Low
P-03102,90,GI,2018,8,198.8,38.6,Rocky,1178.5,1,0,1318.4,0.9,0,0,13.5,Low
P-03103,63,GI,2023,3,436.0,21.8,Sandy,1651.7,0,0,1133.5,19.6,0,0,6.2,Low
P-03104,25,GI,2006,20,1474.0,25.6,Black Cotton,1593.2,3,1,1079.0,2.6,2,0,34.0,Moderate
P-03105,110,GI,2001,25,2413.9,24.7,Sandy,1735.1,4,3,980.0,5.9,2,0,45.4,Moderate
P-03106,32,GI,2011,15,2222.4,45.7,Rocky,1161.6,3,2,1040.7,7.5,4,0,35.4,Moderate
P-03107,50,HDPE,2021,5,1811.6,35.9,Black Cotton,938.9,0,0,1218.2,5.7,1,0,10.0,Low
P-03108,90,PVC,2020,6,1288.5,40.5,Clay,1250.5,1,2,999.2,0.3,2,0,11.8,Low
P-03109,63,HDPE,2007,19,879.6,50.8,Clay,965.2,3,0,1584.9,8.7,6,0,33.5,Moderate
P-03110,63,PVC,2021,5,1750.4,38.5,Clay,925.3,2,1,1013.7,1.4,0,0,12.3,Low
P-03111,160,GI,2022,4,2299.6,59.1,Sandy,1246.8,1,0,924.6,6.8,1,0,19.6,Low
P-03112,90,HDPE,2002,24,684.0,42.3,Black Cotton,1744.4,5,1,917.9,5.4,6,1,54.5,High
P-03113,110,Ductile Iron,2024,2,1034.3,49.7,Sandy,1060.4,2,0,820.4,3.9,0,0,13.1,Low
P-03114,110,HDPE,1999,27,1944.9,18.6,Sandy,1596.0,1,2,1060.1,3.2,7,0,18.9,Low
P-03115,160,HDPE,2018,8,806.2,40.6,Sandy,1055.9,4,0,1226.2,7.3,0,0,20.6,Low
P-03116,160,PVC,2022,4,2089.2,40.1,Loam,1592.1,1,0,1143.5,10.4,2,0,9.3,Low
P-03117,40,PVC,2007,19,1088.9,36.5,Rocky,1276.6,3,1,1108.3,7.1,0,0,32.7,Moderate
P-03118,32,PVC,2002,24,2177.1,37.2,Black Cotton,1739.5,0,0,957.7,10.9,4,0,30.5,Moderate
P-03119,40,HDPE,2018,8,1449.3,38.8,Sandy,1473.3,3,2,1301.7,2.3,3,0,17.0,Low
P-03120,90,HDPE,2021,5,1426.9,29.0,Clay,865.3,1,0,915.3,8.4,0,0,7.6,Low
P-03121,50,PVC,2007,19,1111.7,33.5,Clay,1390.5,1,2,1179.4,7.1,3,0,22.5,Low
P-03122,25,HDPE,2008,18,335.4,32.9,Sandy,1103.2,2,3,1156.6,3.3,6,0,22.1,Low
P-03123,160,PVC,2021,5,271.1,49.7,Rocky,1024.4,0,0,1388.5,1.7,0,1,11.3,Low
P-03124,25,Ductile Iron,2010,16,480.0,32.0,Loam,1610.8,1,0,735.2,1.5,2,0,14.2,Low
P-03125,110,PVC,2020,6,965.7,34.7,Clay,876.2,1,0,1083.4,10.1,1,0,9.4,Low
P-03126,63,PVC,1997,29,633.5,13.9,Clay,1186.4,3,4,1012.4,8.3,10,0,27.8,Moderate
P-03127,75,Ductile Iron,2020,6,2480.7,71.5,Loam,1327.4,0,0,1173.8,4.9,2,1,21.5,Low
P-03128,63,PVC,2007,19,527.2,37.2,Loam,869.2,6,0,867.8,2.9,1,0,39.9,Moderate
P-03129,32,GI,2006,20,178.1,53.7,Black Cotton,1140.0,5,3,500.0,0.1,3,1,69.9,High
P-03130,50,Ductile Iron,2017,9,1898.3,52.2,Clay,1148.3,0,0,1536.5,12.5,0,0,18.1,Low
P-03131,32,PVC,2019,7,1663.9,54.9,Sandy,1578.3,1,1,1105.9,2.8,3,0,17.0,Low
P-03132,50,HDPE,2023,3,1531.6,12.2,Loam,1601.6,1,0,910.1,4.7,2,0,3.2,Low
P-03133,63,Ductile Iron,2020,6,473.1,12.4,Sandy,1633.1,1,0,1115.2,0.3,2,0,3.7,Low
P-03134,160,PVC,2021,5,808.2,36.2,Loam,898.1,2,0,1139.3,2.1,0,0,10.3,Low
P-03135,75,HDPE,1995,31,1434.7,46.7,Sandy,1475.6,3,2,826.5,8.7,4,1,61.1,High
P-03136,160,HDPE,2017,9,549.0,27.3,Black Cotton,1597.9,3,4,1006.5,1.2,1,0,23.1,Low
P-03137,50,PVC,2014,12,779.4,23.6,Rocky,1432.4,1,1,500.0,0.5,0,0,10.4,Low
P-03138,40,PVC,2019,7,568.6,15.8,Sandy,1229.0,1,0,958.4,0.7,2,0,4.5,Low
P-03139,160,PVC,1999,27,1447.7,28.3,Rocky,1487.6,3,0,1180.5,6.3,6,0,28.7,Moderate
P-03140,25,GI,2017,9,103.5,31.5,Clay,1329.6,2,1,889.1,3.2,1,0,14.9,Low
P-03141,25,PVC,2005,21,376.7,30.6,Clay,1462.1,1,2,1096.7,13.2,1,1,27.4,Moderate
P-03142,25,HDPE,2000,26,988.6,23.0,Clay,1148.6,5,7,1168.4,9.2,3,1,58.0,High
P-03143,160,PVC,2019,7,1025.4,24.7,Clay,1785.3,1,0,1102.3,2.1,2,0,6.2,Low
P-03144,75,HDPE,2015,11,1277.2,23.1,Loam,1232.1,2,2,1355.3,4.0,2,0,11.9,Low
P-03145,50,GI,2005,21,2098.3,45.6,Clay,1460.6,4,2,1044.9,2.2,4,1,48.6,Moderate
P-03146,25,GI,2018,8,1142.8,36.8,Rocky,1243.4,3,2,1262.3,0.8,2,1,19.5,Low
P-03147,25,PVC,2009,17,183.0,44.3,Sandy,1069.4,3,3,1762.7,2.3,2,0,37.1,Moderate
P-03148,32,Ductile Iron,2023,3,2333.2,38.3,Loam,1357.2,1,0,755.1,6.8,0,0,8.7,Low
P-03149,75,PVC,2017,9,728.6,21.2,Clay,1502.8,2,0,870.9,3.7,3,0,7.2,Low
P-03150,160,HDPE,2017,9,394.1,29.1,Rocky,1068.4,0,1,1097.2,2.5,3,0,7.5,Low
P-03151,160,PVC,2007,19,1077.0,20.9,Loam,1445.8,4,0,948.1,2.4,6,0,16.1,Low
P-03152,110,HDPE,2012,14,350.5,23.7,Clay,1338.1,1,2,1167.0,10.0,3,0,12.9,Low
P-03153,32,Ductile Iron,2005,21,591.9,38.5,Loam,1188.3,5,2,1179.3,12.3,5,0,44.2,Moderate
P-03154,63,PVC,2007,19,2309.7,27.5,Sandy,1098.7,2,2,841.7,4.5,4,0,20.3,Low
P-03155,50,HDPE,2021,5,410.1,33.8,Loam,1424.0,3,0,1201.7,1.0,0,0,11.1,Low
P-03156,160,PVC,2020,6,966.2,41.9,Clay,1332.8,0,0,931.4,0.9,2,0,8.4,Low
P-03157,75,GI,2009,17,1424.6,18.0,Black Cotton,1306.5,1,0,1019.5,7.4,4,1,15.5,Low
P-03158,160,PVC,2002,24,248.0,29.3,Clay,886.9,2,2,1305.6,4.4,13,0,18.7,Low
P-03159,160,HDPE,2020,6,2457.8,36.8,Sandy,1285.0,2,1,1071.0,3.0,2,0,11.4,Low
P-03160,50,PVC,2005,21,109.1,28.5,Sandy,1561.9,2,2,1406.6,9.3,3,1,26.0,Moderate
P-03161,32,GI,1995,31,407.2,10.1,Loam,1354.5,3,2,1076.8,4.2,11,1,24.7,Low
P-03162,160,PVC,2008,18,153.2,30.5,Loam,1275.7,4,1,1077.5,2.2,1,1,27.7,Moderate
P-03163,40,HDPE,2006,20,599.5,47.4,Loam,1586.3,1,1,1386.5,7.0,3,0,30.9,Moderate
P-03164,75,GI,1997,29,1976.7,45.9,Clay,1457.9,3,4,1051.7,5.1,4,1,66.4,High
P-03165,110,PVC,2017,9,243.4,31.2,Loam,1775.4,0,0,1186.6,4.0,1,0,8.1,Low
P-03166,75,HDPE,2017,9,2214.1,39.9,Loam,1545.8,1,1,930.1,0.9,1,0,13.4,Low
P-03167,90,HDPE,2011,15,905.0,31.1,Sandy,803.7,0,2,887.3,3.5,3,0,13.5,Low
P-03168,40,PVC,1996,30,1412.6,31.3,Sandy,1565.5,4,4,1092.3,2.6,10,0,45.6,Moderate
P-03169,25,HDPE,2007,19,2132.0,27.9,Clay,1647.7,1,5,1033.5,1.1,5,0,22.2,Low
P-03170,75,Ductile Iron,2013,13,341.1,16.7,Sandy,837.3,0,0,1261.3,2.9,2,0,6.2,Low
P-03171,160,PVC,2010,16,937.8,47.1,Loam,1615.8,2,2,1227.5,6.5,2,0,32.0,Moderate
P-03172,63,GI,2008,18,367.8,57.5,Sandy,1175.1,1,0,1058.1,2.3,7,0,30.1,Moderate
P-03173,160,HDPE,2003,23,2125.3,48.2,Black Cotton,1424.8,3,2,724.6,7.2,7,0,51.2,High
P-03174,63,Ductile Iron,2016,10,2495.9,23.4,Sandy,1188.1,3,2,1017.9,5.9,3,0,12.7,Low
P-03175,63,PVC,2015,11,58.2,35.7,Rocky,1728.7,0,1,1476.1,1.7,2,0,11.0,Low
P-03176,75,HDPE,2016,10,1415.2,25.5,Clay,1406.4,2,1,978.9,7.1,3,0,10.5,Low
P-03177,50,HDPE,2024,2,1156.6,24.5,Black Cotton,892.2,0,0,500.0,3.5,0,0,5.8,Low
P-03178,63,PVC,2017,9,617.2,37.6,Clay,1235.0,1,1,1786.5,3.6,1,1,13.0,Low
P-03179,25,GI,2005,21,1285.4,40.2,Clay,810.6,4,1,1459.5,3.7,7,1,37.0,Moderate
P-03180,160,PVC,2000,26,2112.8,33.9,Sandy,1710.9,6,1,1125.5,16.3,4,0,53.8,High
P-03181,90,GI,2005,21,2392.5,33.5,Loam,1022.2,3,0,949.4,6.1,2,0,32.2,Moderate
P-03182,40,PVC,1996,30,1035.3,40.0,Clay,1668.8,3,1,1029.4,5.6,6,0,46.1,Moderate
P-03183,75,GI,2022,4,1800.4,33.1,Sandy,1733.6,0,0,1100.1,9.5,3,0,7.1,Low
P-03184,75,PVC,2007,19,1644.6,48.6,Loam,1181.7,2,0,1330.1,3.4,2,1,31.3,Moderate
P-03185,160,Ductile Iron,2020,6,2299.5,19.8,Black Cotton,1293.2,1,1,1058.1,6.9,2,0,8.2,Low
P-03186,63,GI,2007,19,2403.4,10.8,Rocky,1349.1,3,3,1059.8,2.3,3,0,19.6,Low
P-03187,160,PVC,2003,23,1168.0,35.1,Loam,1703.5,1,1,1475.0,6.5,6,0,23.2,Low
P-03188,32,PVC,2003,23,1153.7,31.1,Sandy,1451.5,6,2,893.1,1.5,5,1,42.0,Moderate
P-03189,32,PVC,2006,20,1164.1,30.0,Clay,1227.1,0,1,960.8,5.1,3,0,16.4,Low
P-03190,160,PVC,2013,13,1116.8,54.6,Clay,1269.5,4,1,923.8,3.4,5,0,32.9,Moderate
P-03191,75,GI,1998,28,749.5,41.3,Clay,1187.4,6,4,893.5,1.5,8,1,66.5,High
P-03192,25,HDPE,2010,16,886.4,39.2,Clay,1057.7,1,0,1156.3,25.4,0,1,25.6,Moderate
P-03193,90,Ductile Iron,2020,6,1836.1,15.9,Sandy,875.1,1,1,907.1,2.2,1,0,5.2,Low
P-03194,90,HDPE,2011,15,1900.1,20.3,Black Cotton,1104.2,1,3,975.5,4.7,5,0,15.8,Low
P-03195,32,HDPE,2012,14,75.3,23.2,Loam,1540.6,1,1,984.9,4.1,2,0,11.0,Low
P-03196,160,PVC,2014,12,870.0,20.4,Sandy,1799.7,1,1,1019.3,0.3,3,0,7.9,Low
P-03197,90,PVC,2010,16,1854.3,33.4,Loam,1243.1,4,1,880.5,0.8,2,0,25.2,Moderate
P-03198,50,GI,2022,4,373.1,36.5,Black Cotton,1138.6,1,0,1422.8,2.6,0,1,13.5,Low
P-03199,50,GI,2019,7,2322.0,37.0,Sandy,804.4,0,0,886.2,4.5,3,0,9.2,Low
P-03200,75,HDPE,2002,24,2143.7,35.4,Sandy,934.8,3,3,934.4,5.3,3,1,41.8,Moderate
P-03201,75,PVC,2022,4,1507.8,43.8,Black Cotton,1340.8,0,0,1369.9,2.8,1,0,11.6,Low
P-03202,40,PVC,2009,17,955.4,35.1,Clay,1691.8,2,2,838.0,14.7,4,0,25.1,Moderate
P-03203,25,HDPE,2021,5,2219.4,12.4,Sandy,1716.0,0,1,679.0,0.3,1,0,3.5,Low
P-03204,40,PVC,2009,17,2139.8,14.0,Loam,972.3,0,5,900.8,15.6,4,0,14.3,Low
P-03205,75,PVC,2003,23,2074.7,25.2,Clay,1628.3,3,0,1486.2,13.1,3,0,26.2,Moderate
P-03206,90,PVC,2003,23,675.5,39.9,Clay,1126.5,4,4,882.3,7.7,4,0,50.9,High
P-03207,63,HDPE,2018,8,75.0,36.6,Black Cotton,1097.1,0,0,1035.3,9.6,2,0,12.5,Low
P-03208,90,GI,2017,9,114.7,46.6,Sandy,1455.1,0,1,1633.1,4.8,1,0,17.5,Low
P-03209,90,Ductile Iron,2016,10,1871.6,57.9,Black Cotton,1081.0,1,1,1315.8,7.2,0,1,34.2,Moderate
P-03210,110,Ductile Iron,2023,3,638.1,49.0,Loam,863.0,1,0,1285.1,10.4,0,0,12.7,Low
P-03211,50,PVC,2020,6,1117.0,41.1,Clay,1599.8,2,0,1059.4,2.1,0,0,12.8,Low
P-03212,25,PVC,2022,4,683.0,18.8,Sandy,1207.2,1,1,881.8,2.2,1,0,4.9,Low
P-03213,50,HDPE,2001,25,1683.0,42.2,Loam,1518.5,2,3,1504.5,3.9,6,1,40.2,Moderate
P-03214,50,Ductile Iron,2013,13,2325.6,63.1,Clay,1241.5,1,3,1234.7,5.4,5,0,34.0,Moderate
P-03215,25,PVC,2019,7,276.3,24.3,Clay,1646.1,1,0,1061.6,3.0,0,0,6.9,Low
P-03216,90,HDPE,2014,12,203.3,27.2,Sandy,1475.7,0,2,626.7,12.2,4,0,10.5,Low
P-03217,40,HDPE,2015,11,53.6,23.1,Clay,1623.8,1,0,718.1,7.1,4,0,7.5,Low
P-03218,50,Ductile Iron,2011,15,68.4,56.9,Loam,1375.0,1,1,1050.4,3.9,4,0,27.8,Moderate
P-03219,75,GI,2014,12,2047.9,36.5,Loam,1181.8,2,2,1179.6,3.3,2,0,21.9,Low
P-03220,63,PVC,2009,17,735.7,28.9,Loam,1429.6,3,0,767.5,2.5,3,0,18.0,Low
P-03221,50,PVC,2019,7,546.6,30.9,Rocky,1011.3,1,0,1043.5,1.3,1,0,7.9,Low
P-03222,32,GI,2016,10,2257.1,57.6,Clay,1447.3,1,0,1221.0,1.1,4,0,21.8,Low
P-03223,63,Ductile Iron,2012,14,292.9,13.4,Black Cotton,1271.2,1,2,1224.3,1.0,4,0,10.7,Low
P-03224,90,PVC,2021,5,2347.6,44.9,Loam,1251.5,0,1,820.4,9.4,1,0,11.5,Low
P-03225,25,PVC,2003,23,2225.7,37.7,Loam,1727.3,2,0,1534.6,1.2,5,0,25.4,Moderate
P-03226,90,PVC,1995,31,962.2,41.6,Clay,1109.2,3,3,1202.1,7.4,7,0,55.1,High
P-03227,40,PVC,1997,29,471.6,29.5,Sandy,924.5,1,1,1093.8,2.0,9,0,23.3,Low
P-03228,50,Ductile Iron,2020,6,2423.9,34.3,Sandy,1691.5,1,0,751.2,21.4,1,0,10.8,Low
P-03229,32,HDPE,2024,2,1320.2,17.3,Loam,879.0,1,0,1215.8,11.3,1,0,4.1,Low
P-03230,50,PVC,2005,21,915.9,49.5,Clay,1490.1,1,1,753.4,2.2,6,0,28.7,Moderate
P-03231,50,PVC,1996,30,1723.4,60.3,Sandy,1075.6,6,3,983.9,1.5,9,0,75.3,Very High
P-03232,32,Ductile Iron,2000,26,1965.9,35.6,Sandy,1367.8,3,1,1398.0,1.8,7,0,32.6,Moderate
P-03233,160,HDPE,2015,11,1744.2,43.6,Rocky,1081.2,3,1,1212.0,0.3,1,0,22.6,Low
P-03234,50,PVC,2021,5,1578.7,19.1,Sandy,1777.1,1,0,1109.1,4.2,1,0,4.9,Low
P-03235,50,PVC,1998,28,1404.2,35.4,Clay,804.9,2,9,732.2,2.3,4,1,61.4,High
P-03236,75,HDPE,2020,6,831.0,44.6,Clay,993.4,1,1,1113.5,1.6,1,0,12.8,Low
P-03237,63,GI,2002,24,2370.1,47.1,Sandy,903.9,3,1,1274.6,3.0,5,1,46.6,Moderate
P-03238,110,PVC,1995,31,763.0,48.2,Clay,803.1,5,2,997.3,3.5,4,0,68.7,High
P-03239,50,PVC,1997,29,507.3,42.6,Sandy,909.0,6,1,872.3,6.5,6,0,60.2,High
P-03240,32,HDPE,1996,30,1670.4,48.8,Clay,969.7,4,0,1116.1,1.8,10,1,47.7,Moderate
P-03241,160,PVC,2011,15,1577.6,40.6,Black Cotton,1079.8,1,2,724.0,2.1,5,0,24.4,Low
P-03242,63,GI,2008,18,1182.1,25.7,Loam,1638.5,4,5,1010.2,2.8,1,0,40.2,Moderate
P-03243,160,PVC,2024,2,1345.6,52.2,Loam,971.3,0,0,1162.4,3.9,1,0,9.7,Low
P-03244,50,HDPE,2002,24,1373.5,27.6,Rocky,1534.4,3,2,1104.8,5.8,6,0,28.7,Moderate
P-03245,63,PVC,2003,23,2074.1,24.7,Loam,1022.8,3,4,1315.5,0.7,3,0,32.8,Moderate
P-03246,160,GI,1997,29,1021.0,32.6,Loam,1778.2,2,0,897.2,0.4,8,1,31.0,Moderate
P-03247,90,GI,2016,10,2495.4,45.3,Sandy,827.5,1,2,1090.1,3.3,2,0,21.5,Low
P-03248,90,GI,2011,15,1112.4,44.2,Rocky,1629.2,5,3,895.1,0.7,0,1,49.3,Moderate
P-03249,32,GI,2008,18,108.8,34.5,Sandy,1030.1,4,4,1030.1,1.0,4,1,39.4,Moderate
P-03250,25,PVC,2024,2,503.8,37.5,Loam,1556.7,0,0,1139.3,6.7,1,0,6.3,Low
P-03251,160,HDPE,2014,12,2198.0,29.2,Clay,1785.0,2,2,1136.6,1.9,6,0,12.1,Low
P-03252,50,HDPE,2002,24,916.7,37.4,Clay,906.4,2,2,659.5,6.4,2,0,37.9,Moderate
P-03253,40,PVC,2005,21,1904.8,53.0,Clay,1287.3,2,2,1503.2,0.7,3,0,42.1,Moderate
P-03254,160,PVC,1995,31,881.5,33.0,Rocky,1368.5,2,2,1800.0,6.8,4,0,44.0,Moderate
P-03255,25,GI,2002,24,1909.2,38.6,Loam,1120.4,1,1,1145.3,2.9,7,0,28.6,Moderate
P-03256,90,GI,2020,6,1846.5,29.5,Sandy,914.7,1,0,674.9,2.9,3,0,7.8,Low
P-03257,25,PVC,2010,16,2342.5,27.8,Rocky,946.1,4,5,805.1,7.7,2,0,34.0,Moderate
P-03258,110,PVC,2000,26,1941.2,24.8,Sandy,1184.1,3,7,544.0,3.6,8,1,41.1,Moderate
P-03259,40,PVC,2009,17,788.1,33.6,Sandy,1678.3,3,2,954.8,6.3,3,0,26.2,Moderate
P-03260,40,GI,2020,6,852.3,51.9,Rocky,1417.9,0,2,867.7,1.0,2,0,17.1,Low
P-03261,90,HDPE,2012,14,658.7,30.4,Sandy,1651.6,1,2,896.9,8.1,4,0,14.6,Low
P-03262,40,HDPE,2008,18,2370.9,32.4,Clay,1426.8,1,2,758.5,1.3,5,0,17.4,Low
P-03263,40,PVC,2002,24,315.8,36.4,Loam,1187.7,3,3,529.1,1.9,4,1,40.0,Moderate
P-03264,50,GI,1999,27,447.4,39.9,Loam,1358.8,4,2,1190.5,3.3,9,0,47.8,Moderate
P-03265,40,Ductile Iron,2008,18,687.1,29.5,Sandy,969.4,0,4,1387.8,6.9,2,0,21.1,Low
P-03266,40,HDPE,2011,15,1080.0,55.7,Sandy,1491.8,3,1,921.6,1.8,3,1,35.3,Moderate
P-03267,75,HDPE,2002,24,1960.8,53.2,Black Cotton,830.7,1,3,1106.3,3.2,5,0,53.2,High
P-03268,50,Ductile Iron,2018,8,1743.3,49.3,Loam,1137.8,1,0,1074.9,1.9,2,0,14.3,Low
P-03269,63,Ductile Iron,1995,31,796.7,57.9,Loam,1494.0,3,3,1230.3,2.4,4,1,70.7,High
P-03270,32,PVC,2001,25,57.2,32.9,Sandy,1286.6,4,1,584.3,1.2,12,0,26.4,Moderate
P-03271,32,HDPE,1999,27,2146.0,17.0,Black Cotton,1012.2,5,3,1149.1,3.2,4,0,46.8,Moderate
P-03272,75,GI,2015,11,610.4,9.4,Black Cotton,1272.4,0,0,1428.7,11.3,2,1,8.0,Low
P-03273,110,Ductile Iron,2006,20,613.2,43.9,Loam,1441.8,5,0,1020.2,3.5,4,1,38.9,Moderate
P-03274,110,Ductile Iron,2020,6,2083.3,46.1,Clay,1411.0,0,1,1318.8,2.1,3,0,10.4,Low
P-03275,25,Ductile Iron,2018,8,1068.3,39.4,Clay,1388.0,1,1,1284.1,1.8,0,1,13.2,Low
P-03276,90,GI,2023,3,971.6,29.6,Loam,1279.7,0,0,1136.0,8.4,1,0,6.5,Low
P-03277,40,Ductile Iron,2022,4,305.4,22.6,Black Cotton,800.3,1,1,1089.4,2.0,0,0,8.2,Low
P-03278,75,PVC,2001,25,1387.9,61.1,Black Cotton,950.3,3,3,1084.8,18.1,2,1,77.7,Very High
P-03279,160,PVC,2007,19,1907.2,51.7,Clay,1089.7,1,5,571.1,2.0,3,0,42.9,Moderate
P-03280,25,Ductile Iron,2006,20,1325.8,42.2,Sandy,1299.5,3,1,861.9,4.4,3,0,33.9,Moderate
P-03281,32,HDPE,2005,21,1919.5,66.4,Clay,1730.3,5,2,1071.4,8.0,7,0,63.6,High
P-03282,90,GI,2024,2,1161.8,32.2,Black Cotton,1482.8,0,1,863.0,6.9,0,0,10.5,Low
P-03283,32,PVC,2008,18,1465.1,31.2,Loam,1470.6,3,0,528.9,1.4,1,0,22.2,Low
P-03284,75,Ductile Iron,1998,28,1295.5,23.9,Clay,874.6,5,1,942.9,12.5,6,0,40.0,Moderate
P-03285,75,PVC,2002,24,1474.9,42.6,Rocky,1345.6,4,6,669.0,2.6,4,1,59.6,High
P-03286,63,GI,2018,8,1436.2,51.7,Loam,1557.7,1,0,981.8,16.2,2,0,21.6,Low
P-03287,160,PVC,2004,22,909.2,53.8,Sandy,853.1,2,5,941.3,0.3,3,0,54.2,High
P-03288,160,PVC,2018,8,2147.1,27.4,Sandy,818.9,0,1,1320.1,3.3,2,0,7.0,Low
P-03289,40,PVC,2010,16,1605.1,55.6,Clay,1754.4,2,0,1496.5,10.9,3,1,33.0,Moderate
P-03290,90,PVC,2009,17,480.1,31.9,Clay,1296.2,4,1,603.0,6.0,4,1,24.8,Low
P-03291,63,HDPE,2004,22,217.8,43.3,Rocky,1559.3,6,4,951.9,5.0,3,1,61.3,High
P-03292,32,GI,2019,7,138.5,42.2,Rocky,971.2,1,0,971.8,8.3,0,0,15.5,Low
P-03293,50,HDPE,1995,31,1977.9,27.5,Clay,1289.4,4,1,1162.5,5.1,10,1,35.8,Moderate
P-03294,75,HDPE,2005,21,2095.0,22.2,Loam,1501.1,1,3,1096.7,4.2,7,0,16.3,Low
P-03295,90,PVC,1998,28,1019.0,29.9,Rocky,1192.2,2,6,659.1,7.3,4,0,48.9,Moderate
P-03296,32,GI,2014,12,1087.1,29.2,Sandy,885.7,0,1,1216.7,2.2,2,0,11.6,Low
P-03297,50,PVC,2012,14,2132.1,20.9,Clay,900.6,0,0,1251.0,7.8,6,0,6.5,Low
P-03298,75,HDPE,2014,12,1338.2,16.5,Sandy,1024.2,2,3,650.0,10.9,3,0,12.0,Low
P-03299,160,PVC,1998,28,796.7,47.7,Loam,1468.2,2,0,797.6,4.1,8,0,38.0,Moderate
P-03300,160,Ductile Iron,2015,11,2309.9,47.5,Clay,1387.3,1,0,1057.3,3.0,4,0,15.1,Low
P-03301,110,PVC,2018,8,1324.7,31.9,Black Cotton,808.8,1,0,1350.8,0.8,2,0,11.3,Low
P-03302,75,HDPE,2006,20,1638.2,32.2,Sandy,1035.0,3,2,1016.0,3.7,7,0,24.2,Low
P-03303,90,PVC,1995,31,779.7,29.9,Sandy,967.7,5,5,1295.3,2.4,8,1,56.8,High
P-03304,160,GI,2002,24,1737.7,35.9,Clay,1756.4,3,3,1404.2,5.5,2,1,48.7,Moderate
P-03305,90,PVC,1995,31,296.7,35.7,Loam,1587.2,8,0,887.2,3.5,11,1,55.1,High
P-03306,63,PVC,2016,10,2191.9,44.0,Loam,1484.1,0,0,595.1,5.9,2,0,12.6,Low
P-03307,32,GI,2006,20,1212.1,47.0,Sandy,947.1,6,3,998.9,1.4,2,1,62.6,High
P-03308,25,GI,2004,22,955.9,42.1,Sandy,1396.7,2,1,1024.0,4.9,6,1,33.8,Moderate
P-03309,63,PVC,2012,14,1234.1,54.8,Clay,1622.3,2,0,1048.8,0.9,3,1,26.1,Moderate
P-03310,90,PVC,2021,5,1029.6,38.4,Black Cotton,1613.3,2,0,1104.6,1.0,4,1,12.0,Low
P-03311,40,PVC,2005,21,2280.6,21.1,Sandy,838.5,5,0,1150.2,0.6,4,0,22.8,Low
P-03312,63,GI,2019,7,262.0,29.7,Rocky,1397.1,2,0,1306.2,0.2,3,0,9.5,Low
P-03313,25,GI,1998,28,1355.3,20.7,Loam,1780.5,0,3,1219.6,7.9,8,0,24.1,Low
P-03314,32,PVC,1996,30,1998.8,19.6,Loam,1603.1,1,4,1310.0,5.4,4,0,32.7,Moderate
P-03315,63,PVC,2018,8,959.7,42.2,Black Cotton,1489.0,1,0,1117.0,8.5,1,0,17.9,Low
P-03316,40,GI,2014,12,1639.5,29.6,Loam,1355.5,1,0,682.1,3.5,4,1,11.2,Low
P-03317,40,PVC,2021,5,2277.4,37.2,Black Cotton,1247.3,0,1,549.9,4.7,2,0,11.0,Low
P-03318,63,PVC,2006,20,1509.0,26.9,Sandy,1709.4,2,2,892.1,3.6,9,0,16.5,Low
P-03319,110,HDPE,2008,18,920.5,29.7,Loam,1695.2,1,0,1170.4,2.4,5,0,13.1,Low
P-03320,63,Ductile Iron,2018,8,2098.9,43.4,Clay,993.2,1,0,1223.4,12.4,3,0,13.1,Low
P-03321,32,HDPE,2005,21,2081.2,32.1,Loam,845.2,4,4,841.4,1.4,2,1,41.1,Moderate
P-03322,32,PVC,1997,29,1733.9,36.6,Clay,1241.3,2,5,1221.4,15.4,2,1,59.3,High
P-03323,32,Ductile Iron,2012,14,960.8,33.4,Black Cotton,1364.4,5,1,1246.8,1.1,0,1,35.8,Moderate
P-03324,50,GI,2017,9,1996.6,37.9,Loam,1555.1,1,1,796.4,6.9,5,0,13.2,Low
P-03325,110,PVC,2018,8,663.1,40.4,Clay,1137.3,1,3,500.0,3.2,4,0,14.1,Low
P-03326,63,GI,2018,8,1953.3,45.9,Black Cotton,1612.8,1,0,926.1,14.7,1,0,24.9,Low
P-03327,63,PVC,2020,6,665.9,21.1,Sandy,1325.7,0,0,1133.5,0.7,1,0,4.5,Low
P-03328,32,PVC,2008,18,1857.4,38.5,Black Cotton,1265.5,2,3,826.1,9.7,4,0,37.8,Moderate
P-03329,40,GI,2002,24,68.1,29.4,Loam,1197.8,3,2,1381.1,3.6,5,0,35.1,Moderate
P-03330,40,HDPE,1998,28,62.5,26.8,Rocky,1687.9,7,3,1123.1,4.1,5,1,56.2,High
P-03331,110,GI,1995,31,761.6,24.0,Sandy,1227.0,6,2,1454.2,0.5,3,0,58.2,High
P-03332,160,PVC,2008,18,607.3,33.5,Sandy,1363.4,2,1,830.8,2.0,6,0,18.0,Low
P-03333,50,PVC,2000,26,564.1,48.7,Sandy,1282.9,3,4,1114.7,5.2,3,1,60.2,High
P-03334,32,PVC,2020,6,1815.3,38.8,Clay,1284.5,2,1,572.5,0.8,2,0,11.8,Low
P-03335,40,PVC,2004,22,1228.2,42.3,Black Cotton,950.7,3,1,1060.0,9.2,0,1,52.2,High
P-03336,25,GI,2023,3,450.3,13.4,Sandy,1213.7,0,0,1050.4,1.0,0,0,3.6,Low
P-03337,75,PVC,2021,5,305.8,36.7,Loam,1216.8,1,0,1077.0,2.8,1,0,8.5,Low
P-03338,40,HDPE,2006,20,2090.9,47.0,Rocky,1713.2,1,2,839.0,0.6,3,0,31.3,Moderate
P-03339,63,PVC,2001,25,731.2,44.8,Clay,1671.2,2,2,621.2,2.7,3,1,43.1,Moderate
P-03340,160,PVC,2008,18,2405.5,43.4,Sandy,1207.3,2,0,1081.1,6.4,4,0,24.7,Low
P-03341,90,PVC,2003,23,124.7,33.8,Clay,1549.8,0,5,817.0,3.7,6,0,28.0,Moderate
P-03342,110,HDPE,1996,30,1233.9,48.0,Clay,1480.9,5,4,888.1,2.7,3,1,73.3,High
P-03343,75,PVC,2005,21,1162.5,20.2,Clay,1313.3,3,2,736.1,0.7,5,0,19.7,Low
P-03344,50,PVC,1995,31,2445.4,33.8,Clay,965.1,4,5,1204.4,2.3,7,0,57.3,High
P-03345,160,Ductile Iron,2023,3,289.9,37.0,Clay,838.6,0,0,1134.2,6.5,0,0,7.0,Low
P-03346,32,PVC,2007,19,1212.9,47.6,Clay,1060.1,4,2,1751.7,10.6,7,0,40.4,Moderate
P-03347,50,PVC,2000,26,439.7,63.3,Clay,1719.7,4,2,951.5,11.6,6,1,68.1,High
P-03348,32,Ductile Iron,2022,4,1996.0,22.6,Rocky,1321.4,0,1,1111.2,2.9,0,0,5.0,Low
P-03349,90,GI,2005,21,1342.6,24.9,Sandy,1528.3,5,1,713.0,7.7,1,1,38.5,Moderate
P-03350,63,Ductile Iron,2011,15,1239.6,47.7,Loam,1412.8,2,1,500.0,4.3,2,0,27.5,Moderate
P-03351,75,PVC,2001,25,1580.5,27.2,Sandy,1113.0,1,5,839.9,1.0,5,0,30.4,Moderate
P-03352,32,HDPE,2007,19,2435.4,36.8,Clay,1210.0,3,3,929.5,1.8,4,0,31.6,Moderate
P-03353,63,PVC,1995,31,426.7,23.4,Sandy,1323.5,5,6,1108.3,12.2,6,1,61.0,High
P-03354,32,PVC,2015,11,1860.5,44.9,Loam,907.4,1,3,1490.9,2.6,1,0,22.2,Low
P-03355,25,HDPE,1996,30,441.6,27.1,Loam,930.9,6,3,1031.9,3.0,8,0,50.9,High
P-03356,40,PVC,2017,9,1278.0,37.2,Clay,1101.8,0,1,824.8,7.4,0,1,12.1,Low
P-03357,40,HDPE,1998,28,2358.4,48.0,Rocky,1497.3,3,3,1215.4,11.9,11,0,50.7,High
P-03358,63,HDPE,2008,18,417.7,38.9,Sandy,1711.3,2,3,1374.2,14.2,4,1,31.7,Moderate
P-03359,90,PVC,2015,11,548.0,28.6,Loam,1213.5,1,1,795.8,7.6,1,0,11.8,Low
P-03360,32,HDPE,2015,11,923.0,27.9,Clay,1324.9,4,0,1399.5,0.8,2,1,14.3,Low
P-03361,75,PVC,1998,28,1847.8,53.5,Rocky,1734.6,2,3,632.3,7.3,7,1,55.3,High
P-03362,40,GI,2005,21,2209.6,44.9,Loam,1362.0,2,2,541.6,3.3,5,0,38.1,Moderate
P-03363,32,GI,2012,14,327.8,41.0,Loam,1393.0,0,2,1213.9,1.7,2,0,20.6,Low
P-03364,50,HDPE,2005,21,1863.4,34.4,Loam,1036.0,1,2,1249.2,7.3,3,0,25.9,Moderate
P-03365,63,GI,1997,29,2274.9,24.1,Black Cotton,1253.3,1,5,556.0,4.1,6,1,47.5,Moderate
P-03366,25,Ductile Iron,2007,19,346.4,17.9,Black Cotton,808.9,3,1,927.2,6.3,3,0,22.9,Low
P-03367,75,PVC,2008,18,2135.7,40.5,Clay,881.5,3,1,570.1,1.6,2,0,29.7,Moderate
P-03368,32,HDPE,2004,22,1246.6,34.2,Black Cotton,1330.6,2,3,1065.6,1.4,4,1,38.4,Moderate
P-03369,90,PVC,2022,4,1902.2,14.7,Clay,1677.4,3,1,1363.3,5.3,0,0,6.7,Low
P-03370,25,PVC,2011,15,998.6,17.1,Loam,1523.0,1,1,996.3,4.6,2,0,9.8,Low
P-03371,63,PVC,2001,25,2215.0,28.5,Loam,1303.1,5,2,1083.4,3.0,4,1,41.0,Moderate
P-03372,25,PVC,1995,31,1478.5,52.4,Clay,1531.1,7,0,1430.5,0.2,5,1,71.6,High
P-03373,50,HDPE,2007,19,938.1,44.3,Clay,1378.1,0,1,920.2,2.0,1,0,24.5,Low
P-03374,75,PVC,1995,31,275.9,29.4,Rocky,848.4,4,6,1383.3,5.7,10,1,53.4,High
P-03375,110,GI,2019,7,1917.2,31.1,Clay,1703.8,0,0,950.2,3.6,2,0,7.9,Low
P-03376,50,GI,2015,11,661.9,34.5,Sandy,1277.4,0,0,1233.8,1.8,0,0,12.6,Low
P-03377,160,HDPE,2003,23,169.5,51.0,Loam,1249.6,3,2,912.0,2.7,7,1,43.3,Moderate
P-03378,25,HDPE,2008,18,772.5,53.0,Clay,1166.2,1,2,742.3,0.8,3,1,32.6,Moderate
P-03379,110,PVC,2016,10,1771.2,62.8,Loam,1132.1,0,0,947.5,8.8,4,0,20.4,Low
P-03380,160,PVC,2007,19,852.2,8.0,Sandy,1702.4,2,1,1214.0,13.9,9,0,8.8,Low
P-03381,90,PVC,1995,31,2345.4,46.0,Loam,804.7,4,5,1003.4,5.5,9,1,65.7,High
P-03382,50,PVC,2003,23,523.8,41.3,Rocky,1239.4,2,0,1117.4,1.9,5,0,28.1,Moderate
P-03383,25,GI,2007,19,2058.3,45.9,Loam,1056.5,2,2,880.6,1.9,2,1,39.1,Moderate
P-03384,110,Ductile Iron,2012,14,2013.8,32.0,Sandy,1004.9,2,0,573.7,2.7,5,1,12.7,Low
P-03385,160,Ductile Iron,2012,14,1128.1,41.2,Loam,981.0,2,3,1482.0,5.7,3,0,25.9,Moderate
P-03386,160,GI,2011,15,1057.1,25.3,Sandy,1283.6,1,2,1102.2,7.6,1,0,18.3,Low
P-03387,40,GI,2018,8,1262.0,48.9,Loam,1049.5,1,0,1287.0,0.4,2,0,16.5,Low
P-03388,32,Ductile Iron,2011,15,594.8,36.0,Sandy,870.7,0,4,1471.1,0.5,2,0,19.6,Low
P-03389,25,HDPE,1999,27,1151.4,47.9,Clay,1430.5,5,2,1002.2,1.7,3,0,62.4,High
P-03390,75,PVC,1996,30,1746.7,27.3,Loam,1577.6,3,4,1302.9,3.4,4,1,46.9,Moderate
P-03391,32,HDPE,2007,19,2293.1,27.8,Black Cotton,941.6,3,3,1144.4,0.8,4,0,32.1,Moderate
P-03392,25,PVC,2009,17,1466.6,34.7,Sandy,1393.5,3,2,1542.8,11.4,2,1,29.7,Moderate
P-03393,160,PVC,2018,8,1884.2,39.0,Loam,1615.9,2,0,1193.4,4.2,1,0,13.3,Low
P-03394,75,PVC,2017,9,173.8,11.1,Clay,1551.4,2,1,1122.1,1.2,2,0,6.0,Low
P-03395,25,PVC,1997,29,265.6,12.5,Loam,1524.1,0,1,1250.2,6.6,4,0,16.8,Low
P-03396,63,HDPE,2010,16,776.1,32.5,Clay,1584.7,1,1,806.3,2.8,3,0,15.6,Low
P-03397,160,GI,2023,3,93.0,26.9,Clay,1688.0,0,1,1234.8,3.6,1,0,6.2,Low
P-03398,63,GI,1999,27,308.8,13.5,Sandy,1128.9,1,7,1188.7,4.1,7,0,31.6,Moderate
P-03399,25,PVC,2000,26,952.3,44.6,Rocky,927.6,3,5,810.9,0.9,3,1,58.3,High
P-03400,50,GI,2015,11,1026.7,68.0,Clay,1506.8,0,0,1018.9,1.7,1,0,30.4,Moderate
P-03401,90,PVC,2010,16,876.5,33.7,Clay,1182.1,2,2,1175.2,1.9,2,1,21.6,Low
P-03402,32,HDPE,2009,17,1987.7,38.0,Rocky,1739.2,5,3,1154.8,7.3,3,0,40.7,Moderate
P-03403,25,PVC,2005,21,476.6,38.3,Clay,1681.4,0,3,1342.0,2.2,7,0,21.7,Low
P-03404,63,PVC,2022,4,2398.9,12.7,Loam,1128.3,0,0,625.5,6.6,2,0,3.0,Low
P-03405,110,PVC,2015,11,1912.4,17.0,Clay,1190.3,0,1,1351.4,6.2,3,0,6.1,Low
P-03406,160,HDPE,1997,29,310.5,37.1,Clay,918.8,1,4,705.9,7.6,7,1,41.8,Moderate
P-03407,32,PVC,2019,7,2123.7,40.7,Sandy,981.7,2,1,1216.5,1.1,1,0,14.1,Low
P-03408,40,Ductile Iron,1999,27,2391.4,41.7,Sandy,1626.0,2,2,1029.0,0.7,6,0,39.1,Moderate
P-03409,75,PVC,2009,17,596.8,24.9,Black Cotton,1691.1,4,5,1121.4,2.7,3,0,38.4,Moderate
P-03410,50,PVC,2005,21,2129.4,35.1,Black Cotton,1715.5,2,3,914.2,1.0,7,0,33.1,Moderate
P-03411,75,Ductile Iron,2024,2,999.5,56.7,Loam,827.0,0,0,1296.5,12.3,0,0,13.2,Low
P-03412,63,GI,2018,8,1348.8,27.8,Clay,911.3,1,0,1023.7,5.6,1,0,9.8,Low
P-03413,90,PVC,2015,11,100.8,27.0,Rocky,1276.7,1,1,1086.6,9.8,0,0,12.2,Low
P-03414,90,HDPE,2007,19,1670.4,31.4,Rocky,1129.1,0,3,1297.2,3.2,3,0,19.5,Low
P-03415,90,HDPE,2010,16,2281.2,50.1,Clay,862.7,2,0,906.7,5.0,2,0,28.2,Moderate
P-03416,75,GI,1997,29,1758.9,38.6,Loam,937.2,6,4,756.9,0.9,3,1,72.3,High
P-03417,32,HDPE,2019,7,1327.6,14.3,Loam,842.8,1,1,720.3,3.4,2,0,5.1,Low
P-03418,160,PVC,2015,11,1279.1,17.4,Sandy,1566.2,3,0,911.3,4.0,1,0,9.7,Low
P-03419,160,PVC,1998,28,409.6,39.3,Loam,900.5,2,2,1424.0,2.0,5,1,40.8,Moderate
P-03420,50,PVC,2008,18,1728.4,23.6,Clay,1075.6,3,1,952.5,2.2,2,0,19.2,Low
P-03421,110,PVC,2004,22,683.7,24.3,Clay,1318.2,0,1,1000.1,4.5,5,0,14.1,Low
P-03422,90,PVC,1995,31,1473.0,45.3,Loam,1212.8,5,4,727.4,5.3,8,0,67.5,High
P-03423,63,PVC,2012,14,2478.0,20.8,Sandy,867.7,2,3,895.4,9.9,5,0,13.9,Low
P-03424,63,HDPE,1997,29,291.0,40.8,Black Cotton,1068.9,5,6,1424.0,3.2,3,1,78.6,Very High
P-03425,75,PVC,2004,22,1160.3,30.0,Clay,1009.2,2,3,698.6,1.8,4,0,27.6,Moderate
P-03426,50,PVC,2011,15,1272.0,32.6,Loam,1763.5,4,2,1359.1,2.7,4,0,24.0,Low
P-03427,40,HDPE,2015,11,1005.1,40.1,Loam,961.5,2,1,989.9,4.4,2,0,17.7,Low
P-03428,110,PVC,2013,13,1825.6,42.4,Sandy,1119.8,2,1,965.5,2.7,2,0,20.9,Low
P-03429,75,PVC,2012,14,2064.5,41.4,Rocky,1554.3,2,1,1012.5,7.2,4,0,20.7,Low
P-03430,90,PVC,2010,16,898.0,56.5,Sandy,1369.3,5,2,1072.9,1.0,2,1,50.8,High
P-03431,90,GI,2021,5,780.2,31.6,Clay,934.3,0,1,1001.9,4.1,0,0,8.9,Low
P-03432,32,Ductile Iron,2022,4,1343.3,54.8,Sandy,1630.6,1,1,640.8,2.1,0,1,16.2,Low
P-03433,63,PVC,2014,12,1072.5,44.4,Loam,1617.7,2,0,1157.5,7.1,0,0,21.8,Low
P-03434,75,HDPE,2019,7,875.7,29.3,Loam,1739.2,0,1,1112.7,5.8,2,0,7.2,Low
P-03435,75,Ductile Iron,2021,5,1116.6,8.0,Loam,1588.6,0,1,1095.6,3.3,2,0,3.0,Low
P-03436,160,HDPE,1996,30,1098.0,71.2,Sandy,1019.4,5,2,1070.2,10.2,7,1,80.7,Very High
P-03437,90,PVC,2022,4,1959.1,33.0,Sandy,1581.1,0,1,1081.2,2.1,2,0,6.3,Low
P-03438,50,PVC,2011,15,2009.3,28.8,Loam,1774.9,2,0,942.3,1.5,1,0,14.9,Low
P-03439,160,HDPE,2015,11,69.6,57.8,Clay,1244.1,1,1,1068.2,3.6,2,0,24.8,Low
P-03440,25,Ductile Iron,2002,24,1164.3,35.9,Loam,819.8,1,1,624.0,0.4,4,0,25.6,Moderate
P-03441,160,PVC,2007,19,559.6,40.5,Loam,1113.9,0,2,1159.7,6.8,3,0,23.6,Low
P-03442,25,PVC,2014,12,814.7,22.1,Clay,1002.8,2,2,1388.5,5.2,3,1,11.8,Low
P-03443,40,PVC,2019,7,479.0,10.9,Clay,886.5,4,0,561.0,4.7,2,0,6.8,Low
P-03444,40,HDPE,2018,8,1812.6,43.3,Black Cotton,959.9,0,0,859.2,1.6,1,1,14.5,Low
P-03445,40,Ductile Iron,2018,8,1118.5,33.5,Rocky,1076.9,2,0,735.3,0.8,0,0,11.4,Low
P-03446,25,HDPE,2008,18,816.6,37.0,Loam,954.7,0,1,893.0,1.6,4,0,16.3,Low
P-03447,75,HDPE,2023,3,1820.2,46.7,Loam,1423.2,1,0,1029.9,1.0,0,1,10.5,Low
P-03448,75,PVC,2003,23,2335.5,42.0,Rocky,902.5,2,3,1276.9,3.8,3,0,40.7,Moderate
P-03449,75,Ductile Iron,2018,8,1502.5,49.5,Clay,1699.8,0,0,1132.4,1.4,2,0,12.3,Low
P-03450,63,PVC,2018,8,1531.7,48.6,Sandy,1012.4,1,0,1110.7,4.4,1,0,15.3,Low
P-03451,40,PVC,1999,27,2237.2,18.0,Rocky,1119.6,5,2,1052.1,0.2,6,0,32.3,Moderate
P-03452,75,HDPE,2020,6,2072.9,37.5,Sandy,1534.8,1,0,551.4,0.9,1,0,9.1,Low
P-03453,160,GI,2014,12,2381.8,20.7,Clay,874.3,1,1,1445.2,1.1,4,0,9.2,Low
P-03454,25,GI,1996,30,1180.4,8.2,Clay,1038.1,9,4,1290.4,1.4,6,1,58.4,High
P-03455,25,GI,1997,29,834.8,38.2,Clay,1736.8,7,2,1226.8,3.9,6,1,67.5,High
P-03456,40,Ductile Iron,2020,6,263.0,31.9,Clay,1195.6,1,2,1150.8,2.2,1,0,9.8,Low
P-03457,75,Ductile Iron,2000,26,2143.2,32.6,Sandy,1122.7,0,5,1133.0,1.8,8,0,28.7,Moderate
P-03458,40,HDPE,2022,4,818.4,52.9,Clay,1579.3,1,0,762.2,15.0,1,0,15.4,Low
P-03459,110,PVC,2023,3,465.0,15.5,Rocky,1415.2,0,0,1260.8,3.1,2,0,2.9,Low
P-03460,32,PVC,2009,17,347.6,47.8,Rocky,1630.2,1,1,853.8,4.1,4,0,24.6,Low
P-03461,50,PVC,1995,31,2163.0,34.6,Loam,1523.6,4,2,1135.9,0.5,3,0,53.6,High
P-03462,75,PVC,1996,30,2061.5,37.8,Loam,1436.3,2,3,1198.7,4.1,5,0,47.2,Moderate
P-03463,63,PVC,2018,8,2369.3,18.5,Sandy,1139.0,2,0,888.8,3.3,1,0,6.9,Low
P-03464,63,PVC,2002,24,921.7,43.7,Sandy,1076.7,2,2,1144.3,2.0,6,0,35.9,Moderate
P-03465,25,PVC,2005,21,1228.4,36.6,Clay,1590.2,4,2,1311.7,4.6,4,0,36.9,Moderate
P-03466,50,GI,2013,13,1103.3,38.8,Black Cotton,1730.6,1,3,995.7,7.3,4,1,29.3,Moderate
P-03467,32,PVC,2023,3,1251.8,50.9,Sandy,1521.4,0,0,852.4,4.9,1,0,10.2,Low
P-03468,25,PVC,2016,10,1434.2,20.3,Sandy,1557.2,4,2,926.1,4.4,2,0,14.0,Low
P-03469,160,GI,2015,11,1216.9,43.5,Clay,1577.7,1,0,1177.4,3.2,1,0,18.5,Low
P-03470,63,GI,2021,5,2365.0,35.6,Black Cotton,1051.3,1,1,1413.6,3.1,0,0,15.8,Low
P-03471,40,GI,2011,15,521.2,41.0,Sandy,1791.3,3,2,728.2,2.6,4,0,30.1,Moderate
P-03472,32,PVC,2020,6,1890.8,28.9,Clay,1446.4,1,2,513.4,1.0,1,0,8.8,Low
P-03473,160,HDPE,2022,4,2354.3,37.2,Clay,1010.6,0,0,827.9,5.3,0,0,7.5,Low
P-03474,110,GI,2015,11,1365.4,49.6,Loam,1115.1,0,0,758.7,0.9,2,0,17.6,Low
P-03475,90,PVC,2017,9,2196.7,33.8,Loam,987.3,0,2,1282.3,1.2,0,0,11.3,Low
P-03476,32,PVC,2022,4,868.6,31.9,Sandy,858.4,1,0,1015.0,12.1,1,0,7.7,Low
P-03477,110,PVC,2020,6,2491.1,23.2,Clay,1508.0,0,1,1134.7,3.2,3,0,5.0,Low
P-03478,110,HDPE,2006,20,1359.5,47.0,Loam,1635.1,0,6,1073.7,1.2,5,0,36.4,Moderate
P-03479,110,Ductile Iron,2003,23,1336.8,45.6,Sandy,1776.9,4,2,1146.5,0.3,7,0,42.2,Moderate
P-03480,32,PVC,2019,7,652.0,39.0,Clay,1677.4,2,0,1078.7,5.1,2,0,12.0,Low
P-03481,25,PVC,1997,29,1975.0,34.0,Black Cotton,1577.4,2,4,803.4,4.1,8,1,49.4,Moderate
P-03482,40,PVC,1997,29,2354.5,46.2,Clay,960.3,7,3,998.7,2.4,8,1,69.0,High
P-03483,90,HDPE,1995,31,1156.5,41.3,Loam,1185.3,6,6,797.0,1.3,8,0,72.6,High
P-03484,75,HDPE,1999,27,2362.9,37.1,Clay,924.3,5,4,797.3,17.3,2,0,66.4,High
P-03485,75,GI,2007,19,2250.8,32.5,Black Cotton,1159.5,4,2,878.8,1.0,6,1,38.9,Moderate
P-03486,90,HDPE,2004,22,2213.0,32.9,Clay,1576.3,1,5,1206.9,7.1,3,0,34.5,Moderate
P-03487,50,PVC,1996,30,1199.8,32.4,Clay,1067.4,5,1,1467.0,4.3,8,1,45.0,Moderate
P-03488,32,PVC,2016,10,2114.4,38.0,Black Cotton,1298.9,1,1,1319.5,2.3,3,0,16.7,Low
P-03489,25,PVC,2022,4,2269.7,40.6,Sandy,1513.8,0,0,723.8,2.4,1,0,7.6,Low
P-03490,25,GI,1997,29,1303.6,34.2,Sandy,1088.9,2,0,1103.1,5.5,6,1,36.7,Moderate
P-03491,63,PVC,2002,24,1777.7,33.1,Loam,1597.0,6,1,829.1,5.5,7,0,40.9,Moderate
P-03492,50,PVC,1999,27,1355.9,54.3,Black Cotton,979.4,2,2,836.7,9.0,6,1,61.5,High
P-03493,63,HDPE,2011,15,888.8,47.2,Sandy,1251.8,1,2,1043.6,3.5,1,1,27.1,Moderate
P-03494,160,HDPE,2003,23,2478.3,34.8,Rocky,1538.7,8,2,1004.2,6.7,6,1,54.6,High
P-03495,110,GI,2023,3,544.3,35.7,Loam,865.6,0,0,830.8,12.8,0,0,8.8,Low
P-03496,50,PVC,2002,24,2376.8,38.0,Loam,1549.2,3,1,1158.9,6.8,3,0,38.2,Moderate
P-03497,110,PVC,2003,23,2131.8,17.9,Loam,1171.8,0,2,1348.5,5.6,7,1,12.7,Low
P-03498,25,HDPE,2012,14,1697.5,27.3,Loam,1121.8,2,1,1557.4,1.5,3,1,13.4,Low
P-03499,25,PVC,2015,11,2046.7,15.5,Sandy,1766.1,2,1,755.8,1.2,3,0,7.6,Low
P-03500,40,GI,2010,16,2011.8,35.5,Sandy,1394.4,3,0,1463.2,3.9,3,1,24.2,Low
P-03501,63,PVC,1998,28,220.3,42.8,Rocky,1032.6,3,2,1216.4,10.8,0,0,58.9,High
P-03502,75,HDPE,2004,22,156.2,41.7,Clay,1394.0,3,1,997.1,4.5,2,0,38.4,Moderate
P-03503,40,GI,2002,24,2216.6,22.1,Black Cotton,1443.8,2,3,859.8,4.0,10,0,29.6,Moderate
P-03504,63,PVC,1995,31,1574.3,8.0,Sandy,858.5,1,2,517.7,2.7,6,0,18.6,Low
P-03505,32,HDPE,2016,10,600.0,40.3,Loam,1186.6,2,0,1070.3,1.7,0,0,16.1,Low
P-03506,160,PVC,1995,31,552.3,47.1,Rocky,808.9,3,1,1194.0,5.8,3,0,58.7,High
P-03507,50,PVC,2004,22,263.6,34.9,Rocky,1753.6,4,2,1018.0,2.3,2,0,39.3,Moderate
P-03508,50,Ductile Iron,2023,3,982.2,30.7,Clay,1254.2,0,0,971.6,0.6,0,0,5.3,Low
P-03509,160,HDPE,2012,14,1764.8,22.9,Black Cotton,1757.5,3,0,945.8,1.2,4,0,15.7,Low
P-03510,32,GI,2019,7,1501.6,53.6,Clay,1566.2,1,1,812.2,4.5,4,0,18.8,Low
P-03511,90,PVC,2009,17,1410.1,27.3,Clay,1321.2,4,1,1224.4,1.9,5,0,19.9,Low
P-03512,50,GI,1997,29,1519.5,51.0,Clay,1641.1,2,4,1213.5,1.4,5,1,63.6,High
P-03513,160,PVC,1995,31,2036.9,21.7,Sandy,1140.8,3,4,972.5,3.5,7,1,39.6,Moderate
P-03514,32,Ductile Iron,2010,16,1338.4,25.3,Loam,1758.0,1,1,1374.4,0.7,4,0,11.6,Low
P-03515,50,PVC,2019,7,1094.4,43.9,Rocky,1079.3,1,1,1094.8,2.7,1,0,13.6,Low
P-03516,25,PVC,2000,26,1796.0,28.7,Black Cotton,1700.3,4,3,1137.2,6.3,7,1,47.3,Moderate
P-03517,50,PVC,2017,9,1544.2,24.4,Sandy,1034.0,1,0,1211.4,9.7,2,0,7.8,Low
P-03518,160,PVC,2022,4,1893.9,35.0,Clay,1652.5,1,0,1222.3,4.9,1,0,7.7,Low
P-03519,75,HDPE,2022,4,1749.0,54.7,Loam,1241.9,0,0,1530.7,1.1,0,0,12.3,Low
P-03520,90,PVC,2005,21,1108.6,41.6,Loam,929.9,5,2,597.6,2.1,4,0,44.6,Moderate
P-03521,160,HDPE,1998,28,1324.6,32.1,Black Cotton,1371.8,2,3,786.0,2.4,7,0,43.5,Moderate
P-03522,90,PVC,2024,2,1596.1,25.0,Sandy,1527.0,0,0,1096.9,1.6,2,0,3.7,Low
P-03523,63,HDPE,2011,15,382.8,29.7,Loam,1509.8,1,4,828.4,8.3,1,1,21.9,Low
P-03524,32,HDPE,2008,18,721.0,45.5,Loam,1285.4,2,2,1128.9,1.0,3,1,31.0,Moderate
P-03525,110,PVC,2003,23,938.1,26.3,Sandy,1741.6,3,5,589.4,5.7,5,0,35.9,Moderate
P-03526,25,PVC,1998,28,86.7,44.8,Rocky,1791.2,1,2,1003.3,0.4,4,0,41.9,Moderate
P-03527,40,PVC,2012,14,2395.5,18.0,Loam,965.1,2,2,858.2,1.7,5,0,10.2,Low
P-03528,90,Ductile Iron,2011,15,248.8,26.1,Loam,1015.6,2,0,836.5,1.0,5,0,11.0,Low
P-03529,40,PVC,2016,10,2471.8,31.6,Clay,1297.9,0,0,995.8,5.6,2,0,8.5,Low
P-03530,50,PVC,2003,23,1227.8,53.7,Clay,1619.1,3,2,549.3,1.5,5,0,48.2,Moderate
P-03531,90,PVC,2020,6,2323.4,57.9,Clay,1639.7,1,0,1030.7,2.2,0,0,18.1,Low
P-03532,32,PVC,2011,15,789.3,8.0,Sandy,801.4,0,3,1100.9,1.3,4,0,6.7,Low
P-03533,160,Ductile Iron,2001,25,205.0,32.5,Clay,1227.8,2,1,1095.6,2.0,2,1,31.3,Moderate
P-03534,90,PVC,2006,20,2118.9,42.7,Sandy,1762.3,3,0,1307.2,6.2,0,0,36.1,Moderate
P-03535,25,PVC,1995,31,934.1,41.2,Sandy,1620.1,7,4,500.0,0.3,10,0,67.9,High
P-03536,40,PVC,2022,4,2198.2,34.7,Clay,1660.9,2,2,1307.3,11.9,0,0,13.2,Low
P-03537,50,HDPE,2022,4,1112.7,48.3,Rocky,954.3,0,1,1015.3,1.1,0,0,11.3,Low
P-03538,75,PVC,2007,19,1339.5,47.4,Clay,1155.3,3,1,925.0,1.7,8,0,28.9,Moderate
P-03539,110,GI,2008,18,2028.7,37.4,Sandy,1200.0,4,2,1135.9,2.9,5,0,35.0,Moderate
P-03540,160,PVC,2004,22,679.8,25.9,Clay,1058.1,2,1,1053.2,0.6,3,1,21.0,Low
P-03541,63,HDPE,2014,12,1321.1,36.5,Clay,1664.6,0,1,785.3,0.8,3,0,11.3,Low
P-03542,75,PVC,2021,5,1800.7,40.5,Black Cotton,1640.3,0,0,500.0,0.8,0,0,11.5,Low
P-03543,50,GI,2018,8,2208.3,30.4,Clay,1442.4,5,0,1063.7,2.3,1,0,18.8,Low
P-03544,110,PVC,2014,12,1256.1,33.6,Clay,1212.7,1,0,1145.8,3.3,2,0,11.7,Low
P-03545,110,Ductile Iron,1997,29,1913.6,36.1,Sandy,1712.9,4,3,1002.6,3.1,5,1,52.4,High
P-03546,90,Ductile Iron,2022,4,297.2,32.9,Loam,1023.2,0,0,958.3,5.2,0,0,6.5,Low
P-03547,63,GI,2013,13,2192.7,32.1,Rocky,812.7,0,1,1366.0,6.3,5,0,12.2,Low
P-03548,160,PVC,2012,14,1667.6,29.3,Loam,949.9,2,0,899.0,10.6,2,0,15.1,Low
P-03549,32,PVC,2020,6,2345.4,25.5,Black Cotton,1446.9,1,0,1041.4,1.0,2,0,8.1,Low
P-03550,90,HDPE,2002,24,1476.7,36.3,Loam,1730.5,2,2,1171.6,6.0,3,1,35.4,Moderate
P-03551,110,PVC,2020,6,2448.9,25.0,Loam,921.5,1,1,1266.2,1.2,1,0,6.9,Low
P-03552,75,PVC,2024,2,1348.8,30.8,Clay,1419.7,0,0,935.1,3.2,0,0,5.1,Low
P-03553,75,GI,2001,25,368.2,9.5,Rocky,1649.8,3,3,802.9,2.8,4,0,25.7,Moderate
P-03554,50,PVC,2022,4,1298.1,39.3,Sandy,1739.6,0,0,1164.5,8.2,0,0,8.3,Low
P-03555,63,HDPE,2023,3,1512.0,22.4,Loam,1752.1,0,0,995.6,4.2,1,0,4.0,Low
P-03556,25,PVC,2009,17,896.9,43.0,Black Cotton,829.2,3,2,716.7,5.0,1,0,43.6,Moderate
P-03557,50,PVC,2011,15,1030.8,28.8,Rocky,998.2,3,3,772.1,0.7,3,0,21.3,Low
P-03558,40,PVC,1995,31,1477.1,32.1,Rocky,1300.7,4,1,823.5,1.1,8,0,41.0,Moderate
P-03559,90,PVC,1999,27,822.3,30.9,Sandy,1409.7,3,2,1304.3,15.2,13,0,30.0,Moderate
P-03560,50,HDPE,1999,27,1481.5,43.0,Loam,1010.9,5,0,669.9,2.6,5,1,49.2,Moderate
P-03561,25,GI,2002,24,1470.8,54.7,Rocky,1398.0,5,3,1178.5,3.9,8,1,64.2,High
P-03562,25,PVC,2003,23,1332.1,52.1,Loam,1074.6,3,1,722.3,1.7,2,1,48.1,Moderate
P-03563,110,HDPE,2024,2,1757.6,40.1,Clay,994.1,0,0,839.9,8.9,1,0,7.1,Low
P-03564,32,PVC,2009,17,666.5,41.9,Loam,1533.0,2,0,940.6,5.0,1,0,25.3,Moderate
P-03565,110,Ductile Iron,2012,14,418.9,46.8,Clay,1465.6,1,0,973.3,6.9,0,0,22.7,Low
P-03566,50,PVC,2023,3,1516.0,56.6,Sandy,1053.5,0,0,975.7,14.1,0,0,14.4,Low
P-03567,25,Ductile Iron,2004,22,1094.1,55.7,Clay,1109.5,2,2,1204.5,1.3,4,1,45.0,Moderate
P-03568,110,Ductile Iron,2002,24,553.7,27.5,Loam,1543.0,5,2,905.8,3.2,10,0,30.4,Moderate
P-03569,90,PVC,2021,5,441.2,53.7,Loam,1653.3,1,1,597.0,3.8,1,0,16.2,Low
P-03570,50,GI,2012,14,1710.3,49.7,Loam,1652.3,2,1,1160.8,6.2,3,0,30.8,Moderate
P-03571,160,GI,2006,20,2214.0,23.9,Rocky,1555.9,6,4,1600.5,1.3,4,0,43.0,Moderate
P-03572,63,GI,1995,31,1584.2,52.7,Loam,1044.6,2,3,1329.8,10.7,8,1,64.6,High
P-03573,110,HDPE,2000,26,1330.9,27.9,Loam,1169.1,2,1,1344.7,3.4,4,0,27.4,Moderate
P-03574,32,Ductile Iron,2020,6,1148.4,32.6,Sandy,1724.9,1,1,1432.1,7.2,0,0,10.1,Low
P-03575,110,GI,2003,23,2152.3,37.3,Rocky,1217.3,3,2,992.9,3.5,7,1,36.9,Moderate
P-03576,25,PVC,2018,8,1005.9,36.2,Loam,882.3,1,2,1146.7,4.9,2,0,12.6,Low
P-03577,32,HDPE,1995,31,2065.1,34.3,Rocky,1789.0,2,3,1169.5,5.7,10,0,39.2,Moderate
P-03578,75,Ductile Iron,2022,4,640.9,42.4,Sandy,1617.8,1,1,1200.3,1.8,0,0,11.1,Low
P-03579,160,PVC,1999,27,275.6,31.0,Loam,804.2,6,3,1120.5,6.6,3,1,57.4,High
P-03580,40,PVC,1997,29,1303.8,27.0,Sandy,1674.9,3,5,1068.7,2.1,6,1,44.6,Moderate
P-03581,50,HDPE,1996,30,2378.2,44.8,Loam,1357.7,3,5,1004.9,4.4,8,0,59.7,High
P-03582,110,Ductile Iron,1996,30,711.0,43.1,Loam,860.5,10,7,1236.2,6.9,8,0,86.9,Very High
P-03583,75,PVC,2001,25,1518.5,47.6,Clay,1205.8,3,5,1405.4,1.8,3,1,59.3,High
P-03584,32,HDPE,2007,19,60.9,27.3,Sandy,1332.0,2,2,1377.5,12.4,6,0,20.2,Low
P-03585,63,PVC,2000,26,1736.5,36.9,Loam,1535.9,5,1,936.9,2.1,8,1,40.7,Moderate
P-03586,110,PVC,1997,29,2250.8,11.0,Loam,1124.3,4,3,821.0,6.1,6,0,31.0,Moderate
P-03587,160,HDPE,2011,15,2415.4,35.7,Loam,1007.9,1,1,1007.3,6.7,1,0,18.6,Low
P-03588,75,HDPE,2018,8,2132.4,46.0,Loam,926.7,1,0,932.1,2.4,1,0,13.8,Low
P-03589,32,HDPE,2013,13,828.9,35.5,Sandy,1616.3,2,1,868.8,3.2,4,0,15.7,Low
P-03590,40,GI,2011,15,1589.0,51.4,Clay,822.1,5,1,1084.3,6.7,2,0,48.4,Moderate
P-03591,50,PVC,2013,13,1003.2,47.8,Loam,1716.9,5,2,1015.5,7.6,3,1,38.8,Moderate
P-03592,63,GI,2007,19,2389.1,34.1,Black Cotton,893.4,2,0,1164.2,6.8,5,0,29.6,Moderate
P-03593,63,HDPE,2012,14,620.3,32.0,Loam,1685.8,2,1,1276.6,5.7,1,0,18.1,Low
P-03594,90,PVC,2020,6,2044.8,30.0,Loam,1413.8,0,1,1099.8,3.0,0,0,7.4,Low
P-03595,75,PVC,2013,13,1975.9,29.4,Sandy,901.2,0,1,1340.9,2.0,1,0,11.0,Low
P-03596,40,GI,2013,13,1106.4,26.7,Rocky,1281.8,2,2,1105.4,6.9,0,0,20.3,Low
P-03597,25,GI,2000,26,910.4,49.3,Clay,830.5,1,2,1052.9,2.5,3,0,49.3,Moderate
P-03598,50,GI,1996,30,503.6,14.3,Clay,1338.9,3,3,1079.3,0.5,8,0,31.1,Moderate
P-03599,25,HDPE,2023,3,1820.4,12.7,Clay,1753.7,0,1,831.9,1.5,1,0,3.1,Low
P-03600,110,PVC,2014,12,78.9,30.5,Clay,1429.9,2,0,1231.7,3.6,5,0,10.7,Low
P-03601,25,PVC,2000,26,1070.8,41.4,Clay,1316.8,2,3,1434.9,3.4,0,0,49.9,Moderate
P-03602,75,PVC,2019,7,2360.5,30.1,Clay,962.3,0,0,966.7,5.8,0,0,7.3,Low
P-03603,75,GI,2004,22,1309.1,43.6,Black Cotton,1242.2,3,4,1502.3,11.1,5,1,61.1,High
P-03604,160,GI,2021,5,676.5,34.1,Clay,1147.6,0,1,1125.4,4.4,1,0,9.1,Low
P-03605,160,PVC,2024,2,2179.5,33.0,Loam,1435.6,0,0,1264.5,5.2,0,1,5.6,Low
P-03606,90,PVC,2005,21,1159.7,45.1,Loam,849.6,6,1,1275.2,1.2,4,0,48.5,Moderate
P-03607,32,PVC,2010,16,217.4,48.4,Clay,917.0,0,1,1070.1,1.6,4,0,19.9,Low
P-03608,160,PVC,2018,8,2120.8,36.3,Clay,1684.9,2,2,1389.6,1.6,1,1,14.9,Low
P-03609,110,GI,2003,23,715.1,32.5,Clay,1056.2,2,0,1435.4,1.6,3,1,28.2,Moderate
P-03610,25,PVC,2012,14,275.9,15.0,Rocky,1029.7,3,3,500.0,5.0,1,0,15.7,Low
P-03611,90,PVC,1996,30,1647.1,33.6,Sandy,1206.1,4,1,1077.5,0.8,9,0,38.9,Moderate
P-03612,32,HDPE,2020,6,62.3,33.7,Clay,854.6,1,0,1532.0,1.5,1,0,8.1,Low
P-03613,110,Ductile Iron,2023,3,1836.3,33.4,Loam,1243.4,1,1,1137.2,1.3,1,0,7.3,Low
P-03614,40,Ductile Iron,1998,28,1551.1,19.7,Clay,1657.2,5,1,947.2,3.9,4,0,36.3,Moderate
P-03615,75,Ductile Iron,2002,24,1899.0,37.0,Loam,856.7,3,1,932.9,3.5,3,0,36.3,Moderate
P-03616,75,PVC,2020,6,1009.0,33.2,Sandy,1694.5,2,0,1217.6,3.6,1,0,9.7,Low
P-03617,25,GI,2014,12,2086.0,12.7,Sandy,915.3,0,3,1370.2,2.3,0,0,9.7,Low
P-03618,63,HDPE,2023,3,2328.7,15.6,Sandy,901.1,0,0,1072.8,2.7,1,0,3.1,Low
P-03619,75,PVC,2010,16,2393.1,30.6,Clay,1129.9,4,0,1003.8,0.6,2,0,21.1,Low
P-03620,90,PVC,2014,12,1493.4,49.8,Black Cotton,818.4,0,3,1182.5,2.7,3,0,27.7,Moderate
P-03621,40,HDPE,2002,24,1247.0,29.0,Sandy,1200.9,2,0,1029.1,1.0,0,0,26.7,Moderate
P-03622,110,Ductile Iron,2002,24,1270.5,36.4,Loam,1267.3,0,1,1198.4,7.6,7,0,21.4,Low
P-03623,40,PVC,2019,7,581.4,44.2,Clay,1446.4,0,0,1094.6,0.8,0,0,10.8,Low
P-03624,110,PVC,2008,18,1420.9,34.6,Sandy,1779.5,2,4,1390.4,1.3,4,1,27.3,Moderate
P-03625,40,GI,2020,6,295.9,30.3,Black Cotton,940.7,2,1,904.7,1.0,2,1,14.8,Low
P-03626,63,GI,2002,24,1601.2,31.6,Sandy,1720.7,2,4,840.8,3.3,3,0,41.5,Moderate
P-03627,160,PVC,2023,3,1653.9,39.5,Clay,1309.5,0,0,978.2,7.8,1,0,7.3,Low
P-03628,160,PVC,2005,21,804.9,40.6,Rocky,1569.9,2,2,814.3,1.3,1,0,34.9,Moderate
P-03629,160,GI,2015,11,819.7,40.3,Clay,929.3,3,2,1470.3,4.2,0,0,28.9,Moderate
P-03630,40,Ductile Iron,2005,21,2273.8,39.4,Black Cotton,1276.9,0,2,1202.5,0.8,4,1,29.7,Moderate
P-03631,110,HDPE,2009,17,1570.4,60.9,Loam,969.2,1,3,959.8,3.0,5,0,38.3,Moderate
P-03632,32,HDPE,2018,8,152.2,49.4,Loam,1472.2,1,1,1496.5,9.8,1,0,18.6,Low
P-03633,110,HDPE,2003,23,896.6,28.0,Loam,993.2,1,1,1083.4,2.3,4,0,19.9,Low
P-03634,50,Ductile Iron,2005,21,481.2,38.9,Loam,1733.7,1,2,1138.9,1.3,2,0,28.4,Moderate
P-03635,160,PVC,2013,13,509.9,37.9,Rocky,1459.6,0,0,779.3,1.2,2,0,11.9,Low
P-03636,50,Ductile Iron,2010,16,987.9,32.3,Clay,1577.3,2,3,713.0,3.6,2,0,23.4,Low
P-03637,32,HDPE,1997,29,1667.3,48.4,Sandy,913.7,2,4,1118.7,2.3,10,1,49.5,Moderate
P-03638,25,GI,2009,17,357.0,39.1,Sandy,1619.7,0,0,793.3,2.9,1,0,20.2,Low
P-03639,50,Ductile Iron,1995,31,123.5,49.0,Rocky,957.2,6,3,683.1,7.8,8,0,72.0,High
P-03640,110,GI,2018,8,863.0,27.6,Sandy,1271.5,0,0,1325.0,5.7,2,1,7.8,Low
P-03641,110,PVC,2010,16,1212.1,34.6,Clay,1299.2,1,1,964.0,0.5,0,0,18.7,Low
P-03642,25,HDPE,2016,10,375.3,44.1,Clay,1299.2,0,1,939.7,0.1,3,0,12.4,Low
P-03643,90,HDPE,2012,14,1713.7,49.5,Black Cotton,974.9,2,2,1156.8,5.4,2,0,38.1,Moderate
P-03644,32,PVC,2021,5,2424.3,51.6,Loam,1021.0,1,0,718.0,3.6,1,0,13.6,Low
P-03645,50,HDPE,2015,11,379.3,44.8,Loam,1601.5,0,0,980.2,4.3,3,0,12.8,Low
P-03646,40,PVC,2021,5,149.8,8.0,Clay,1575.9,0,2,716.9,6.0,2,0,3.5,Low
P-03647,75,GI,1996,30,2082.8,33.6,Loam,1327.7,3,1,839.2,1.1,5,1,45.3,Moderate
P-03648,40,Ductile Iron,2012,14,2487.0,28.7,Clay,1021.0,1,1,1536.3,5.8,6,0,10.8,Low
P-03649,160,PVC,1996,30,212.2,25.6,Loam,1729.2,2,2,1100.1,0.6,6,0,31.4,Moderate
P-03650,110,Ductile Iron,2019,7,2172.7,25.3,Clay,1240.7,3,0,916.3,0.3,1,0,9.1,Low
P-03651,90,PVC,2017,9,2381.6,29.4,Clay,1336.4,1,3,715.5,13.5,3,0,13.0,Low
P-03652,50,HDPE,2000,26,1584.1,36.4,Sandy,1618.2,3,7,1295.9,4.7,1,1,61.9,High
P-03653,63,GI,2021,5,448.2,17.8,Clay,1132.4,1,0,1055.7,7.2,1,0,5.9,Low
P-03654,75,HDPE,2019,7,2403.7,38.9,Black Cotton,925.2,0,1,1233.7,1.5,2,0,12.7,Low
P-03655,75,GI,2017,9,1083.7,32.8,Clay,1444.5,0,3,1078.5,1.0,2,0,13.1,Low
P-03656,25,HDPE,2013,13,400.8,42.5,Sandy,1596.3,1,1,795.9,2.8,2,1,18.2,Low
P-03657,90,GI,2023,3,800.9,43.9,Loam,904.6,0,0,979.6,10.1,0,0,11.1,Low
P-03658,75,GI,2010,16,1263.6,44.2,Sandy,1086.3,3,1,1020.8,1.1,4,0,30.9,Moderate
P-03659,50,Ductile Iron,2002,24,1699.7,36.5,Loam,1130.0,0,5,1072.0,5.4,7,0,30.8,Moderate
P-03660,25,PVC,2009,17,2228.0,24.8,Clay,834.9,1,1,1120.0,1.6,0,0,15.1,Low
P-03661,40,HDPE,1998,28,2154.2,56.5,Loam,1579.6,3,2,1348.7,0.3,5,1,59.5,High
P-03662,25,HDPE,2009,17,2311.9,26.6,Sandy,1208.9,4,0,1013.7,10.4,6,0,18.6,Low
P-03663,90,PVC,2017,9,1336.4,36.5,Clay,1557.5,1,0,1605.8,2.9,0,0,11.7,Low
P-03664,90,PVC,2018,8,2330.0,13.1,Clay,1518.0,1,0,720.1,0.7,1,0,4.7,Low
P-03665,160,GI,2003,23,652.6,33.4,Loam,1396.8,2,0,852.5,1.6,4,0,27.6,Moderate
P-03666,90,PVC,2014,12,596.2,45.2,Rocky,1213.7,2,0,1056.0,0.5,3,0,17.8,Low
P-03667,75,Ductile Iron,2006,20,2088.5,40.3,Loam,1301.4,4,1,1282.2,12.0,8,0,32.3,Moderate
P-03668,63,HDPE,1996,30,991.2,40.3,Clay,1771.1,2,3,1640.8,14.7,8,1,48.7,Moderate
P-03669,110,GI,2013,13,1236.9,37.8,Clay,1358.5,1,1,811.0,3.9,2,0,19.0,Low
P-03670,90,GI,2015,11,951.6,41.0,Loam,1698.4,1,0,1647.7,5.9,4,1,15.3,Low
P-03671,50,GI,2022,4,500.9,24.4,Sandy,1710.9,1,0,613.5,2.0,0,0,6.7,Low
P-03672,32,GI,2020,6,502.2,40.6,Sandy,1203.7,0,1,1023.1,5.2,1,0,12.1,Low
P-03673,75,GI,2014,12,1106.9,40.4,Loam,1505.3,0,0,1068.4,2.5,3,0,13.9,Low
P-03674,40,PVC,2018,8,2088.5,39.2,Clay,1500.9,1,0,819.5,9.8,1,0,12.4,Low
P-03675,75,Ductile Iron,2003,23,1442.8,23.8,Rocky,1207.5,3,3,1159.0,3.8,6,0,26.6,Moderate
P-03676,63,Ductile Iron,2023,3,2156.0,38.9,Sandy,1571.7,0,0,1073.1,5.0,0,0,7.3,Low
P-03677,160,PVC,2011,15,2239.6,35.2,Black Cotton,1366.8,1,2,1279.7,0.8,2,1,23.8,Low
P-03678,50,PVC,2018,8,96.2,41.7,Clay,1626.4,1,0,568.5,6.4,1,0,12.7,Low
P-03679,110,HDPE,2008,18,2335.3,34.6,Rocky,998.0,1,2,1139.5,6.9,1,0,23.9,Low
P-03680,40,HDPE,2008,18,2347.2,47.4,Loam,1312.1,6,1,1097.1,2.5,4,0,45.4,Moderate
P-03681,32,HDPE,2001,25,364.5,20.0,Loam,1235.7,2,3,1005.8,2.3,7,0,22.1,Low
P-03682,50,GI,2005,21,761.4,56.4,Loam,1088.8,1,1,933.1,10.3,6,1,41.4,Moderate
P-03683,25,PVC,1999,27,2308.5,26.7,Clay,919.2,6,1,1164.1,2.6,5,0,42.8,Moderate
P-03684,75,HDPE,2011,15,1903.7,47.2,Clay,1574.9,1,0,774.2,4.0,3,0,20.4,Low
P-03685,25,PVC,2020,6,567.9,49.4,Rocky,1472.0,1,1,800.8,7.8,1,1,16.1,Low
P-03686,75,HDPE,2018,8,2231.8,8.0,Loam,1602.0,2,0,819.9,7.0,1,0,5.1,Low
P-03687,160,PVC,2018,8,1807.3,26.4,Clay,1577.3,0,2,995.1,1.9,1,0,8.0,Low
P-03688,25,HDPE,2009,17,935.1,35.5,Black Cotton,992.2,4,2,1073.4,2.1,6,1,33.6,Moderate
P-03689,50,PVC,1996,30,609.4,38.0,Loam,951.9,3,6,617.7,2.1,5,0,60.7,High
P-03690,50,PVC,2019,7,710.8,31.2,Rocky,1235.5,1,1,1260.8,1.4,1,0,9.0,Low
P-03691,75,Ductile Iron,2013,13,1470.7,18.0,Clay,1094.5,1,2,1375.4,4.8,3,0,9.4,Low
P-03692,63,PVC,2000,26,869.0,46.1,Clay,1613.0,4,2,1141.7,18.9,2,1,62.4,High
P-03693,160,PVC,2016,10,121.5,40.8,Clay,1429.6,0,1,1022.3,1.3,2,0,12.0,Low
P-03694,160,HDPE,2019,7,139.4,37.7,Sandy,859.8,0,0,1119.4,2.6,3,0,7.6,Low
P-03695,90,PVC,1997,29,922.9,29.0,Clay,1618.0,4,1,983.0,3.7,3,1,43.0,Moderate
P-03696,40,PVC,2008,18,1987.3,69.9,Loam,1676.8,1,0,1070.8,1.6,4,0,39.2,Moderate
P-03697,160,PVC,1995,31,1939.5,34.7,Loam,1557.7,8,3,1222.8,2.5,5,1,71.2,High
P-03698,50,HDPE,2011,15,120.5,38.8,Rocky,999.4,2,1,1202.1,0.7,1,0,21.8,Low
P-03699,32,HDPE,2023,3,1687.2,35.2,Loam,1607.2,0,0,1569.5,2.5,0,0,6.3,Low
P-03700,90,PVC,2012,14,501.4,47.9,Clay,919.5,2,3,1196.0,1.8,4,0,28.2,Moderate
P-03701,32,GI,2017,9,1199.1,36.2,Black Cotton,1406.2,1,1,1192.0,8.2,0,0,21.8,Low
P-03702,160,PVC,2019,7,277.2,51.0,Clay,1325.3,0,0,1056.2,0.4,1,0,12.5,Low
P-03703,40,PVC,2004,22,345.9,22.9,Loam,1708.4,4,3,1231.2,1.7,6,1,27.5,Moderate
P-03704,75,PVC,2013,13,576.8,56.9,Clay,977.4,2,0,1023.4,3.8,4,1,25.8,Moderate
P-03705,63,Ductile Iron,1996,30,418.5,51.9,Rocky,1107.7,4,7,837.0,7.5,8,1,75.6,Very High
P-03706,90,GI,2008,18,1423.0,49.8,Clay,1526.1,2,3,996.7,4.4,6,1,38.9,Moderate
P-03707,32,HDPE,1997,29,1933.2,25.0,Clay,1569.6,5,1,1048.8,1.4,3,0,43.1,Moderate
P-03708,32,PVC,2018,8,1666.2,45.8,Clay,1577.8,2,0,928.0,5.7,0,0,17.5,Low
P-03709,32,GI,2007,19,2055.5,32.7,Loam,1080.3,4,0,1219.1,8.3,2,0,33.1,Moderate
P-03710,25,PVC,2011,15,805.6,58.0,Clay,842.6,2,1,500.0,3.3,1,0,36.3,Moderate
P-03711,63,Ductile Iron,2014,12,844.3,12.2,Clay,1146.9,0,2,1080.3,1.1,3,0,5.9,Low
P-03712,63,Ductile Iron,2002,24,1585.1,41.8,Clay,1375.3,4,2,849.5,2.8,5,0,44.6,Moderate
P-03713,25,GI,2018,8,1589.2,37.5,Sandy,1617.3,1,1,909.0,8.2,4,0,13.1,Low
P-03714,90,PVC,2016,10,1377.3,53.2,Rocky,1579.1,1,2,1128.1,7.3,1,0,25.0,Low
P-03715,75,Ductile Iron,2023,3,1946.6,42.6,Rocky,1699.6,0,0,1287.7,2.5,2,1,7.1,Low
P-03716,160,PVC,2004,22,2443.7,20.6,Clay,1153.1,3,2,693.6,13.8,4,0,25.7,Moderate
P-03717,110,GI,1996,30,2396.4,33.1,Loam,976.8,5,0,578.6,2.0,3,1,53.9,High
P-03718,40,GI,2024,2,2099.7,36.9,Sandy,805.4,1,1,873.7,4.0,0,0,10.1,Low
P-03719,75,PVC,2023,3,662.8,29.0,Clay,1112.7,2,0,988.7,6.7,0,0,7.6,Low
P-03720,50,PVC,1998,28,186.8,40.1,Sandy,1788.3,4,3,671.3,7.7,10,0,48.2,Moderate
P-03721,40,PVC,1997,29,1756.1,40.1,Loam,1269.3,4,3,1046.3,5.0,1,1,62.3,High
P-03722,25,GI,2023,3,1241.3,58.0,Sandy,1301.2,0,0,1137.4,4.3,2,0,14.2,Low
P-03723,50,Ductile Iron,2019,7,2118.5,8.0,Black Cotton,1764.5,1,0,886.5,8.2,3,0,5.1,Low
P-03724,32,GI,2004,22,1131.1,27.6,Black Cotton,1461.4,0,2,833.7,3.1,8,0,23.0,Low
P-03725,50,PVC,2017,9,990.2,41.4,Loam,1175.6,2,0,1100.5,12.4,2,0,16.1,Low
P-03726,50,Ductile Iron,2018,8,127.8,30.8,Sandy,1526.7,2,0,996.3,1.9,1,0,10.0,Low
P-03727,25,PVC,2014,12,1336.9,57.2,Rocky,1788.7,1,0,1110.2,0.4,3,0,21.5,Low
P-03728,160,HDPE,2008,18,907.1,27.9,Loam,1047.1,2,1,997.8,0.1,3,1,17.3,Low
P-03729,75,GI,2000,26,2110.6,30.8,Loam,1671.9,2,5,1117.7,0.7,7,1,40.8,Moderate
P-03730,32,GI,1998,28,932.6,19.1,Clay,1309.4,2,4,961.2,7.2,12,0,27.6,Moderate
P-03731,25,GI,2024,2,2178.1,34.4,Sandy,1239.7,0,0,913.5,6.5,0,1,7.3,Low
P-03732,25,PVC,2015,11,1637.6,46.5,Black Cotton,1264.5,0,3,567.2,1.7,0,1,27.2,Moderate
P-03733,50,PVC,1996,30,2450.2,49.9,Loam,996.2,4,1,771.4,1.6,5,1,59.1,High
P-03734,32,PVC,2004,22,1224.8,38.8,Sandy,854.3,3,2,885.2,5.3,0,1,42.2,Moderate
P-03735,75,Ductile Iron,2020,6,2017.5,33.7,Sandy,1633.3,0,0,975.1,9.5,3,0,6.9,Low
P-03736,75,GI,2021,5,812.1,40.4,Sandy,822.2,0,3,1112.3,5.6,1,0,14.2,Low
P-03737,110,HDPE,2016,10,1587.3,21.6,Loam,1285.2,0,1,1198.0,1.1,1,0,6.9,Low
P-03738,32,GI,2006,20,586.9,42.5,Black Cotton,964.1,1,3,1100.1,14.5,5,0,45.7,Moderate
P-03739,40,PVC,2017,9,389.6,18.6,Loam,800.8,1,0,979.8,0.7,2,0,5.7,Low
P-03740,40,HDPE,1995,31,758.9,29.0,Black Cotton,1694.5,4,5,801.7,8.9,8,1,62.6,High
P-03741,50,PVC,2020,6,1266.9,37.9,Loam,1792.0,0,0,1311.6,1.9,4,0,6.7,Low
P-03742,90,PVC,2002,24,1589.6,27.7,Sandy,1534.6,4,4,1504.8,3.6,6,0,37.9,Moderate
P-03743,32,PVC,2006,20,173.6,40.7,Sandy,1610.1,1,2,1257.8,6.8,2,0,29.9,Moderate
P-03744,32,PVC,2008,18,895.8,36.5,Loam,1256.2,4,0,1370.8,1.6,5,0,24.5,Low
P-03745,63,GI,2016,10,1623.0,33.8,Sandy,1604.3,3,1,1337.4,3.1,1,0,19.6,Low
P-03746,75,PVC,1999,27,1976.7,29.2,Clay,1219.3,4,1,638.4,3.6,4,0,38.0,Moderate
P-03747,63,HDPE,2001,25,1052.0,25.4,Clay,1001.9,2,0,641.2,3.8,7,0,19.1,Low
P-03748,160,GI,2004,22,794.4,20.5,Sandy,1366.6,0,3,1035.5,0.8,3,0,19.6,Low
P-03749,75,GI,2012,14,1153.8,34.8,Clay,1508.8,1,1,1188.6,3.4,7,1,14.3,Low
P-03750,50,HDPE,1998,28,942.5,37.4,Clay,1215.8,3,4,1341.9,2.5,6,0,48.6,Moderate
P-03751,50,PVC,1995,31,465.1,29.4,Loam,1333.2,3,1,994.7,1.6,5,0,38.9,Moderate
P-03752,75,HDPE,2013,13,1260.7,47.4,Loam,845.0,4,0,634.0,3.0,3,0,27.3,Moderate
P-03753,75,GI,2008,18,446.6,35.3,Sandy,1011.6,5,1,938.8,6.3,0,1,42.8,Moderate
P-03754,25,HDPE,2012,14,1905.1,37.0,Rocky,1404.4,2,1,1130.1,2.4,5,0,16.4,Low
P-03755,160,GI,2023,3,1980.3,36.9,Clay,1472.9,0,0,972.2,11.1,1,0,8.5,Low
P-03756,63,PVC,2007,19,154.6,31.5,Sandy,1408.1,2,1,946.8,2.1,9,0,15.6,Low
P-03757,40,PVC,2014,12,1748.2,30.2,Clay,1158.7,2,0,1249.0,5.8,7,0,9.8,Low
P-03758,75,GI,2000,26,428.5,27.3,Clay,962.4,6,2,912.8,6.7,4,1,52.7,High
P-03759,25,GI,2007,19,733.6,35.8,Sandy,1113.2,5,5,769.0,1.5,3,1,51.8,High
P-03760,110,HDPE,2014,12,275.5,33.4,Clay,1448.4,3,3,1091.8,4.0,1,0,23.1,Low
P-03761,32,PVC,2020,6,1154.9,30.2,Loam,1593.3,0,0,901.0,5.1,2,0,6.1,Low
P-03762,40,PVC,2024,2,1104.9,24.6,Rocky,1011.6,0,0,1183.3,4.5,0,0,4.2,Low
P-03763,63,PVC,1996,30,1648.8,8.0,Sandy,944.6,6,2,995.1,8.5,7,1,34.9,Moderate
P-03764,63,Ductile Iron,1997,29,406.8,39.7,Clay,1126.1,10,4,808.9,1.0,5,1,80.2,Very High
P-03765,160,PVC,2009,17,1260.7,16.2,Loam,1503.4,2,0,791.7,12.5,4,1,11.4,Low
P-03766,40,HDPE,2009,17,1697.6,18.1,Loam,1186.6,2,1,1208.6,2.5,1,0,13.9,Low
P-03767,160,PVC,2008,18,748.8,49.8,Loam,1261.6,4,1,1286.2,11.8,6,0,39.1,Moderate
P-03768,90,HDPE,2001,25,1720.1,22.5,Sandy,1754.4,3,2,1018.2,2.6,3,1,29.3,Moderate
P-03769,160,HDPE,2001,25,1763.5,39.7,Sandy,999.5,2,3,1050.1,1.8,6,1,37.4,Moderate
P-03770,90,Ductile Iron,1995,31,402.8,35.8,Loam,1392.1,8,2,1161.7,18.0,7,0,71.7,High
P-03771,110,PVC,2015,11,154.4,46.9,Clay,1134.4,0,2,840.1,2.2,1,0,18.2,Low
P-03772,50,PVC,2013,13,233.1,30.0,Clay,1516.5,1,1,1318.8,2.0,1,0,13.0,Low
P-03773,50,HDPE,2000,26,2441.5,29.3,Clay,1482.5,4,1,965.1,9.6,3,0,39.9,Moderate
P-03774,50,PVC,2019,7,962.0,26.9,Sandy,1783.6,2,1,1067.6,0.6,0,0,9.7,Low
P-03775,50,GI,2021,5,1512.6,48.7,Sandy,1767.3,0,0,584.2,2.7,1,0,12.6,Low
P-03776,25,Ductile Iron,2014,12,1922.5,32.5,Loam,1745.6,4,2,1177.5,4.5,1,0,23.6,Low
P-03777,50,HDPE,2012,14,1854.1,15.0,Sandy,1663.7,1,1,1460.2,3.8,3,0,8.0,Low
P-03778,63,Ductile Iron,2000,26,872.8,8.1,Black Cotton,1457.8,4,1,1290.7,3.3,5,0,26.6,Moderate
P-03779,110,PVC,1999,27,1480.9,18.9,Sandy,1477.5,1,3,942.0,8.2,3,0,26.9,Moderate
P-03780,90,PVC,2003,23,2492.8,36.1,Clay,1698.1,4,2,970.9,4.3,2,0,42.9,Moderate
P-03781,110,HDPE,2012,14,2040.8,29.5,Clay,841.1,1,1,972.0,3.0,4,0,11.9,Low
P-03782,63,GI,2000,26,1285.9,34.5,Loam,1444.6,1,0,848.9,1.7,6,1,27.0,Moderate
P-03783,75,HDPE,2017,9,330.9,15.9,Rocky,1720.3,0,0,1241.0,1.8,2,0,4.5,Low
P-03784,160,PVC,2014,12,2459.6,39.9,Clay,1019.1,1,0,996.8,2.3,3,0,13.4,Low
P-03785,50,HDPE,2024,2,2090.9,59.0,Clay,947.7,1,0,821.4,6.5,1,0,14.6,Low
P-03786,90,PVC,2007,19,321.2,38.4,Loam,828.4,3,0,1261.1,10.2,2,1,29.7,Moderate
P-03787,63,GI,2024,2,236.1,30.1,Loam,1736.3,0,0,1221.7,8.0,0,0,6.4,Low
P-03788,110,PVC,1999,27,609.9,31.2,Loam,1001.9,4,1,713.1,2.7,3,0,40.8,Moderate
P-03789,40,PVC,2022,4,1521.3,41.3,Loam,1153.4,1,0,954.4,5.1,0,0,10.0,Low
P-03790,50,PVC,2019,7,187.4,42.3,Rocky,1565.7,0,1,1087.1,8.2,0,0,12.6,Low
P-03791,160,PVC,2002,24,854.6,43.9,Rocky,1668.6,2,1,1213.1,7.8,3,0,39.3,Moderate
P-03792,75,HDPE,2019,7,1507.5,20.9,Clay,1184.6,0,0,596.6,2.6,2,0,4.6,Low
P-03793,40,PVC,2009,17,1738.3,52.6,Clay,1237.3,1,1,1056.2,7.0,2,0,31.2,Moderate
P-03794,25,HDPE,1995,31,344.0,23.6,Sandy,1567.4,3,1,997.6,0.7,4,0,35.3,Moderate
P-03795,110,PVC,2004,22,1054.4,37.5,Clay,942.1,5,2,894.5,3.6,7,0,39.1,Moderate
P-03796,50,GI,2011,15,1298.1,30.2,Rocky,1653.2,2,1,1054.2,6.2,5,0,17.7,Low
P-03797,110,Ductile Iron,1999,27,2266.7,35.7,Sandy,813.3,3,2,1400.5,0.6,1,1,45.6,Moderate
P-03798,25,GI,2003,23,991.0,34.6,Clay,1454.9,2,1,876.2,1.0,3,0,32.3,Moderate
P-03799,25,Ductile Iron,2003,23,1527.0,44.1,Clay,1677.3,7,4,844.0,8.6,7,1,63.6,High
P-03800,160,PVC,2009,17,1216.4,40.8,Clay,1718.5,1,3,1259.1,8.0,6,0,23.8,Low
P-03801,50,HDPE,2022,4,1161.6,22.9,Rocky,1502.4,0,0,731.7,6.5,0,0,4.7,Low
P-03802,63,HDPE,2004,22,565.5,43.9,Clay,1492.3,0,5,1220.0,7.9,7,0,34.0,Moderate
P-03803,63,PVC,1999,27,1894.5,32.9,Clay,1544.9,2,4,1047.0,16.8,6,1,43.8,Moderate
P-03804,63,Ductile Iron,1997,29,1971.5,37.3,Black Cotton,1670.1,2,3,1242.4,22.1,2,0,64.4,High
P-03805,75,HDPE,2002,24,2457.0,18.6,Loam,1486.9,3,7,1238.7,8.5,4,0,39.8,Moderate
P-03806,63,GI,1998,28,1836.4,41.7,Clay,1193.4,5,5,694.8,3.8,7,0,67.8,High
P-03807,90,HDPE,1998,28,876.3,54.0,Sandy,982.4,2,2,1105.6,9.1,6,0,54.7,High
P-03808,160,HDPE,2000,26,827.8,42.2,Clay,1719.1,3,3,1218.0,2.7,4,0,49.0,Moderate
P-03809,160,GI,2016,10,1524.2,40.8,Loam,1298.9,1,1,824.9,3.4,2,1,17.0,Low
P-03810,160,HDPE,2008,18,1784.1,22.2,Loam,1580.9,0,1,534.2,7.7,3,0,11.8,Low
P-03811,40,PVC,2015,11,1380.7,23.7,Sandy,1382.0,1,0,1098.1,4.3,3,1,7.7,Low
P-03812,110,GI,2006,20,1277.2,41.4,Sandy,1572.9,6,4,600.2,2.3,6,1,55.5,High
P-03813,63,PVC,2015,11,414.5,20.0,Rocky,830.4,1,1,1251.8,3.8,1,0,8.6,Low
P-03814,75,PVC,2008,18,1974.1,36.7,Loam,1295.3,2,4,883.3,3.3,9,0,23.5,Low
P-03815,90,PVC,2017,9,1816.6,19.5,Clay,1715.1,0,3,815.5,0.5,1,0,7.5,Low
P-03816,32,PVC,2024,2,987.9,20.2,Black Cotton,1485.0,0,0,733.2,3.1,0,0,5.0,Low
P-03817,25,PVC,1999,27,2274.1,20.6,Loam,1668.4,2,2,1073.7,3.8,3,0,27.7,Moderate
P-03818,63,HDPE,2001,25,2422.8,48.2,Black Cotton,1066.2,4,2,1040.3,3.9,7,0,58.2,High
P-03819,25,Ductile Iron,2020,6,344.7,43.2,Black Cotton,1011.2,2,1,694.2,1.3,3,0,17.4,Low
P-03820,90,PVC,2017,9,2295.3,50.7,Loam,1557.6,0,1,1016.3,3.7,1,0,16.5,Low
P-03821,25,HDPE,2003,23,2046.5,36.4,Clay,1777.0,4,2,1157.4,0.4,3,1,40.2,Moderate
P-03822,160,HDPE,2015,11,1114.8,33.6,Clay,1404.4,1,1,900.4,6.0,5,0,10.9,Low
P-03823,25,PVC,2013,13,1698.7,22.8,Loam,1520.4,3,0,1300.6,4.6,1,0,13.3,Low
P-03824,50,GI,2003,23,243.2,75.0,Black Cotton,1144.7,5,0,833.2,6.1,4,1,81.0,Very High
P-03825,40,PVC,2000,26,1930.9,25.7,Sandy,1225.4,6,0,1393.7,9.5,1,0,45.3,Moderate
P-03826,110,HDPE,1996,30,1806.7,13.6,Loam,845.9,6,4,899.0,1.9,5,0,46.4,Moderate
P-03827,110,PVC,2022,4,1103.9,46.6,Black Cotton,1333.6,1,0,1052.2,6.1,1,0,15.3,Low
P-03828,63,GI,2005,21,1892.4,45.0,Black Cotton,1203.4,1,1,782.2,2.5,4,1,40.3,Moderate
P-03829,63,PVC,2003,23,2426.3,30.9,Sandy,988.1,4,1,941.2,2.5,5,0,30.9,Moderate
P-03830,90,PVC,2001,25,865.9,40.1,Clay,847.2,3,3,1091.1,6.4,7,1,42.2,Moderate
P-03831,75,HDPE,2004,22,865.0,39.2,Clay,1366.0,4,4,1141.4,2.8,5,0,45.1,Moderate
P-03832,50,GI,2022,4,964.8,45.4,Loam,910.7,0,1,1019.8,5.3,1,1,12.3,Low
P-03833,160,GI,2019,7,776.7,39.7,Clay,1733.2,2,0,952.3,2.1,3,1,13.3,Low
P-03834,25,Ductile Iron,2007,19,505.1,50.8,Clay,931.1,1,2,1103.5,0.4,8,0,26.3,Moderate
P-03835,75,PVC,2017,9,2178.5,26.1,Loam,1329.0,3,1,1353.5,1.6,1,0,12.2,Low
P-03836,75,PVC,2002,24,2130.1,40.6,Clay,1387.7,4,5,972.7,4.3,4,1,55.4,High
P-03837,25,GI,2007,19,2065.9,29.8,Clay,923.3,0,2,1150.9,1.7,3,0,19.3,Low
P-03838,110,PVC,2007,19,1620.7,62.6,Sandy,1258.5,4,5,1339.0,21.9,4,1,70.6,High
P-03839,160,GI,2010,16,1504.7,31.0,Clay,1183.7,2,2,1041.8,0.8,1,1,24.2,Low
P-03840,110,Ductile Iron,2024,2,2045.8,47.0,Rocky,1419.1,0,0,1025.9,2.3,1,0,8.1,Low
P-03841,75,PVC,1995,31,763.1,21.1,Black Cotton,1188.1,1,2,1238.9,6.7,4,0,38.1,Moderate
P-03842,160,PVC,2006,20,2400.8,8.0,Clay,1688.0,4,1,1239.4,10.4,3,0,16.9,Low
P-03843,110,HDPE,2022,4,627.0,30.3,Clay,1309.9,0,0,1006.8,10.7,1,0,6.1,Low
P-03844,32,PVC,2006,20,1898.7,26.2,Loam,1709.3,2,0,1028.4,1.7,5,0,15.5,Low
P-03845,110,PVC,1997,29,1306.2,25.3,Sandy,1438.2,5,4,1397.6,3.3,10,1,43.3,Moderate
P-03846,50,PVC,2022,4,2270.4,29.4,Rocky,1606.2,1,0,1110.0,1.3,1,0,6.1,Low
P-03847,40,GI,2006,20,545.9,8.0,Black Cotton,1132.5,2,1,500.0,9.3,2,1,20.4,Low
P-03848,110,PVC,1995,31,554.7,37.5,Clay,1712.2,2,7,730.4,4.9,9,0,56.0,High
P-03849,160,PVC,2001,25,1019.2,33.5,Loam,1339.0,3,1,844.9,11.8,2,0,39.5,Moderate
P-03850,50,GI,2003,23,335.9,43.2,Clay,1174.9,5,3,692.8,7.0,1,1,63.9,High
P-03851,75,GI,1996,30,593.3,33.5,Rocky,1654.1,4,1,735.1,5.0,8,1,46.6,Moderate
P-03852,32,Ductile Iron,2000,26,1111.7,36.4,Loam,1042.0,4,5,1177.4,3.9,7,1,50.8,High
P-03853,32,PVC,2010,16,608.8,25.5,Loam,1276.9,3,0,1299.3,2.1,8,0,11.8,Low
P-03854,63,PVC,2001,25,2275.3,40.4,Loam,805.6,4,2,734.8,5.8,8,0,42.0,Moderate
P-03855,90,PVC,2017,9,2272.7,26.0,Clay,1619.8,0,1,831.0,3.8,3,0,6.9,Low
P-03856,110,PVC,2023,3,387.7,31.1,Rocky,825.8,0,0,936.0,1.2,1,0,5.1,Low
P-03857,25,Ductile Iron,2012,14,1590.4,57.8,Clay,1310.9,2,1,1038.0,1.1,2,0,32.3,Moderate
P-03858,40,GI,2024,2,1093.7,43.7,Sandy,1621.0,0,1,1133.3,3.0,0,0,10.5,Low
P-03859,32,GI,2005,21,1849.0,46.2,Clay,1709.0,4,1,1436.0,3.5,4,0,46.4,Moderate
P-03860,110,PVC,2011,15,209.1,21.1,Loam,848.3,2,1,1123.1,10.1,1,0,14.7,Low
P-03861,75,PVC,2015,11,80.5,44.0,Clay,1143.8,3,1,1090.6,7.9,4,0,21.7,Low
P-03862,90,GI,2017,9,1790.9,34.2,Loam,1021.0,0,1,973.1,3.0,3,0,10.6,Low
P-03863,63,PVC,2006,20,589.4,33.2,Loam,1076.3,2,3,1199.1,3.3,4,0,27.3,Moderate
P-03864,40,PVC,2018,8,2097.2,43.0,Clay,952.7,2,0,1018.7,6.0,1,0,15.4,Low
P-03865,32,PVC,2023,3,1663.2,19.1,Loam,1561.8,0,0,1359.7,0.6,1,0,3.4,Low
P-03866,50,PVC,2001,25,1648.7,28.3,Loam,1270.5,7,1,1166.1,3.3,5,1,45.1,Moderate
P-03867,32,HDPE,2016,10,1152.7,44.2,Clay,1611.4,2,1,963.7,7.3,2,0,19.4,Low
P-03868,50,HDPE,2001,25,2127.4,28.3,Clay,828.7,3,3,1266.1,5.1,7,0,32.1,Moderate
P-03869,160,GI,2004,22,2080.9,9.5,Loam,1080.0,2,3,959.4,0.5,7,0,15.7,Low
P-03870,160,GI,2004,22,2147.0,30.0,Clay,1514.9,2,2,1102.3,5.1,5,0,28.8,Moderate
P-03871,50,PVC,2014,12,571.7,30.2,Clay,1431.9,0,2,789.6,1.7,2,0,11.1,Low
P-03872,63,Ductile Iron,1997,29,2341.1,47.9,Loam,1205.4,2,1,1273.0,4.3,8,1,43.2,Moderate
P-03873,63,PVC,1998,28,2430.4,47.6,Black Cotton,1505.3,5,2,1016.3,4.6,10,1,63.3,High
P-03874,63,PVC,2009,17,2284.2,12.3,Rocky,1282.9,1,2,1092.8,3.6,2,0,10.7,Low
P-03875,90,PVC,2019,7,1050.0,35.5,Sandy,1140.0,0,4,1513.2,2.6,1,0,12.6,Low
P-03876,40,GI,2008,18,688.0,44.0,Loam,1749.1,3,0,1129.7,5.0,2,0,35.1,Moderate
P-03877,25,PVC,2010,16,2049.1,16.9,Sandy,1285.5,0,1,955.3,6.0,5,0,7.7,Low
P-03878,160,GI,2008,18,1562.9,35.2,Clay,923.2,5,2,964.3,2.0,5,0,37.1,Moderate
P-03879,75,Ductile Iron,1996,30,1905.7,16.5,Rocky,967.9,4,9,1036.5,1.6,6,1,54.5,High
P-03880,40,GI,2001,25,2014.1,44.7,Clay,1726.1,3,2,1131.4,3.5,8,1,45.3,Moderate
P-03881,63,HDPE,2000,26,2312.5,22.6,Black Cotton,940.5,4,2,657.2,8.2,4,0,43.8,Moderate
P-03882,50,PVC,2016,10,51.9,42.4,Clay,1385.9,3,2,724.6,4.6,2,1,22.9,Low
P-03883,25,Ductile Iron,2010,16,870.4,47.4,Sandy,879.4,3,1,1304.4,5.2,4,1,30.3,Moderate
P-03884,63,PVC,2023,3,1088.9,17.7,Loam,1305.5,0,0,1292.6,8.6,0,0,3.8,Low
P-03885,63,Ductile Iron,2020,6,1805.0,39.7,Loam,1766.5,1,0,1407.2,11.2,0,0,11.8,Low
P-03886,160,PVC,1996,30,465.4,16.2,Loam,1307.7,3,4,578.4,4.0,4,0,37.7,Moderate
P-03887,75,PVC,2021,5,366.7,35.2,Loam,980.0,0,0,608.6,2.5,0,0,7.2,Low
P-03888,75,Ductile Iron,1995,31,1869.7,25.7,Loam,821.9,3,5,1611.7,4.6,4,1,51.1,High
P-03889,90,PVC,2021,5,1782.6,35.4,Sandy,1230.5,0,1,851.2,5.8,0,0,8.5,Low
P-03890,160,GI,2021,5,2277.7,24.4,Rocky,1227.2,1,0,915.0,0.9,1,0,6.7,Low
P-03891,90,GI,2017,9,282.2,16.3,Sandy,980.8,4,0,940.5,3.0,2,0,10.8,Low
P-03892,50,PVC,2009,17,2257.6,41.1,Loam,1710.9,1,3,1050.0,6.8,3,0,27.0,Moderate
P-03893,90,GI,2013,13,1464.2,38.1,Sandy,943.9,1,0,1017.9,3.6,5,1,14.7,Low
P-03894,63,GI,2013,13,1374.7,20.8,Loam,1784.4,3,3,1164.2,1.8,5,0,16.2,Low
P-03895,25,PVC,1999,27,95.6,34.9,Loam,830.0,3,2,1171.4,1.7,5,0,39.4,Moderate
P-03896,160,PVC,2015,11,2470.2,18.6,Clay,1320.7,2,1,1421.4,4.9,1,0,9.8,Low
P-03897,25,GI,1999,27,205.6,30.4,Loam,937.6,2,6,500.0,0.2,7,1,45.3,Moderate
P-03898,40,HDPE,2004,22,1605.7,20.6,Black Cotton,1251.9,2,2,755.0,0.5,5,0,24.0,Low
P-03899,90,PVC,2018,8,148.2,43.4,Loam,835.3,0,1,1210.3,10.7,1,1,13.6,Low
P-03900,90,PVC,2010,16,1599.6,21.2,Sandy,1268.2,5,1,979.8,1.1,5,0,18.1,Low
P-03901,63,PVC,2001,25,612.6,50.8,Loam,1456.0,4,3,1348.6,2.0,1,1,63.0,High
P-03902,160,GI,2020,6,1905.3,28.2,Loam,1450.0,1,0,695.8,2.9,0,0,8.8,Low
P-03903,50,PVC,2010,16,1952.9,35.4,Black Cotton,1449.3,1,1,1348.1,3.0,2,0,23.6,Low
P-03904,75,HDPE,2017,9,1759.1,20.2,Rocky,1367.5,2,1,1073.9,8.9,2,0,9.0,Low
P-03905,50,HDPE,2008,18,2114.9,25.7,Loam,1506.2,2,3,964.7,15.6,6,0,21.0,Low
P-03906,110,PVC,2005,21,963.4,42.7,Clay,1394.7,2,2,688.2,7.7,3,0,36.0,Moderate
P-03907,90,PVC,1997,29,674.2,42.2,Clay,1271.8,1,2,1001.5,2.2,6,1,39.3,Moderate
P-03908,75,PVC,2004,22,1220.9,42.3,Clay,1505.0,1,2,1106.7,3.1,8,0,25.6,Moderate
P-03909,25,PVC,2013,13,2374.8,24.8,Rocky,865.1,0,0,1096.8,4.4,3,0,7.8,Low
P-03910,75,GI,2006,20,1404.5,33.0,Loam,1719.2,2,3,757.8,3.9,4,0,31.5,Moderate
P-03911,25,PVC,2000,26,1902.5,34.0,Loam,1757.0,4,3,1201.4,3.1,5,0,45.0,Moderate
P-03912,160,Ductile Iron,2022,4,660.0,28.4,Clay,1397.1,1,0,756.8,1.5,1,0,5.9,Low
P-03913,75,HDPE,2007,19,1603.6,32.4,Sandy,962.4,2,3,1119.5,10.7,6,0,25.1,Moderate
P-03914,75,GI,2000,26,1473.2,42.5,Loam,1170.3,3,2,1611.5,2.8,9,0,43.5,Moderate
P-03915,63,PVC,2000,26,2333.8,27.1,Sandy,1304.5,3,1,1229.1,5.8,11,0,23.1,Low
P-03916,160,PVC,2005,21,561.6,17.5,Loam,857.0,4,3,771.6,2.2,3,0,25.9,Moderate
P-03917,90,HDPE,2011,15,2067.5,30.2,Sandy,829.9,3,1,1224.6,1.3,6,0,15.6,Low
P-03918,90,HDPE,2005,21,789.9,31.2,Clay,1431.4,2,1,1331.9,5.5,8,0,19.2,Low
P-03919,40,PVC,1998,28,1036.9,20.8,Loam,1701.0,4,4,1224.5,2.3,4,0,41.7,Moderate
P-03920,25,GI,2014,12,1836.5,41.7,Loam,978.3,1,0,1165.3,2.8,1,1,18.6,Low
P-03921,40,PVC,2008,18,2098.8,42.0,Loam,1285.3,0,0,1335.5,3.2,4,0,17.2,Low
P-03922,110,PVC,2009,17,1985.0,45.3,Clay,1795.7,3,0,1238.2,2.4,3,0,28.0,Moderate
P-03923,25,Ductile Iron,2003,23,208.9,42.6,Clay,1527.5,3,2,844.1,14.5,3,1,46.3,Moderate
P-03924,40,GI,2021,5,755.7,37.5,Black Cotton,845.6,0,1,1240.8,8.3,0,0,15.3,Low
P-03925,160,PVC,2018,8,1219.6,65.7,Clay,1544.2,1,0,841.0,4.2,2,0,23.6,Low
P-03926,40,PVC,2018,8,835.1,43.1,Loam,922.1,3,0,1176.4,3.6,1,0,17.4,Low
P-03927,63,GI,1998,28,1853.7,34.1,Clay,958.4,3,3,787.3,2.7,6,0,47.6,Moderate
P-03928,32,HDPE,2015,11,1092.5,38.3,Clay,1029.0,4,1,500.0,1.7,1,0,22.8,Low
P-03929,25,Ductile Iron,2022,4,1161.6,39.4,Loam,1460.2,0,0,1242.6,4.2,0,0,7.9,Low
P-03930,50,PVC,2015,11,596.5,33.5,Loam,939.6,5,1,1248.3,2.9,2,0,22.3,Low
P-03931,63,PVC,2022,4,817.0,33.5,Loam,857.7,0,0,1373.5,4.8,0,0,6.6,Low
P-03932,40,PVC,2006,20,230.2,34.4,Loam,1574.1,0,3,1117.1,10.5,5,0,22.3,Low
P-03933,160,HDPE,2009,17,75.7,14.5,Sandy,1164.3,2,0,1079.2,10.1,2,0,11.7,Low
P-03934,25,Ductile Iron,2022,4,1846.0,55.9,Clay,942.8,1,0,990.9,0.6,2,0,13.3,Low
P-03935,75,PVC,1995,31,377.4,42.7,Clay,1561.7,3,2,1152.0,4.6,6,0,53.2,High
P-03936,40,HDPE,2019,7,327.9,38.0,Clay,1023.9,1,3,1108.5,16.1,3,0,15.3,Low
P-03937,90,HDPE,2005,21,1290.8,42.7,Rocky,1566.4,4,3,609.0,0.1,3,0,45.1,Moderate
P-03938,110,PVC,2013,13,1102.2,43.1,Clay,1491.6,1,1,1013.5,7.5,4,0,17.7,Low
P-03939,40,Ductile Iron,2001,25,1551.7,25.3,Rocky,1492.8,6,1,1432.7,12.0,5,1,41.4,Moderate
P-03940,63,GI,2018,8,872.4,30.6,Black Cotton,965.9,1,2,899.1,1.5,1,0,17.1,Low
P-03941,110,Ductile Iron,1998,28,844.3,29.6,Rocky,966.3,2,6,1023.7,0.3,4,0,46.0,Moderate
P-03942,160,Ductile Iron,2007,19,1732.5,38.9,Sandy,858.2,3,4,606.6,4.1,4,1,37.0,Moderate
P-03943,40,PVC,2001,25,1322.2,41.8,Loam,1622.7,4,2,1214.4,0.9,3,0,48.8,Moderate
P-03944,32,PVC,2023,3,1982.2,22.9,Clay,1002.1,0,0,1391.9,7.2,0,0,4.4,Low
P-03945,32,GI,2005,21,869.0,30.7,Black Cotton,933.5,3,1,956.7,4.3,4,1,37.6,Moderate
P-03946,32,GI,2020,6,551.3,29.5,Loam,861.6,1,1,752.2,1.6,4,0,8.1,Low
P-03947,40,GI,2020,6,1401.7,28.4,Clay,1653.6,1,0,1168.3,4.1,0,0,9.0,Low
P-03948,75,PVC,2005,21,1940.0,19.1,Clay,1341.3,3,5,830.0,5.3,3,1,29.6,Moderate
P-03949,90,Ductile Iron,2024,2,402.2,45.6,Loam,1637.8,1,1,969.7,3.2,0,0,10.9,Low
P-03950,75,GI,1995,31,1711.0,34.0,Loam,1548.3,7,6,897.9,10.5,11,0,74.1,High
P-03951,50,GI,1999,27,313.1,34.8,Loam,1352.9,3,2,970.4,4.6,2,1,49.8,Moderate
P-03952,110,PVC,1998,28,1487.9,38.5,Sandy,1224.3,1,3,1346.0,9.3,4,1,43.0,Moderate
P-03953,63,GI,2000,26,1609.5,31.4,Loam,1182.2,3,5,960.9,2.5,8,1,44.9,Moderate
P-03954,32,GI,2012,14,1700.6,54.7,Clay,1401.6,1,3,1334.2,8.6,0,0,41.6,Moderate
P-03955,110,PVC,2019,7,1297.7,22.1,Sandy,1601.8,2,0,1370.2,7.1,1,0,7.6,Low
P-03956,25,PVC,2019,7,1639.7,41.9,Rocky,1376.0,0,0,1450.6,4.0,1,0,9.9,Low
P-03957,50,HDPE,2016,10,395.3,51.7,Clay,1675.2,0,1,1299.3,2.5,0,0,18.7,Low
P-03958,63,PVC,2014,12,2228.7,36.3,Clay,1128.2,2,0,1296.9,3.4,4,0,13.5,Low
P-03959,50,GI,2002,24,747.1,18.8,Rocky,1600.3,4,2,532.4,7.0,4,1,33.2,Moderate
P-03960,160,GI,2002,24,2387.8,28.9,Clay,1619.6,3,1,1269.8,2.2,8,0,27.6,Moderate
P-03961,25,PVC,2021,5,2431.1,34.6,Rocky,1473.6,0,0,1010.6,7.2,0,0,7.5,Low
P-03962,160,PVC,2012,14,514.2,47.1,Black Cotton,1132.3,0,2,951.9,1.8,3,0,26.0,Moderate
P-03963,40,GI,2018,8,1341.3,41.1,Clay,1533.5,1,1,1068.0,4.2,0,0,17.0,Low
P-03964,90,HDPE,2009,17,1518.2,31.9,Clay,1296.8,3,1,1033.6,2.8,5,0,19.8,Low
P-03965,63,PVC,2024,2,746.3,47.4,Black Cotton,1060.9,0,0,898.0,0.4,1,0,11.0,Low
P-03966,50,PVC,2012,14,506.1,13.8,Sandy,1191.0,0,1,555.8,0.2,3,0,6.2,Low
P-03967,90,HDPE,2020,6,1469.3,25.0,Clay,1303.4,0,1,825.0,1.6,1,0,5.8,Low
P-03968,25,PVC,2022,4,1638.1,44.4,Loam,1342.7,2,0,1416.2,0.5,1,0,11.5,Low
P-03969,110,GI,2005,21,1948.4,33.1,Loam,921.5,2,3,748.3,5.8,5,0,32.5,Moderate
P-03970,75,HDPE,2018,8,1813.2,28.4,Loam,1797.6,1,2,1168.0,4.7,1,0,10.4,Low
P-03971,40,Ductile Iron,2000,26,1975.1,23.1,Clay,1758.2,3,1,960.3,6.0,3,1,29.7,Moderate
P-03972,40,HDPE,2006,20,1015.5,40.7,Sandy,1365.8,4,0,1339.7,5.6,4,0,32.9,Moderate
P-03973,110,PVC,2003,23,1968.4,51.0,Clay,810.9,1,2,1468.7,8.2,5,0,39.5,Moderate
P-03974,75,PVC,1998,28,1367.4,23.8,Clay,1468.3,4,0,1365.3,5.0,6,0,30.3,Moderate
P-03975,63,GI,2010,16,536.4,39.9,Clay,940.5,1,1,1014.1,3.3,1,0,24.9,Low
P-03976,75,PVC,2019,7,1675.1,25.1,Loam,1705.5,0,1,956.0,2.2,0,0,6.7,Low
P-03977,25,GI,2008,18,1971.9,11.3,Loam,1500.7,2,2,1260.6,1.3,4,0,13.5,Low
P-03978,32,GI,2003,23,446.7,23.8,Sandy,1684.4,3,1,1122.5,2.3,5,0,26.1,Moderate
P-03979,40,GI,2000,26,1608.1,19.0,Sandy,1625.5,4,2,846.3,7.6,5,0,35.6,Moderate
P-03980,63,PVC,2012,14,113.9,29.2,Sandy,1493.6,5,0,707.8,7.8,0,0,24.8,Low
P-03981,90,PVC,2009,17,2469.6,64.2,Clay,1275.9,3,1,1128.2,1.0,5,1,42.8,Moderate
P-03982,63,Ductile Iron,1998,28,2346.8,39.3,Clay,1335.0,3,1,1307.6,9.4,5,0,44.7,Moderate
P-03983,160,PVC,2014,12,1391.9,43.5,Clay,1728.5,2,0,898.2,6.0,4,0,17.3,Low
P-03984,25,GI,2010,16,1003.5,41.1,Loam,802.9,2,0,961.6,4.9,2,1,25.9,Moderate
P-03985,32,Ductile Iron,1998,28,2441.1,60.1,Black Cotton,1095.4,1,1,1605.7,3.5,3,1,63.1,High
P-03986,50,PVC,2002,24,1617.5,38.5,Clay,1261.2,3,0,979.6,0.7,2,1,35.0,Moderate
P-03987,32,GI,2017,9,1143.0,43.7,Loam,1284.3,0,2,1303.2,7.6,1,0,18.5,Low
P-03988,90,HDPE,2020,6,2069.5,20.6,Loam,1146.2,1,1,1570.7,3.2,1,0,6.1,Low
P-03989,110,HDPE,2014,12,2146.3,36.8,Clay,1042.1,0,1,664.8,4.5,2,0,12.6,Low
P-03990,32,PVC,2019,7,2313.9,15.8,Clay,1010.5,0,0,1436.4,1.6,0,0,4.3,Low
P-03991,110,PVC,1997,29,1802.4,65.3,Loam,992.1,2,3,1045.6,5.9,5,1,69.0,High
P-03992,25,HDPE,2017,9,2143.9,56.8,Sandy,890.4,2,1,945.4,7.9,1,0,27.1,Moderate
P-03993,63,GI,1995,31,255.8,38.0,Sandy,920.0,2,4,1368.9,10.4,7,0,56.7,High
P-03994,90,PVC,2010,16,1574.2,44.0,Loam,1145.8,3,2,1260.5,10.7,1,0,36.3,Moderate
P-03995,25,PVC,2024,2,448.0,25.9,Rocky,1231.4,0,0,765.3,8.1,0,0,4.6,Low
P-03996,25,PVC,2011,15,2202.9,30.6,Clay,801.5,2,0,1415.6,3.8,1,0,16.2,Low
P-03997,110,PVC,2004,22,2274.4,34.2,Sandy,1065.4,3,0,614.9,5.0,3,0,28.5,Moderate
P-03998,25,PVC,2022,4,436.0,52.4,Loam,861.3,1,0,1112.4,4.2,1,0,13.2,Low
P-03999,110,HDPE,2015,11,804.4,31.9,Clay,1197.2,0,0,1045.5,1.0,0,0,9.6,Low
P-04000,25,PVC,2009,17,1685.7,47.4,Loam,1689.9,5,0,1115.8,0.5,2,0,38.3,Moderate
P-04001,90,PVC,1999,27,123.0,48.0,Clay,873.6,3,4,933.8,3.0,14,0,44.3,Moderate
P-04002,160,GI,2001,25,1246.0,27.8,Clay,847.4,3,2,1048.8,6.2,7,0,33.7,Moderate
P-04003,40,PVC,2009,17,2012.7,30.9,Clay,991.5,3,4,680.1,0.7,4,0,26.6,Moderate
P-04004,25,PVC,2019,7,2015.2,67.2,Clay,962.7,0,2,1255.4,7.1,0,1,27.8,Moderate
P-04005,90,GI,2008,18,2141.3,29.7,Clay,885.2,2,4,997.3,5.0,3,0,30.3,Moderate
P-04006,75,Ductile Iron,2021,5,2246.4,34.7,Clay,1382.1,1,0,513.9,3.7,1,0,8.0,Low
P-04007,50,PVC,2014,12,2075.2,45.0,Loam,1455.8,0,2,1456.9,0.2,3,1,16.2,Low
P-04008,40,PVC,2004,22,607.2,41.0,Clay,1473.7,5,1,844.7,6.4,2,0,47.3,Moderate
P-04009,25,PVC,2012,14,104.8,20.2,Loam,1341.6,4,3,766.3,0.3,2,0,19.1,Low
P-04010,160,GI,2008,18,1661.6,26.4,Black Cotton,1033.4,2,1,1800.0,4.0,3,0,26.8,Moderate
P-04011,50,PVC,2022,4,1078.8,31.0,Loam,1212.3,0,1,1317.1,6.2,0,0,7.0,Low
P-04012,75,GI,2003,23,433.8,35.6,Loam,1276.1,8,2,1198.6,0.3,2,0,63.6,High
P-04013,110,GI,2012,14,1867.0,36.6,Sandy,1190.4,5,0,1254.0,2.9,4,0,27.6,Moderate
P-04014,75,PVC,2016,10,1510.7,32.2,Loam,1766.7,0,2,983.3,10.5,2,0,11.7,Low
P-04015,75,GI,2019,7,1119.1,33.4,Clay,1412.6,1,3,922.7,15.6,0,1,18.2,Low
P-04016,75,PVC,2000,26,61.3,31.0,Clay,1395.9,3,1,1476.1,18.2,1,1,43.0,Moderate
P-04017,40,HDPE,2000,26,574.0,51.6,Black Cotton,1751.8,3,3,899.0,10.9,6,1,65.5,High
P-04018,160,GI,1998,28,319.3,32.6,Loam,1123.0,1,1,1040.7,5.1,4,0,35.2,Moderate
P-04019,110,Ductile Iron,2007,19,1695.3,44.1,Black Cotton,903.6,3,1,916.0,0.9,3,0,40.6,Moderate
P-04020,40,PVC,2020,6,777.2,23.8,Loam,1176.1,1,0,1386.4,3.0,2,0,5.7,Low
P-04021,110,PVC,2014,12,676.5,45.2,Sandy,1051.1,1,1,979.3,5.9,3,0,18.3,Low
P-04022,32,HDPE,2018,8,1974.5,29.7,Sandy,981.6,1,0,1281.2,2.5,2,1,7.8,Low
P-04023,160,PVC,2020,6,1301.7,8.0,Loam,1102.6,0,1,882.0,4.6,0,0,3.7,Low
P-04024,160,Ductile Iron,2024,2,1071.5,45.3,Clay,1654.6,0,0,1155.6,0.8,1,0,7.5,Low
P-04025,40,HDPE,2001,25,2156.1,45.2,Rocky,1326.9,3,3,1212.2,1.5,2,0,52.3,High
P-04026,110,Ductile Iron,2015,11,1006.8,43.1,Clay,1350.3,1,1,1053.3,1.7,3,0,15.3,Low
P-04027,40,Ductile Iron,2015,11,2201.0,41.5,Sandy,1274.9,2,3,947.2,3.5,4,0,20.4,Low
P-04028,40,HDPE,2009,17,1070.0,32.6,Loam,1500.9,3,1,885.2,19.3,5,0,24.5,Low
P-04029,50,PVC,2013,13,987.2,38.5,Sandy,1521.7,2,2,1291.0,3.4,2,1,21.0,Low
P-04030,75,PVC,2011,15,655.4,14.7,Clay,1764.0,2,0,1127.7,2.6,4,0,8.3,Low
P-04031,75,PVC,2005,21,711.5,8.0,Clay,1510.3,2,5,1359.2,3.9,2,0,19.8,Low
P-04032,110,PVC,2023,3,1563.7,43.5,Clay,1214.6,1,0,1197.7,2.7,2,0,8.7,Low
P-04033,160,GI,2002,24,2157.7,44.2,Loam,1534.5,3,3,607.4,4.2,5,0,51.0,High
P-04034,50,Ductile Iron,2011,15,2471.2,21.3,Clay,911.0,1,2,1053.1,5.8,1,0,13.4,Low
P-04035,32,HDPE,2000,26,1282.1,24.3,Sandy,1056.5,3,5,778.9,7.9,7,1,37.5,Moderate
P-04036,40,HDPE,2013,13,640.4,19.8,Clay,1008.0,0,0,862.2,1.1,0,0,7.5,Low
P-04037,40,PVC,2017,9,866.7,27.4,Rocky,940.6,1,1,882.4,0.7,0,0,9.6,Low
P-04038,75,GI,2017,9,636.6,12.9,Black Cotton,862.9,1,0,1244.7,3.0,4,0,7.3,Low
P-04039,110,PVC,2004,22,2250.1,9.4,Loam,890.8,2,1,1711.2,5.6,4,0,13.2,Low
P-04040,90,PVC,2007,19,1420.2,22.9,Sandy,1583.6,1,1,1145.8,10.7,3,0,15.7,Low
P-04041,32,HDPE,2016,10,206.7,43.7,Loam,901.3,0,4,700.8,4.4,3,0,18.0,Low
P-04042,25,Ductile Iron,2021,5,2191.9,46.0,Loam,1087.7,1,0,1100.4,2.0,1,0,11.2,Low
P-04043,63,HDPE,1997,29,1122.1,44.5,Clay,1022.0,1,3,1224.5,2.2,1,1,51.9,High
P-04044,75,GI,2002,24,1328.6,30.2,Clay,1172.3,3,2,828.6,2.0,2,0,39.4,Moderate
P-04045,63,HDPE,2012,14,2113.5,64.0,Black Cotton,1595.1,0,2,625.3,7.6,1,1,43.9,Moderate
P-04046,63,GI,2022,4,1170.3,51.1,Clay,1293.1,2,0,1084.7,1.5,1,0,17.0,Low
P-04047,110,PVC,2018,8,2385.1,45.2,Black Cotton,951.5,1,0,1108.3,8.2,1,1,19.4,Low
P-04048,75,PVC,2001,25,397.3,17.9,Clay,1718.4,4,1,851.3,4.4,4,0,26.4,Moderate
P-04049,63,GI,2003,23,1108.1,24.6,Loam,1670.6,1,3,813.3,5.7,5,0,25.7,Moderate
P-04050,160,GI,2018,8,97.5,58.3,Loam,846.3,1,1,1401.7,1.2,0,0,26.3,Moderate
P-04051,110,Ductile Iron,2009,17,872.6,46.6,Clay,847.6,3,0,1049.3,3.7,3,1,29.3,Moderate
P-04052,40,GI,2013,13,1612.0,28.3,Rocky,1579.6,0,0,981.1,4.2,4,0,9.9,Low
P-04053,40,HDPE,2003,23,2330.0,12.3,Loam,1600.8,4,5,500.0,0.4,6,0,26.3,Moderate
P-04054,32,Ductile Iron,1995,31,1481.0,44.2,Clay,800.9,2,2,1014.0,3.4,6,1,49.6,Moderate
P-04055,63,GI,2018,8,131.2,35.8,Loam,1416.1,1,1,871.5,5.2,3,0,12.6,Low
P-04056,50,Ductile Iron,1997,29,1223.1,20.0,Loam,1220.7,4,2,928.7,6.0,6,1,35.1,Moderate
P-04057,110,PVC,2005,21,1175.7,38.4,Clay,1521.6,2,1,1296.9,5.7,9,0,22.4,Low
P-04058,75,PVC,2020,6,186.6,34.0,Rocky,1068.6,2,0,1206.5,9.5,4,0,9.1,Low
P-04059,50,PVC,2003,23,783.8,25.4,Clay,1758.0,4,2,1051.3,0.4,4,0,30.2,Moderate
P-04060,110,HDPE,2006,20,623.4,34.6,Sandy,1249.3,1,1,1384.3,8.0,2,0,23.5,Low
P-04061,160,GI,1996,30,687.3,18.2,Loam,1010.7,1,1,1425.0,0.5,5,0,25.0,Low
P-04062,25,HDPE,2020,6,1893.4,29.2,Clay,976.7,2,1,923.0,3.6,3,0,8.6,Low
P-04063,63,HDPE,2024,2,693.4,30.2,Loam,1455.7,0,0,1205.4,8.8,1,0,5.1,Low
P-04064,110,PVC,2012,14,2410.9,24.1,Sandy,1766.4,1,6,983.4,4.6,1,0,20.8,Low
P-04065,63,PVC,2008,18,885.5,19.4,Loam,1318.9,0,2,650.8,2.7,4,0,10.8,Low
P-04066,25,PVC,2008,18,1588.1,19.3,Loam,921.7,3,1,1202.1,3.5,2,0,17.2,Low
P-04067,50,PVC,2023,3,612.4,70.3,Clay,974.0,1,0,990.2,3.6,0,0,21.8,Low
P-04068,75,GI,2021,5,69.1,26.0,Black Cotton,1105.1,0,0,1481.9,2.1,0,0,8.8,Low
P-04069,110,PVC,2002,24,2204.8,25.2,Loam,1394.0,0,1,827.1,1.2,5,0,15.8,Low
P-04070,75,HDPE,1996,30,1693.6,50.6,Rocky,1176.2,2,3,984.3,1.9,3,1,60.4,High
P-04071,90,PVC,2001,25,896.0,29.3,Black Cotton,1543.1,4,6,1078.1,0.4,7,1,53.4,High
P-04072,110,Ductile Iron,2021,5,2425.5,40.3,Sandy,1753.7,1,1,1204.5,5.4,1,0,11.1,Low
P-04073,90,PVC,2003,23,1195.0,43.9,Rocky,922.7,3,2,1530.0,2.8,5,1,40.2,Moderate
P-04074,63,GI,2000,26,137.9,20.0,Loam,1541.7,0,3,1224.6,0.5,6,0,21.2,Low
P-04075,160,GI,2006,20,1303.1,25.0,Sandy,1226.8,7,1,1422.2,4.9,2,0,43.0,Moderate
P-04076,75,PVC,2015,11,898.7,39.7,Rocky,1146.5,1,1,1149.7,2.0,2,0,14.6,Low
P-04077,110,Ductile Iron,2007,19,1379.4,51.4,Loam,1205.7,0,2,1137.5,3.7,4,0,28.9,Moderate
P-04078,75,PVC,2022,4,723.9,22.5,Rocky,1032.2,0,0,1358.8,2.5,1,0,4.2,Low
P-04079,63,GI,1998,28,1479.1,30.1,Sandy,1124.3,4,1,684.1,6.2,3,1,47.9,Moderate
P-04080,50,Ductile Iron,2005,21,437.6,54.5,Loam,898.1,1,4,874.3,16.1,4,1,49.6,Moderate
P-04081,110,PVC,2020,6,2477.7,34.0,Sandy,1637.0,2,1,1017.0,8.6,0,0,12.6,Low
P-04082,40,PVC,2017,9,726.8,23.3,Clay,1388.4,0,1,1027.5,13.3,1,0,8.0,Low
P-04083,110,PVC,2015,11,1974.5,51.3,Loam,1708.0,1,1,873.0,6.2,2,0,21.5,Low
P-04084,40,PVC,2016,10,2155.5,51.1,Rocky,977.3,2,3,1295.9,10.7,2,0,29.5,Moderate
P-04085,32,PVC,2017,9,1021.6,47.6,Black Cotton,1480.4,0,1,1026.2,3.5,0,0,21.0,Low
P-04086,25,HDPE,1995,31,1111.4,43.7,Clay,1243.2,3,3,1403.9,4.2,10,0,51.2,High
P-04087,63,PVC,2006,20,1156.3,28.6,Rocky,1008.2,2,0,1000.8,1.2,3,0,18.2,Low
P-04088,63,HDPE,2011,15,1058.3,26.8,Clay,1100.7,3,4,908.2,3.8,3,0,23.2,Low
P-04089,160,GI,2009,17,2258.4,31.6,Loam,854.2,2,3,1211.9,0.5,5,0,23.8,Low
P-04090,40,PVC,2022,4,208.4,42.2,Sandy,1117.3,1,1,1250.3,9.6,1,0,11.6,Low
P-04091,25,PVC,1999,27,2430.9,32.6,Sandy,1514.1,8,3,780.1,18.8,1,1,73.4,High
P-04092,40,PVC,2024,2,327.5,43.2,Loam,1248.3,0,0,1085.7,2.8,0,0,7.6,Low
P-04093,63,PVC,2021,5,1345.3,48.2,Loam,1788.0,0,1,1205.6,5.2,4,0,10.3,Low
P-04094,25,Ductile Iron,1999,27,1234.8,60.8,Clay,1184.4,4,0,1247.9,5.8,2,0,65.4,High
P-04095,90,PVC,2003,23,1548.3,40.6,Sandy,1360.9,4,2,933.9,3.0,4,0,43.3,Moderate
P-04096,40,PVC,2012,14,1574.4,51.8,Sandy,1518.5,5,0,1114.6,8.7,1,1,40.9,Moderate
P-04097,63,HDPE,2022,4,794.3,39.0,Loam,1541.8,0,1,1549.7,6.9,0,0,9.1,Low
P-04098,63,HDPE,2004,22,1788.9,34.4,Loam,1212.1,3,3,1016.9,2.4,4,0,34.9,Moderate
P-04099,63,GI,2008,18,2390.6,26.6,Sandy,1362.0,1,2,840.9,1.0,1,0,21.0,Low
P-04100,75,PVC,2024,2,1553.8,22.9,Black Cotton,1675.3,0,0,859.8,3.5,0,0,5.5,Low
P-04101,50,HDPE,1996,30,2281.6,19.2,Sandy,1031.6,3,3,1317.3,4.2,3,0,38.6,Moderate
P-04102,50,HDPE,2008,18,2274.1,29.9,Sandy,1583.0,5,0,960.0,2.2,4,1,24.8,Low
P-04103,25,Ductile Iron,2013,13,1335.7,20.4,Clay,821.9,2,0,1462.1,6.1,3,0,9.6,Low
P-04104,63,HDPE,2005,21,1479.0,45.5,Clay,880.6,4,2,1157.2,5.4,6,1,41.8,Moderate
P-04105,32,HDPE,2001,25,1818.5,35.8,Rocky,900.8,8,2,1499.5,13.5,7,1,60.1,High
P-04106,90,GI,2007,19,722.6,42.4,Loam,1310.4,2,0,1348.6,4.2,1,0,32.5,Moderate
P-04107,110,Ductile Iron,2024,2,60.1,44.7,Clay,860.3,1,0,1177.9,3.2,0,0,9.5,Low
P-04108,63,GI,1996,30,1022.2,43.0,Rocky,984.6,4,2,953.3,2.7,4,0,63.1,High
P-04109,32,PVC,2018,8,224.0,36.3,Sandy,1356.3,0,4,1143.5,2.6,2,1,13.1,Low
P-04110,50,PVC,1999,27,310.5,50.4,Clay,1161.2,4,3,702.6,3.5,2,1,65.3,High
P-04111,110,PVC,2012,14,1017.3,37.5,Clay,1560.4,2,0,890.9,3.7,4,0,15.9,Low
P-04112,90,PVC,2007,19,78.9,44.5,Sandy,1665.5,3,1,784.7,3.5,3,1,33.7,Moderate
P-04113,32,HDPE,2007,19,817.4,10.0,Black Cotton,1468.1,1,0,1105.7,10.9,4,0,12.2,Low
P-04114,25,GI,2001,25,50.9,52.3,Sandy,1581.1,3,0,1023.4,7.2,3,1,54.3,High
P-04115,40,PVC,2000,26,967.7,37.9,Rocky,1186.3,1,5,790.4,0.6,8,1,36.2,Moderate
P-04116,90,GI,2023,3,1440.2,27.0,Loam,995.6,0,0,1161.5,4.3,1,0,5.6,Low
P-04117,90,GI,1995,31,260.4,31.9,Clay,1023.4,3,3,1151.3,0.8,4,1,53.6,High
P-04118,50,GI,2000,26,2330.6,47.8,Loam,1650.0,3,2,1098.6,11.4,5,0,57.3,High
P-04119,50,Ductile Iron,2023,3,981.2,40.2,Sandy,979.4,0,1,1167.6,0.9,0,0,8.1,Low
P-04120,160,HDPE,2012,14,946.9,31.0,Clay,1157.1,3,2,970.5,0.3,1,0,21.1,Low
P-04121,40,PVC,2015,11,2130.7,39.6,Clay,1442.8,2,1,1186.2,2.2,2,0,17.0,Low
P-04122,90,Ductile Iron,2008,18,1247.8,29.1,Rocky,973.0,1,4,645.2,3.1,5,0,20.0,Low
P-04123,90,GI,2018,8,2093.4,39.7,Clay,1410.7,2,0,1323.7,1.2,4,1,13.3,Low
P-04124,50,PVC,2013,13,114.8,36.2,Sandy,1219.2,0,1,1191.0,3.0,2,0,13.0,Low
P-04125,160,GI,2004,22,1711.7,56.9,Black Cotton,1292.3,1,1,1116.0,3.7,3,1,54.4,High
P-04126,32,PVC,2014,12,2352.4,52.5,Sandy,1627.1,2,1,842.2,2.8,2,1,25.9,Moderate
P-04127,50,HDPE,1998,28,1178.1,39.6,Rocky,970.6,4,5,1044.4,6.6,2,1,65.4,High
P-04128,40,PVC,2005,21,360.6,36.9,Sandy,1438.4,4,3,940.2,0.5,11,0,29.4,Moderate
P-04129,40,GI,2003,23,887.3,31.9,Clay,1409.7,3,3,1697.6,0.7,7,1,34.6,Moderate
P-04130,50,GI,2009,17,2480.1,52.8,Sandy,1132.3,1,0,835.0,6.7,2,0,32.8,Moderate
P-04131,63,PVC,2011,15,1266.6,30.2,Sandy,1375.3,2,5,792.3,2.9,0,0,27.6,Moderate
P-04132,25,PVC,1998,28,1361.0,57.8,Loam,1556.9,4,0,740.2,3.5,8,0,55.4,High
P-04133,40,PVC,2019,7,2468.0,48.5,Loam,1275.3,1,2,1021.4,4.3,3,0,16.1,Low
P-04134,160,HDPE,2014,12,1047.7,58.6,Clay,1237.7,2,2,1036.7,9.9,1,0,36.8,Moderate
P-04135,25,Ductile Iron,1998,28,53.7,41.2,Clay,1676.3,5,3,1313.1,3.7,5,1,59.6,High
P-04136,160,PVC,2002,24,1069.3,42.6,Sandy,1018.8,4,2,688.5,8.1,1,0,53.3,High
P-04137,50,PVC,2008,18,2280.7,44.7,Sandy,922.6,0,2,788.1,2.6,1,1,26.0,Moderate
P-04138,75,Ductile Iron,2005,21,1372.3,41.1,Loam,921.1,1,1,1326.8,7.5,2,0,29.3,Moderate
P-04139,40,Ductile Iron,2007,19,397.4,34.5,Loam,1074.9,4,0,500.0,1.9,3,0,26.9,Moderate
P-04140,160,PVC,1999,27,1621.8,33.6,Sandy,1507.2,4,3,1254.1,1.0,3,0,48.6,Moderate
P-04141,50,HDPE,2019,7,495.3,21.6,Clay,1456.4,1,0,1253.1,4.8,2,0,5.8,Low
P-04142,75,PVC,1995,31,2010.0,45.6,Clay,1249.0,3,5,1122.2,1.4,10,0,58.3,High
P-04143,25,PVC,2010,16,611.2,29.6,Sandy,1172.4,2,0,1156.4,5.8,3,0,15.5,Low
P-04144,90,PVC,2015,11,2466.7,41.2,Clay,1102.7,3,0,1120.5,6.3,0,0,21.4,Low
P-04145,63,Ductile Iron,1999,27,1961.6,27.9,Rocky,1691.7,2,2,1341.2,5.9,4,1,32.5,Moderate
P-04146,40,HDPE,1997,29,1060.7,41.3,Loam,802.2,6,2,893.1,4.3,5,1,62.8,High
P-04147,50,Ductile Iron,2000,26,382.9,17.3,Rocky,1178.7,5,4,735.9,10.6,6,1,39.6,Moderate
P-04148,25,PVC,2002,24,613.3,21.3,Clay,1624.7,4,0,1219.8,3.0,4,0,24.4,Low
P-04149,25,GI,2023,3,1060.1,34.4,Loam,1380.0,0,0,1396.8,5.8,0,0,7.7,Low
P-04150,90,PVC,2017,9,1040.2,57.2,Loam,1737.9,1,1,1117.9,0.5,0,0,23.0,Low
P-04151,90,PVC,2000,26,1470.4,33.1,Sandy,1086.0,6,2,1095.5,0.2,5,1,48.8,Moderate
P-04152,75,GI,2012,14,656.8,41.6,Clay,1344.5,3,0,958.1,3.2,3,0,25.3,Moderate
P-04153,40,Ductile Iron,1997,29,1834.6,47.6,Sandy,1255.2,1,4,1047.6,4.6,7,0,49.8,Moderate
P-04154,32,GI,2000,26,361.1,34.5,Clay,1655.5,3,1,1236.1,4.0,4,1,41.3,Moderate
P-04155,160,PVC,2007,19,1026.8,46.7,Loam,1650.2,3,2,1364.1,10.5,2,0,42.5,Moderate
P-04156,110,GI,2002,24,1800.4,15.1,Rocky,1161.4,2,2,841.8,9.2,2,0,26.2,Moderate
P-04157,110,PVC,1998,28,2094.1,41.1,Clay,1306.0,4,0,1005.1,2.6,4,0,46.5,Moderate
P-04158,40,Ductile Iron,2008,18,1299.3,20.0,Black Cotton,1677.4,2,2,1266.5,0.2,5,1,18.6,Low
P-04159,160,HDPE,2003,23,488.7,32.5,Clay,1156.7,4,1,1004.5,9.8,4,0,35.9,Moderate
P-04160,32,PVC,2014,12,571.7,22.7,Clay,1248.1,2,1,972.0,1.3,2,0,10.8,Low
P-04161,32,Ductile Iron,2016,10,1492.7,26.7,Loam,1721.0,0,2,969.5,3.6,1,0,9.4,Low
P-04162,160,HDPE,2016,10,1520.2,22.2,Clay,1672.4,1,0,956.7,3.3,2,0,7.2,Low
P-04163,75,PVC,2007,19,1022.6,51.9,Loam,1013.7,3,1,1242.4,0.8,8,0,31.9,Moderate
P-04164,90,PVC,2017,9,1038.2,14.6,Rocky,1074.2,1,1,872.7,5.9,2,1,6.1,Low
P-04165,25,GI,2024,2,1038.8,34.7,Clay,1638.8,1,0,891.1,9.9,0,0,9.1,Low
P-04166,32,HDPE,2006,20,1420.4,51.4,Clay,1377.3,4,4,836.9,2.8,5,1,52.0,High
P-04167,63,PVC,2000,26,99.4,49.8,Sandy,1482.3,2,3,1181.0,2.5,3,0,52.5,High
P-04168,32,GI,1997,29,392.7,28.0,Rocky,1625.9,1,3,918.7,2.9,5,0,37.0,Moderate
P-04169,75,Ductile Iron,1999,27,360.9,40.6,Loam,1318.2,4,2,1328.1,2.8,6,0,47.7,Moderate
P-04170,110,PVC,2024,2,1480.3,22.4,Rocky,1155.7,0,0,1192.2,1.0,0,0,3.7,Low
P-04171,63,PVC,2023,3,1610.1,16.2,Sandy,959.1,0,0,1002.2,5.8,0,0,3.5,Low
P-04172,160,GI,2009,17,1212.4,35.3,Sandy,1466.6,0,2,1161.5,5.8,1,0,23.1,Low
P-04173,25,PVC,1997,29,362.9,48.6,Sandy,1305.6,6,1,500.0,5.3,5,0,66.1,High
P-04174,63,Ductile Iron,1996,30,1496.6,36.1,Clay,1286.2,2,3,1314.7,5.4,9,0,40.2,Moderate
P-04175,32,Ductile Iron,2005,21,1255.9,36.4,Sandy,1161.9,10,2,853.9,0.2,4,0,61.6,High
P-04176,32,GI,2023,3,1828.1,37.5,Clay,1171.8,0,2,1409.1,8.9,0,0,11.2,Low
P-04177,63,PVC,2004,22,2058.2,21.8,Loam,1268.4,4,2,1013.6,5.6,5,1,26.4,Moderate
P-04178,160,HDPE,2024,2,1749.1,39.9,Rocky,1353.1,0,0,813.5,4.0,0,0,7.0,Low
P-04179,90,GI,2012,14,2445.8,43.3,Clay,1365.4,1,1,1087.3,7.1,3,1,23.2,Low
P-04180,25,HDPE,2013,13,759.6,45.7,Sandy,1708.5,2,2,1296.3,2.5,2,0,25.2,Moderate
P-04181,90,PVC,2001,25,893.8,37.3,Loam,1450.3,1,4,1355.1,10.0,5,0,38.5,Moderate
P-04182,160,Ductile Iron,2010,16,2179.1,58.7,Loam,1675.8,1,0,1069.6,5.8,5,1,27.3,Moderate
P-04183,90,HDPE,1998,28,2206.4,35.8,Clay,1445.9,1,2,1310.0,3.7,4,0,35.7,Moderate
P-04184,90,Ductile Iron,2013,13,151.3,29.8,Sandy,1108.9,2,2,1580.0,6.1,5,0,14.5,Low
P-04185,63,HDPE,2024,2,601.8,24.4,Clay,806.7,1,0,1354.1,0.8,0,0,4.7,Low
P-04186,25,GI,2013,13,302.9,33.0,Black Cotton,1632.0,1,1,1145.6,2.0,1,0,22.4,Low
P-04187,160,GI,2021,5,501.2,34.5,Sandy,1581.1,1,0,903.5,2.2,1,0,9.4,Low
P-04188,25,PVC,2016,10,169.1,24.4,Loam,1123.2,1,3,1254.6,11.3,2,0,12.1,Low
P-04189,40,PVC,2010,16,747.4,32.2,Clay,1307.9,2,4,1432.8,1.2,2,1,25.0,Low
P-04190,160,PVC,2006,20,234.3,39.7,Black Cotton,891.1,1,1,1025.2,3.5,5,0,29.0,Moderate
P-04191,63,GI,2007,19,645.5,53.3,Sandy,979.3,1,0,1497.1,9.3,7,0,30.8,Moderate
P-04192,63,PVC,2020,6,1605.9,31.5,Sandy,953.9,0,0,1151.8,3.4,1,0,6.6,Low
P-04193,40,HDPE,2014,12,2062.4,16.1,Loam,1464.9,2,0,1191.3,6.2,1,0,8.8,Low
P-04194,50,GI,2005,21,2497.9,52.8,Loam,1197.0,1,0,1480.4,3.8,4,1,35.9,Moderate
P-04195,75,PVC,2013,13,657.8,56.7,Clay,1010.1,2,0,1556.5,6.1,3,1,27.5,Moderate
P-04196,32,PVC,2013,13,2417.5,20.9,Clay,1340.4,1,4,1029.8,6.2,3,0,13.2,Low
P-04197,75,HDPE,2011,15,2027.8,41.5,Clay,1116.9,2,2,1416.9,6.6,1,0,27.6,Moderate
P-04198,50,Ductile Iron,2010,16,411.8,36.6,Sandy,941.1,1,1,769.7,0.6,3,0,17.1,Low
P-04199,160,PVC,2017,9,2133.0,25.9,Sandy,1542.7,1,0,839.4,4.2,1,0,8.0,Low
P-04200,110,PVC,2000,26,1585.3,44.9,Black Cotton,941.0,2,0,1273.2,2.4,7,0,41.3,Moderate
P-04201,90,PVC,2014,12,1516.7,29.4,Clay,958.2,0,0,778.1,9.2,3,0,9.0,Low
P-04202,50,Ductile Iron,2012,14,1157.4,58.7,Rocky,831.8,4,2,583.6,3.0,0,0,48.2,Moderate
P-04203,32,HDPE,2018,8,1357.6,31.9,Sandy,1326.3,0,1,1088.0,1.7,2,0,8.0,Low
P-04204,25,GI,2006,20,1373.1,37.1,Clay,1366.0,1,3,1137.8,13.7,6,0,31.3,Moderate
P-04205,75,HDPE,2020,6,1315.3,16.5,Loam,1782.6,0,1,1166.7,1.1,2,0,4.1,Low
P-04206,75,Ductile Iron,1995,31,2128.5,19.3,Rocky,1582.3,3,2,743.4,1.6,7,1,31.1,Moderate
P-04207,75,HDPE,2011,15,639.8,32.4,Loam,1250.3,1,3,1348.2,3.3,2,0,19.1,Low
P-04208,50,PVC,2004,22,2022.5,21.5,Clay,1749.1,4,0,811.7,4.6,3,0,23.3,Low
P-04209,110,PVC,1995,31,1478.3,35.4,Clay,922.3,2,1,1040.6,6.1,4,1,42.7,Moderate
P-04210,63,HDPE,2019,7,2091.2,35.7,Rocky,1132.0,1,2,748.3,9.8,2,0,12.4,Low
P-04211,90,PVC,2006,20,639.1,52.5,Black Cotton,1263.4,0,1,949.3,0.9,4,1,35.2,Moderate
P-04212,160,GI,1997,29,2426.6,35.2,Black Cotton,1336.9,3,6,869.3,1.3,3,1,71.4,High
P-04213,50,GI,2018,8,1747.8,33.8,Loam,1000.8,0,0,818.6,4.2,2,1,9.3,Low
P-04214,32,PVC,2008,18,1378.2,47.4,Black Cotton,1750.9,2,0,894.3,4.7,3,0,35.7,Moderate
P-04215,25,Ductile Iron,2022,4,2302.5,24.3,Loam,1534.9,1,0,500.0,1.8,1,0,5.2,Low
P-04216,75,GI,2016,10,125.3,31.2,Black Cotton,1184.3,0,1,1081.8,1.8,0,0,16.1,Low
P-04217,90,Ductile Iron,2017,9,929.1,53.2,Loam,929.0,4,0,801.8,3.9,1,0,28.0,Moderate
P-04218,32,HDPE,2024,2,1802.2,42.8,Clay,1121.5,2,0,1004.8,1.0,0,0,10.2,Low
P-04219,63,GI,1995,31,1309.2,29.4,Sandy,968.0,1,4,1091.6,1.7,4,1,46.0,Moderate
P-04220,25,GI,2012,14,1630.4,44.1,Clay,974.4,2,1,1030.3,0.5,2,0,26.3,Moderate
P-04221,50,HDPE,2003,23,2129.5,25.0,Black Cotton,1369.7,6,1,1368.2,11.4,1,1,51.8,High
P-04222,90,PVC,2017,9,118.1,24.6,Clay,1466.8,1,1,955.1,4.0,3,0,7.8,Low
P-04223,40,PVC,2024,2,1261.2,31.3,Clay,1658.1,0,0,729.6,1.2,0,0,5.0,Low
P-04224,90,PVC,2000,26,617.4,30.6,Black Cotton,1244.6,4,0,899.5,2.5,7,0,38.0,Moderate
P-04225,50,HDPE,2024,2,1827.7,40.7,Rocky,1368.8,0,0,802.9,3.5,0,0,7.1,Low
P-04226,50,PVC,2019,7,105.8,33.3,Clay,982.8,0,0,1124.7,3.0,1,0,7.4,Low
P-04227,110,HDPE,2015,11,1327.0,49.8,Black Cotton,818.0,2,0,945.1,8.5,1,1,29.8,Moderate
P-04228,25,HDPE,2023,3,2226.7,44.7,Loam,1783.4,1,0,1310.4,5.0,2,0,9.3,Low
P-04229,25,PVC,2008,18,1417.2,47.9,Clay,867.6,3,4,978.4,0.5,3,1,42.9,Moderate
P-04230,40,PVC,2005,21,773.0,34.7,Loam,1182.3,4,1,1230.4,2.7,4,0,31.9,Moderate
P-04231,63,Ductile Iron,2001,25,1528.7,43.5,Clay,960.3,4,6,905.3,0.2,5,1,59.9,High
P-04232,32,PVC,2012,14,696.1,34.8,Loam,1574.4,2,4,1007.9,5.2,1,1,26.3,Moderate
P-04233,25,GI,2022,4,900.1,46.2,Loam,1746.9,1,0,850.8,2.9,2,0,12.1,Low
P-04234,40,GI,2023,3,147.2,23.1,Clay,883.3,0,0,1182.9,4.3,1,0,4.9,Low
P-04235,50,PVC,2009,17,2061.1,37.0,Clay,815.5,2,2,971.9,2.5,1,1,26.3,Moderate
P-04236,63,PVC,2004,22,1557.8,43.0,Rocky,1308.5,2,0,1355.7,4.0,4,1,29.6,Moderate
P-04237,75,GI,2007,19,1482.8,31.6,Sandy,909.5,2,2,1017.5,6.3,4,0,27.0,Moderate
P-04238,110,PVC,1998,28,1987.8,58.7,Black Cotton,1019.2,3,0,1565.6,1.7,6,1,62.5,High
P-04239,25,Ductile Iron,2005,21,1862.3,26.2,Loam,1701.3,1,5,993.3,7.8,5,0,25.7,Moderate
P-04240,32,PVC,2003,23,413.3,21.1,Loam,1730.9,0,6,1556.2,3.7,7,1,21.1,Low
P-04241,32,PVC,2004,22,1520.0,34.6,Loam,1799.6,4,1,1343.8,1.8,4,0,33.1,Moderate
P-04242,63,GI,2012,14,835.8,28.3,Sandy,1006.4,0,1,931.9,18.5,3,0,15.0,Low
P-04243,75,PVC,1995,31,364.0,42.7,Loam,1362.0,5,8,912.8,12.0,5,1,80.8,Very High
P-04244,160,GI,2001,25,256.7,23.6,Loam,1405.2,2,3,1368.8,11.8,4,1,35.2,Moderate
P-04245,75,PVC,2004,22,907.0,26.6,Loam,1365.0,2,0,891.2,3.6,4,0,19.1,Low
P-04246,110,GI,2005,21,174.0,39.6,Loam,1507.5,2,2,632.5,2.8,3,0,36.5,Moderate
P-04247,110,GI,2017,9,1657.3,31.0,Clay,837.8,0,0,1184.7,1.6,1,0,9.3,Low
P-04248,75,Ductile Iron,2003,23,1347.6,53.2,Clay,1714.7,4,1,975.2,6.3,8,0,46.3,Moderate
P-04249,50,PVC,2021,5,2114.7,34.7,Loam,1530.0,0,0,1097.5,9.8,3,0,6.6,Low
P-04250,25,PVC,2017,9,1263.2,28.6,Clay,951.4,2,1,833.4,3.3,3,0,10.3,Low
P-04251,90,Ductile Iron,2024,2,1410.3,49.2,Loam,1253.8,0,0,1117.1,1.9,0,0,9.1,Low
P-04252,63,PVC,2016,10,1127.0,29.2,Clay,908.8,0,2,1101.4,5.4,2,0,9.9,Low
P-04253,90,GI,2010,16,138.9,33.6,Clay,1101.3,3,3,823.7,1.0,5,0,27.3,Moderate
P-04254,25,GI,1997,29,1810.5,20.9,Sandy,1185.9,2,1,1464.0,10.1,10,0,25.9,Moderate
P-04255,90,PVC,2022,4,119.3,24.2,Sandy,849.8,1,1,1083.3,1.8,1,0,5.9,Low
P-04256,40,PVC,2006,20,1205.6,50.1,Sandy,1757.5,3,2,905.2,6.4,4,1,42.7,Moderate
P-04257,40,HDPE,2002,24,1762.8,35.7,Sandy,1740.8,5,3,833.9,0.3,6,1,44.7,Moderate
P-04258,50,GI,2006,20,847.3,43.9,Black Cotton,1205.2,1,0,1194.8,8.5,4,1,36.6,Moderate
P-04259,75,PVC,2004,22,2207.1,17.1,Clay,1564.4,4,1,893.0,8.2,4,1,22.8,Low
P-04260,40,PVC,2007,19,1248.4,38.0,Clay,819.1,1,3,1054.9,4.6,4,0,26.0,Moderate
P-04261,50,HDPE,2020,6,885.8,45.5,Rocky,1496.7,2,0,1218.2,3.9,0,0,14.9,Low
P-04262,110,HDPE,2019,7,958.1,19.5,Clay,1723.9,0,1,1041.8,5.7,1,1,5.5,Low
P-04263,40,HDPE,2020,6,1840.9,27.6,Loam,1129.8,0,1,733.5,2.7,2,0,6.1,Low
P-04264,75,PVC,2011,15,2230.9,30.3,Loam,914.1,1,1,1182.3,19.7,2,0,17.8,Low
P-04265,40,PVC,2022,4,683.1,44.8,Loam,1410.9,0,0,1318.7,0.3,2,0,8.0,Low
P-04266,50,PVC,2018,8,932.9,16.4,Clay,1535.4,4,1,1281.5,4.3,6,0,7.8,Low
P-04267,32,Ductile Iron,1998,28,830.0,56.5,Rocky,1727.4,5,2,948.2,4.0,4,1,70.2,High
P-04268,25,PVC,2005,21,2268.4,59.3,Sandy,848.1,3,1,888.7,5.1,2,0,52.0,High
P-04269,40,HDPE,1999,27,2395.6,31.4,Loam,1718.4,2,2,1346.1,3.8,4,0,34.5,Moderate
P-04270,50,PVC,1999,27,507.5,32.7,Clay,1636.4,3,1,898.7,1.3,6,0,33.2,Moderate
P-04271,63,PVC,2012,14,1827.6,16.6,Sandy,1396.4,1,0,626.7,1.4,4,0,6.9,Low
P-04272,50,GI,2007,19,1583.9,25.6,Sandy,842.6,1,4,1191.5,1.2,1,0,26.4,Moderate
P-04273,40,HDPE,2002,24,190.5,21.5,Sandy,886.2,1,1,576.8,2.8,3,0,18.6,Low
P-04274,25,HDPE,1998,28,1178.1,39.1,Sandy,821.9,1,0,1054.2,5.5,6,1,30.4,Moderate
P-04275,40,GI,1996,30,287.9,27.4,Sandy,1475.2,3,4,1583.7,14.3,5,0,54.6,High
P-04276,110,PVC,2020,6,2088.2,54.6,Sandy,1391.5,0,2,1357.3,5.9,1,0,17.5,Low
P-04277,160,PVC,2000,26,1342.8,18.9,Clay,1305.9,3,3,1032.3,6.1,7,1,27.2,Moderate
P-04278,90,GI,1996,30,376.2,48.2,Rocky,1692.1,3,4,991.7,2.6,5,1,67.6,High
P-04279,75,HDPE,2004,22,536.2,31.2,Black Cotton,883.0,1,1,1188.8,14.8,7,1,27.0,Moderate
P-04280,50,PVC,2005,21,601.4,63.9,Sandy,884.6,4,3,1486.5,1.9,4,1,62.5,High
P-04281,32,PVC,2001,25,1727.6,46.2,Sandy,861.1,2,3,941.4,1.4,10,0,36.9,Moderate
P-04282,40,PVC,2013,13,120.9,33.6,Clay,1069.8,1,2,941.5,1.4,3,0,14.6,Low
P-04283,40,PVC,2016,10,1373.4,55.1,Loam,1514.6,0,2,841.0,1.8,0,1,22.6,Low
P-04284,90,Ductile Iron,2023,3,865.5,41.1,Clay,901.7,0,0,894.9,2.6,0,0,7.6,Low
P-04285,32,PVC,2000,26,2370.1,34.6,Sandy,1125.3,3,1,1073.3,1.5,1,1,40.0,Moderate
P-04286,25,PVC,2015,11,1663.9,47.2,Loam,1751.8,1,1,1017.9,7.0,2,0,19.3,Low
P-04287,63,Ductile Iron,2019,7,428.5,32.6,Loam,1658.3,1,0,887.8,4.0,1,0,8.7,Low
P-04288,63,PVC,2022,4,711.3,25.2,Loam,941.5,1,1,1382.2,1.3,1,0,6.0,Low
P-04289,32,GI,2004,22,1597.6,38.4,Loam,1385.3,1,0,1093.4,9.5,7,0,24.9,Low
P-04290,25,Ductile Iron,2013,13,1499.9,17.8,Loam,1752.6,1,2,1226.4,7.1,4,0,9.2,Low
P-04291,50,GI,2008,18,2079.2,30.5,Rocky,1453.5,0,4,1239.1,8.7,4,0,23.6,Low
P-04292,32,PVC,1995,31,1228.5,25.2,Black Cotton,1548.1,6,4,1024.1,2.1,6,0,65.2,High
P-04293,90,PVC,1998,28,2081.0,33.9,Black Cotton,1087.6,2,8,1107.0,6.4,6,1,63.9,High
P-04294,32,HDPE,1998,28,2303.7,37.4,Clay,1507.2,2,3,1023.3,0.9,6,0,40.4,Moderate
P-04295,63,PVC,2019,7,2060.2,34.3,Clay,838.3,2,0,752.4,17.0,3,0,11.5,Low
P-04296,63,PVC,2017,9,1847.5,33.6,Clay,1102.4,1,1,707.5,15.2,2,0,12.7,Low
P-04297,90,HDPE,2021,5,1887.2,53.7,Sandy,1408.7,1,3,1105.3,2.8,4,0,17.2,Low
P-04298,50,PVC,2008,18,1851.4,39.9,Rocky,1329.8,2,1,1013.5,5.5,5,0,23.5,Low
P-04299,32,GI,2008,18,2362.9,38.1,Sandy,1720.5,3,1,1211.8,7.2,0,0,36.8,Moderate
P-04300,40,HDPE,1998,28,2270.2,34.6,Clay,1301.0,1,2,1216.8,2.6,7,0,30.3,Moderate
P-04301,32,GI,1999,27,407.7,32.1,Clay,1531.0,2,3,896.9,2.6,10,0,34.0,Moderate
P-04302,25,PVC,2016,10,2139.8,29.3,Loam,1324.1,1,1,1441.8,3.3,2,0,10.1,Low
P-04303,160,HDPE,1997,29,2026.6,8.0,Clay,806.3,1,2,1064.8,11.6,6,0,18.4,Low
P-04304,40,Ductile Iron,1998,28,1257.1,40.7,Sandy,908.1,1,3,1284.5,4.0,4,0,42.9,Moderate
P-04305,75,HDPE,2001,25,1973.0,36.8,Sandy,1271.9,2,4,1025.1,2.5,1,1,45.5,Moderate
P-04306,50,GI,2017,9,1529.4,8.0,Loam,1533.4,4,3,1463.1,5.9,3,0,11.6,Low
P-04307,160,GI,2010,16,241.3,38.3,Clay,1473.3,4,5,1702.3,1.3,3,0,43.8,Moderate
P-04308,32,PVC,2017,9,1513.0,16.9,Clay,1123.9,1,1,1318.1,0.7,1,0,6.5,Low
P-04309,32,HDPE,2001,25,1526.1,34.0,Loam,1184.5,5,2,801.7,7.9,4,1,47.6,Moderate
P-04310,40,PVC,1997,29,613.4,30.2,Loam,1563.2,6,3,1027.4,1.3,3,0,58.5,High
P-04311,40,Ductile Iron,1998,28,93.6,35.5,Black Cotton,1209.0,3,4,1589.4,3.3,9,1,51.6,High
P-04312,160,Ductile Iron,1998,28,1678.1,31.2,Loam,1749.8,4,4,1035.0,3.6,5,1,49.7,Moderate
P-04313,90,HDPE,2022,4,1670.8,25.5,Clay,1705.9,0,0,910.9,2.0,3,0,4.1,Low
P-04314,110,PVC,2014,12,2264.2,37.5,Loam,850.1,2,2,1061.4,1.3,2,0,18.7,Low
P-04315,25,HDPE,2018,8,182.8,48.9,Loam,1500.9,0,0,943.1,3.4,2,1,12.4,Low
P-04316,110,PVC,1997,29,1142.3,28.4,Clay,1720.0,4,3,889.0,9.2,4,0,49.4,Moderate
P-04317,32,PVC,2004,22,1989.9,33.1,Sandy,1617.6,1,3,895.9,1.8,7,1,22.9,Low
P-04318,63,PVC,2023,3,967.0,20.1,Rocky,1339.2,0,0,1056.4,4.1,0,0,3.9,Low
P-04319,40,GI,2002,24,2166.3,37.4,Loam,1106.3,1,6,1266.9,2.1,3,1,48.0,Moderate
P-04320,75,PVC,2000,26,2247.3,40.0,Loam,1794.5,3,2,779.5,3.3,8,1,38.2,Moderate
P-04321,160,GI,2009,17,999.4,47.5,Loam,1713.0,2,2,903.1,3.0,1,1,38.8,Moderate
P-04322,63,PVC,2007,19,2414.5,37.4,Clay,1380.9,3,0,712.4,7.7,4,0,25.9,Moderate
P-04323,90,GI,2013,13,1395.6,31.3,Black Cotton,1494.1,1,0,750.9,0.9,2,0,18.2,Low
P-04324,110,HDPE,1997,29,2310.9,31.0,Sandy,1069.6,5,4,1027.9,2.1,4,0,56.7,High
P-04325,110,PVC,2007,19,1696.2,54.1,Sandy,1252.8,2,1,863.6,0.9,6,0,32.3,Moderate
P-04326,160,GI,2019,7,875.5,15.7,Sandy,1247.0,1,0,1307.7,1.7,2,0,5.5,Low
P-04327,63,PVC,2022,4,1162.2,21.7,Loam,1213.0,0,1,1013.0,0.2,0,0,4.7,Low
P-04328,160,Ductile Iron,2006,20,244.8,51.4,Loam,1410.6,3,1,853.2,3.7,5,0,38.3,Moderate
P-04329,63,PVC,1998,28,2462.0,29.3,Clay,1630.2,7,4,1044.0,9.3,8,0,59.0,High
P-04330,50,PVC,1998,28,932.5,14.7,Sandy,1404.3,2,5,1233.7,0.9,8,0,26.1,Moderate
P-04331,50,Ductile Iron,2003,23,2258.1,30.6,Sandy,1185.7,5,2,901.7,4.9,7,1,35.7,Moderate
P-04332,110,PVC,1996,30,167.7,41.1,Sandy,1265.6,2,2,1118.7,8.5,4,1,49.9,Moderate
P-04333,25,GI,2021,5,564.8,64.7,Clay,1707.9,1,0,1498.9,7.4,3,0,22.3,Low
P-04334,75,HDPE,2014,12,916.9,26.8,Clay,892.0,2,3,1094.4,18.5,3,1,18.0,Low
P-04335,75,PVC,1996,30,2400.3,20.3,Clay,1736.2,4,3,1468.7,0.3,4,0,40.9,Moderate
P-04336,50,Ductile Iron,2020,6,948.7,29.6,Clay,1050.8,2,1,1127.3,0.7,1,1,9.3,Low
P-04337,40,PVC,1995,31,1378.0,31.5,Rocky,1313.8,2,3,1231.5,2.8,8,1,38.7,Moderate
P-04338,50,PVC,2020,6,119.5,74.3,Sandy,946.2,0,0,720.4,5.3,0,1,25.5,Moderate
P-04339,40,PVC,2021,5,2203.9,27.3,Loam,1375.0,1,0,1100.0,8.0,1,0,6.7,Low
P-04340,32,PVC,1995,31,377.7,21.6,Black Cotton,1343.2,5,2,1297.9,8.1,8,0,50.8,High
P-04341,25,HDPE,2021,5,89.5,36.2,Rocky,1327.3,0,0,622.9,6.6,2,0,7.0,Low
P-04342,25,HDPE,2009,17,790.7,33.7,Loam,877.2,1,3,1040.8,1.9,3,0,21.0,Low
P-04343,63,PVC,2021,5,1796.5,29.3,Black Cotton,1377.9,0,0,701.6,3.8,4,0,6.7,Low
P-04344,160,PVC,1996,30,1149.1,41.6,Rocky,1796.3,2,3,1313.8,4.6,6,1,49.1,Moderate
P-04345,160,Ductile Iron,2008,18,1009.2,18.8,Clay,1080.2,2,3,1408.9,4.3,3,0,17.4,Low
P-04346,160,PVC,2017,9,1551.2,40.4,Loam,1181.2,1,0,1340.0,4.4,2,0,12.1,Low
P-04347,40,HDPE,2000,26,137.9,27.2,Sandy,1764.8,3,0,1023.1,0.9,8,0,22.7,Low
P-04348,50,PVC,2010,16,140.9,25.1,Clay,1081.2,0,2,1127.9,3.0,4,0,11.3,Low
P-04349,110,Ductile Iron,2014,12,331.2,41.0,Loam,934.9,4,2,1221.2,4.4,1,0,29.4,Moderate
P-04350,90,HDPE,2023,3,1870.0,41.0,Loam,1683.0,0,0,1446.4,1.8,0,0,7.5,Low
P-04351,40,PVC,2004,22,1856.2,30.4,Rocky,856.8,3,1,769.2,3.4,5,1,25.6,Moderate
P-04352,32,GI,2005,21,452.9,55.7,Clay,1486.8,4,3,787.6,4.2,3,1,62.7,High
P-04353,50,GI,2010,16,1314.3,41.0,Loam,806.9,1,1,1178.3,3.8,2,0,24.6,Low
P-04354,160,HDPE,2002,24,2061.9,24.6,Sandy,1422.8,5,2,1025.2,6.6,5,0,35.9,Moderate
P-04355,32,GI,2016,10,915.5,23.6,Sandy,1673.9,1,0,1004.7,11.1,3,0,9.5,Low
P-04356,160,PVC,2003,23,717.3,45.6,Rocky,1098.5,2,4,971.0,4.7,4,1,45.8,Moderate
P-04357,32,PVC,2000,26,1018.0,47.2,Loam,1222.2,3,4,799.4,2.8,2,1,59.5,High
P-04358,75,Ductile Iron,2007,19,2000.4,45.3,Loam,1793.0,1,1,743.3,0.8,1,1,28.3,Moderate
P-04359,50,Ductile Iron,2009,17,1728.9,26.9,Clay,963.4,1,2,500.0,10.6,2,1,18.2,Low
P-04360,63,PVC,2022,4,2215.3,35.7,Rocky,881.9,0,1,1112.9,6.3,0,1,8.1,Low
P-04361,40,Ductile Iron,2011,15,964.0,22.2,Loam,1672.3,2,2,941.1,6.2,4,0,13.9,Low
P-04362,63,Ductile Iron,2010,16,244.7,46.4,Loam,1496.5,1,1,1057.5,10.0,3,0,25.1,Moderate
P-04363,160,Ductile Iron,2023,3,153.8,48.9,Sandy,1698.7,1,1,1245.7,5.4,0,0,13.3,Low
P-04364,40,GI,2016,10,405.0,30.8,Black Cotton,1351.8,1,0,910.2,1.9,3,0,14.3,Low
P-04365,63,GI,2014,12,1672.9,37.0,Clay,926.2,0,0,673.3,6.3,2,0,13.8,Low
P-04366,90,PVC,2005,21,2355.0,31.5,Loam,844.6,5,5,1192.0,5.0,2,0,49.6,Moderate
P-04367,40,GI,2009,17,1240.7,48.1,Clay,1505.6,3,2,881.2,2.0,2,0,41.8,Moderate
P-04368,32,PVC,1995,31,916.9,31.3,Loam,1458.1,1,2,1080.0,3.3,2,0,39.9,Moderate
P-04369,110,HDPE,1997,29,603.8,14.1,Loam,1375.0,6,4,886.3,1.2,7,1,41.7,Moderate
P-04370,75,HDPE,1999,27,329.5,11.3,Clay,1704.9,4,4,860.6,3.8,6,1,30.1,Moderate
P-04371,25,PVC,2016,10,1375.2,29.7,Clay,1744.8,2,1,902.0,0.1,1,0,12.2,Low
P-04372,32,PVC,2007,19,2370.0,24.8,Clay,1063.8,2,2,600.0,16.0,5,1,20.6,Low
P-04373,63,PVC,2020,6,833.0,31.2,Rocky,1132.2,1,0,1300.3,3.4,3,0,6.9,Low
P-04374,110,GI,1997,29,888.4,53.6,Sandy,899.2,7,3,1009.8,0.5,8,1,77.4,Very High
P-04375,50,PVC,2023,3,1398.2,23.3,Loam,1758.8,0,0,953.9,0.6,1,0,3.9,Low
P-04376,25,HDPE,2012,14,669.1,21.4,Black Cotton,1622.7,2,2,1437.9,1.6,5,1,15.4,Low
P-04377,40,PVC,2019,7,789.0,40.4,Loam,1017.6,0,1,1406.7,1.8,0,0,10.9,Low
P-04378,90,PVC,2011,15,2035.9,42.8,Loam,1554.2,4,2,947.0,4.7,1,0,35.8,Moderate
P-04379,40,PVC,2009,17,1178.5,50.0,Sandy,1003.0,0,4,893.9,3.1,7,0,26.3,Moderate
P-04380,90,HDPE,2014,12,133.6,33.8,Clay,1474.2,1,1,614.0,0.3,3,0,12.1,Low
P-04381,90,PVC,2015,11,1037.6,17.4,Sandy,1590.8,2,1,795.4,5.2,2,0,9.0,Low
P-04382,90,PVC,2018,8,1117.4,10.2,Loam,1226.6,2,1,757.4,2.9,0,0,6.3,Low
P-04383,32,Ductile Iron,2002,24,1801.1,31.2,Clay,1099.8,3,1,900.0,3.0,6,1,27.8,Moderate
P-04384,32,HDPE,2019,7,2475.6,22.8,Sandy,1104.3,0,0,1202.2,12.0,1,1,6.0,Low
P-04385,75,Ductile Iron,2004,22,188.6,46.7,Loam,1283.6,4,3,1275.5,5.5,1,0,55.4,High
P-04386,32,Ductile Iron,2016,10,143.5,30.8,Loam,1313.7,0,1,1094.5,7.1,1,0,10.0,Low
P-04387,63,GI,2008,18,1169.2,49.3,Sandy,1489.8,3,2,945.4,0.7,7,0,37.0,Moderate
P-04388,50,PVC,2001,25,1038.7,30.5,Loam,1227.5,8,0,1164.8,2.1,5,1,47.8,Moderate
P-04389,110,PVC,2008,18,2471.6,35.6,Loam,1234.0,6,3,1277.7,0.6,4,1,41.0,Moderate
P-04390,160,HDPE,2011,15,167.1,15.3,Clay,1127.4,2,0,1024.0,1.9,2,0,9.4,Low
P-04391,160,GI,2004,22,1435.7,40.3,Sandy,1093.7,4,3,1207.5,15.4,5,0,52.6,High
P-04392,50,PVC,2024,2,2358.0,42.8,Loam,1090.1,0,0,521.4,8.5,0,0,8.1,Low
P-04393,75,PVC,2024,2,1861.6,40.8,Loam,1771.1,0,1,1315.0,3.4,0,0,8.0,Low
P-04394,110,PVC,2011,15,953.0,31.3,Sandy,861.1,5,5,1262.9,1.2,4,1,34.3,Moderate
P-04395,40,HDPE,2018,8,2304.4,28.6,Rocky,1323.0,2,0,1311.6,5.3,1,0,9.8,Low
P-04396,90,HDPE,1996,30,180.6,40.9,Clay,1792.4,5,3,891.7,3.2,7,1,59.9,High
P-04397,40,HDPE,2005,21,489.0,40.7,Loam,1766.9,4,4,1096.4,6.0,2,0,50.2,High
P-04398,40,HDPE,1995,31,2009.6,31.2,Rocky,1136.1,4,4,920.1,1.3,6,1,52.9,High
P-04399,75,PVC,2005,21,668.2,25.3,Rocky,1142.7,2,3,839.3,4.2,11,0,17.0,Low
P-04400,110,GI,2015,11,1966.8,44.2,Sandy,1296.1,2,4,1190.1,7.9,1,1,33.4,Moderate
P-04401,160,Ductile Iron,2012,14,2230.3,42.6,Loam,982.3,1,0,786.6,4.7,4,0,16.1,Low
P-04402,110,PVC,2021,5,391.6,41.8,Sandy,1506.0,1,0,1159.4,4.0,0,0,10.7,Low
P-04403,75,HDPE,2000,26,2161.0,41.7,Rocky,1351.5,2,3,892.6,1.0,8,0,37.7,Moderate
P-04404,75,PVC,2011,15,2492.7,31.6,Sandy,1012.0,2,0,935.9,2.8,3,0,14.9,Low
P-04405,32,PVC,2013,13,1117.8,33.9,Loam,1131.6,2,1,1051.5,8.4,3,1,16.8,Low
P-04406,40,Ductile Iron,2010,16,976.5,24.9,Clay,1354.9,0,0,1019.3,1.1,2,0,9.7,Low
P-04407,63,PVC,2019,7,1825.2,33.2,Sandy,1009.9,1,0,1355.9,11.3,2,0,9.3,Low
P-04408,25,HDPE,2007,19,2029.0,20.5,Loam,1267.4,0,2,1208.5,1.9,6,0,10.6,Low
P-04409,75,GI,2021,5,1229.2,40.0,Clay,1342.5,0,0,1182.9,5.9,0,0,10.6,Low
P-04410,110,PVC,2001,25,1523.2,28.6,Loam,1583.1,3,4,768.7,1.8,6,0,35.5,Moderate
P-04411,75,Ductile Iron,1996,30,1936.7,34.1,Sandy,1199.7,5,1,1045.8,3.4,10,1,43.2,Moderate
P-04412,63,Ductile Iron,1998,28,1934.2,46.4,Loam,1036.4,5,2,1034.7,8.6,7,0,59.7,High
P-04413,32,HDPE,2018,8,1829.7,31.8,Loam,1190.5,0,0,1105.5,0.6,0,0,7.7,Low
P-04414,110,PVC,1999,27,303.0,39.2,Rocky,1565.1,6,5,1423.5,1.8,12,0,55.9,High
P-04415,75,Ductile Iron,2019,7,1452.4,32.3,Loam,1369.9,1,1,689.4,4.4,1,0,9.7,Low
P-04416,63,PVC,2000,26,1096.5,45.5,Sandy,1767.9,0,0,1205.4,5.6,8,1,25.8,Moderate
P-04417,90,PVC,2000,26,790.0,38.6,Clay,920.9,3,2,1214.9,0.6,2,0,44.7,Moderate
P-04418,50,GI,2023,3,610.1,47.5,Sandy,850.1,3,0,731.0,4.8,2,0,16.5,Low
P-04419,25,Ductile Iron,1998,28,202.2,9.2,Sandy,1020.9,6,2,1226.5,11.9,4,1,37.8,Moderate
P-04420,40,HDPE,1999,27,448.3,32.1,Loam,1744.2,4,3,900.1,2.2,5,1,44.8,Moderate
P-04421,50,GI,2020,6,2428.9,44.1,Loam,1687.1,1,0,1164.4,13.2,2,0,14.8,Low
P-04422,32,GI,1998,28,1328.7,44.7,Loam,1093.0,4,2,955.8,2.7,7,0,56.6,High
P-04423,75,PVC,2001,25,1610.2,31.3,Rocky,1234.0,5,4,813.8,7.4,6,0,48.5,Moderate
P-04424,40,HDPE,2022,4,1369.8,48.9,Sandy,1792.0,2,0,1103.5,3.6,1,0,13.8,Low
P-04425,50,PVC,2000,26,774.4,37.6,Sandy,1512.7,3,2,918.2,1.9,5,1,40.0,Moderate
P-04426,32,PVC,2022,4,1080.4,51.2,Black Cotton,1664.0,0,1,923.3,1.6,1,0,15.9,Low
P-04427,40,PVC,2007,19,968.6,22.8,Loam,926.7,4,0,1067.3,5.3,0,0,23.6,Low
P-04428,110,PVC,2014,12,1647.8,45.7,Black Cotton,1290.0,1,1,739.9,4.4,2,1,25.1,Moderate
P-04429,75,Ductile Iron,1998,28,2401.7,29.0,Loam,1498.2,9,7,1164.2,1.7,7,1,74.1,High
P-04430,32,PVC,2005,21,219.0,27.7,Rocky,1727.2,2,3,848.2,4.0,4,0,25.2,Moderate
P-04431,63,HDPE,2006,20,1973.5,12.9,Black Cotton,1274.0,1,1,999.9,8.0,2,0,17.0,Low
P-04432,32,GI,2022,4,817.1,26.9,Clay,1219.4,0,1,1124.0,3.8,1,0,6.7,Low
P-04433,40,PVC,2018,8,1319.5,34.6,Clay,1211.6,1,1,873.0,0.9,2,0,10.1,Low
P-04434,32,PVC,2013,13,1792.0,28.6,Clay,1174.3,1,0,949.6,8.2,2,0,11.5,Low
P-04435,32,Ductile Iron,2020,6,1759.4,46.2,Loam,1199.9,1,1,882.4,10.7,2,0,14.4,Low
P-04436,110,PVC,2007,19,626.8,34.0,Loam,1127.3,4,3,1277.9,0.5,3,0,34.3,Moderate
P-04437,32,Ductile Iron,2004,22,2402.4,36.6,Loam,1617.3,1,1,1038.1,7.9,2,0,27.6,Moderate
P-04438,32,HDPE,2007,19,469.1,31.7,Loam,1528.7,4,3,953.0,2.2,1,1,35.8,Moderate
P-04439,63,PVC,2004,22,408.8,70.3,Loam,1351.5,2,3,1212.7,2.8,4,1,61.3,High
P-04440,40,GI,2013,13,1498.6,47.9,Loam,821.3,0,2,1317.2,4.0,6,0,19.9,Low
P-04441,110,GI,2004,22,93.9,48.1,Black Cotton,1262.1,3,2,1175.5,5.0,6,1,55.0,High
P-04442,25,HDPE,2014,12,1419.2,38.7,Sandy,920.9,2,0,951.2,6.2,5,0,14.3,Low
P-04443,90,PVC,1997,29,793.1,28.2,Clay,818.1,5,2,697.8,2.4,8,0,42.1,Moderate
P-04444,40,PVC,1995,31,373.9,36.4,Black Cotton,1239.0,8,1,1245.7,5.4,3,1,77.2,Very High
P-04445,63,PVC,1999,27,709.4,34.9,Rocky,1788.5,4,3,1340.1,11.1,5,0,50.6,High
P-04446,32,GI,2012,14,1097.9,32.8,Clay,902.1,5,2,658.9,6.8,4,0,31.4,Moderate
P-04447,25,PVC,2013,13,571.1,36.2,Rocky,986.2,0,0,902.0,11.8,3,0,12.3,Low
P-04448,25,GI,2005,21,887.2,34.5,Clay,1649.1,2,3,1123.5,6.7,3,0,36.7,Moderate
P-04449,75,GI,2018,8,1174.6,32.5,Clay,1335.5,1,1,1170.4,1.3,2,0,11.4,Low
P-04450,160,HDPE,2017,9,782.8,51.6,Loam,846.1,3,0,846.9,4.9,2,0,22.7,Low
P-04451,63,PVC,2020,6,144.3,64.1,Loam,1036.6,0,1,1206.8,2.5,0,0,20.7,Low
P-04452,160,HDPE,2017,9,2460.1,43.0,Sandy,1664.9,4,1,1061.9,1.8,1,0,23.1,Low
P-04453,75,GI,2023,3,2435.6,34.7,Clay,808.0,0,0,1364.5,1.5,0,0,7.3,Low
P-04454,40,HDPE,2013,13,1919.4,31.8,Clay,1478.2,4,0,1172.8,4.2,2,0,19.0,Low
P-04455,110,HDPE,2009,17,171.6,31.6,Loam,904.0,2,3,1364.0,5.5,1,0,26.0,Moderate
P-04456,32,PVC,2002,24,581.4,37.1,Black Cotton,1696.8,6,2,1299.0,1.5,5,1,57.7,High
P-04457,90,HDPE,2015,11,2012.8,19.8,Clay,1265.5,0,3,1023.5,1.4,1,0,8.9,Low
P-04458,110,Ductile Iron,2007,19,1927.3,45.0,Sandy,1143.9,2,2,697.1,4.6,5,0,30.8,Moderate
P-04459,40,HDPE,2000,26,448.8,27.7,Black Cotton,800.9,2,2,1139.8,10.1,6,1,37.3,Moderate
P-04460,32,PVC,2004,22,357.6,50.2,Sandy,998.5,2,1,1293.0,1.3,5,0,35.8,Moderate
P-04461,75,PVC,2005,21,776.0,55.8,Clay,1658.0,1,0,1451.5,1.8,6,0,30.5,Moderate
P-04462,90,Ductile Iron,2018,8,2364.8,21.3,Sandy,919.3,0,1,860.7,1.0,4,0,5.0,Low
P-04463,110,PVC,2005,21,2123.4,13.4,Loam,1316.9,2,4,1207.7,1.7,5,0,17.5,Low
P-04464,32,HDPE,2005,21,1633.8,23.8,Rocky,1244.6,3,0,1055.8,0.6,4,1,18.5,Low
P-04465,110,Ductile Iron,1996,30,1032.8,30.8,Clay,1216.8,3,5,1057.0,20.4,4,0,59.5,High
P-04466,90,Ductile Iron,2014,12,224.7,36.5,Clay,988.9,3,2,1228.8,1.8,4,0,19.2,Low
P-04467,40,GI,2001,25,2450.8,39.6,Clay,1622.6,8,4,1316.4,3.6,6,1,71.4,High
P-04468,160,GI,2020,6,2238.9,15.6,Rocky,1578.7,0,1,832.8,2.7,2,0,5.0,Low
P-04469,63,HDPE,2022,4,2229.5,29.0,Rocky,1710.7,0,0,900.1,0.2,0,0,5.3,Low
P-04470,75,HDPE,2002,24,887.8,20.6,Clay,865.4,6,0,904.6,1.8,8,0,25.9,Moderate
P-04471,50,Ductile Iron,2011,15,1800.2,45.7,Sandy,1374.8,1,2,677.4,7.4,5,1,22.7,Low
P-04472,32,Ductile Iron,1999,27,1976.6,40.7,Loam,958.0,5,2,837.1,2.9,6,1,52.3,High
P-04473,90,GI,2022,4,119.5,58.5,Black Cotton,871.6,0,1,1070.5,6.7,0,0,25.5,Moderate
P-04474,40,HDPE,2002,24,2313.7,42.6,Clay,1486.5,4,3,1205.6,5.3,3,0,52.5,High
P-04475,160,GI,2007,19,2490.4,18.5,Rocky,1045.8,0,1,1125.3,4.3,5,0,11.6,Low
P-04476,40,PVC,2000,26,1240.3,23.6,Sandy,1097.0,2,1,1310.7,0.2,4,0,23.7,Low
P-04477,50,GI,2021,5,2444.3,47.5,Clay,1632.5,1,0,593.4,1.2,0,1,14.6,Low
P-04478,63,PVC,1996,30,468.1,42.9,Clay,1737.4,2,3,1078.6,0.4,9,1,44.2,Moderate
P-04479,63,PVC,2012,14,2402.5,30.8,Sandy,1041.9,2,2,633.3,9.1,2,0,19.2,Low
P-04480,50,HDPE,2021,5,1924.6,28.6,Loam,803.2,1,1,892.3,14.2,1,1,8.6,Low
P-04481,40,PVC,1995,31,2469.3,36.9,Rocky,1114.7,5,5,941.2,3.0,4,1,68.4,High
P-04482,25,PVC,2000,26,1859.4,52.9,Loam,1390.0,8,2,997.0,15.6,5,1,77.5,Very High
P-04483,25,HDPE,2014,12,380.8,21.0,Clay,964.0,2,2,915.7,3.4,0,0,13.1,Low
P-04484,32,HDPE,1998,28,1148.0,34.9,Black Cotton,1102.9,3,2,545.3,10.2,3,0,56.1,High
P-04485,90,PVC,2008,18,1784.9,27.9,Sandy,953.1,1,2,907.1,7.9,2,1,19.2,Low
P-04486,63,PVC,2012,14,406.0,24.1,Clay,1605.0,0,1,1027.4,0.3,3,0,8.7,Low
P-04487,160,HDPE,1999,27,523.3,25.7,Sandy,1549.7,3,3,702.9,8.0,6,0,35.7,Moderate
P-04488,75,Ductile Iron,2011,15,1296.3,27.9,Sandy,897.3,1,2,910.0,5.9,3,0,14.8,Low
P-04489,63,PVC,2011,15,329.6,59.8,Rocky,1794.1,2,4,1132.3,1.0,4,1,41.9,Moderate
P-04490,160,PVC,2017,9,1114.8,66.4,Sandy,1138.6,1,1,907.2,4.0,0,0,30.4,Moderate
P-04491,50,GI,2000,26,1110.9,41.3,Sandy,1295.2,4,0,1466.3,9.2,3,1,51.8,High
P-04492,40,GI,2001,25,1612.7,28.6,Clay,1651.0,3,6,954.3,3.4,5,0,48.7,Moderate
P-04493,40,PVC,2016,10,1020.3,31.9,Black Cotton,1498.2,1,0,657.8,3.8,3,0,12.7,Low
P-04494,50,PVC,2011,15,69.1,19.9,Sandy,831.9,5,2,876.1,6.8,4,0,20.5,Low
P-04495,75,PVC,2012,14,231.1,41.1,Loam,1400.2,4,0,869.9,5.2,1,0,27.4,Moderate
P-04496,160,PVC,2014,12,1258.6,34.3,Clay,1658.8,2,1,1426.8,1.1,3,1,14.5,Low
P-04497,40,GI,1999,27,1157.7,22.2,Sandy,953.4,0,1,1222.3,1.1,7,0,18.7,Low
P-04498,90,HDPE,2020,6,1542.7,41.3,Loam,975.4,2,0,763.3,2.9,0,0,13.0,Low
P-04499,50,PVC,2000,26,173.5,8.0,Loam,1613.8,2,6,954.0,1.8,5,1,24.9,Low
P-04500,25,PVC,2005,21,2001.1,32.8,Loam,1604.8,0,2,1118.7,5.5,2,0,22.2,Low
P-04501,40,Ductile Iron,2013,13,426.8,54.1,Loam,1724.1,1,2,1404.0,3.5,1,1,28.9,Moderate
P-04502,25,Ductile Iron,1997,29,1696.1,44.0,Clay,1457.0,3,5,1007.8,1.8,8,1,56.2,High
P-04503,75,PVC,2017,9,322.7,34.8,Clay,1448.2,0,2,1021.4,2.6,1,0,11.2,Low
P-04504,63,PVC,2015,11,757.6,43.5,Rocky,1570.9,0,1,1208.3,5.1,0,0,16.1,Low
P-04505,160,HDPE,2021,5,147.6,59.0,Loam,1434.0,1,0,1046.7,6.4,0,0,18.5,Low
P-04506,90,PVC,1996,30,1208.8,28.5,Sandy,1285.1,4,4,792.7,1.4,10,0,42.8,Moderate
P-04507,63,PVC,2021,5,1772.9,35.0,Loam,813.4,1,1,1059.1,2.6,0,0,9.5,Low
P-04508,110,PVC,2007,19,1563.9,26.7,Loam,1557.7,5,1,1216.3,0.6,7,0,22.8,Low
P-04509,110,HDPE,2021,5,1790.3,23.6,Clay,939.8,2,0,813.4,4.0,0,0,7.1,Low
P-04510,40,GI,2024,2,524.0,29.6,Loam,987.0,1,0,500.0,6.8,1,0,7.0,Low
P-04511,50,GI,1995,31,668.3,20.9,Sandy,1216.5,4,1,1003.9,5.4,10,0,35.1,Moderate
P-04512,160,HDPE,2022,4,1021.0,31.0,Black Cotton,819.3,0,0,1321.4,1.0,0,0,7.9,Low
P-04513,75,HDPE,2019,7,1582.1,40.6,Black Cotton,875.7,0,1,783.4,9.7,0,0,16.4,Low
P-04514,50,PVC,2004,22,2141.1,42.0,Clay,1474.9,3,6,631.9,5.2,4,0,51.9,High
P-04515,50,PVC,2018,8,309.3,41.5,Clay,1676.1,0,2,1081.1,1.1,3,0,11.4,Low
P-04516,63,HDPE,1999,27,1551.2,25.2,Clay,1142.8,3,6,1058.3,11.4,0,1,55.0,High
P-04517,25,PVC,2001,25,2425.0,56.5,Clay,1377.3,4,4,743.5,5.1,9,0,60.6,High
P-04518,40,PVC,2011,15,244.3,44.2,Sandy,928.4,3,2,696.1,5.7,1,1,33.1,Moderate
P-04519,25,PVC,2011,15,1242.9,43.5,Loam,1279.0,1,1,1257.1,2.4,3,0,20.0,Low
P-04520,25,GI,2006,20,1707.8,25.8,Clay,1269.7,3,0,1445.9,8.9,1,0,27.2,Moderate
P-04521,40,PVC,2000,26,1054.6,36.0,Clay,1796.6,2,4,949.8,3.5,2,0,45.6,Moderate
P-04522,75,PVC,2021,5,2481.8,23.6,Loam,939.6,1,0,1128.6,11.2,0,1,6.6,Low
P-04523,40,HDPE,1995,31,2237.9,25.6,Loam,1641.4,2,2,920.6,0.0,4,1,35.5,Moderate
P-04524,63,PVC,1997,29,1947.0,56.7,Black Cotton,1768.6,4,2,1185.8,5.7,6,1,73.4,High
P-04525,40,GI,2012,14,1779.6,21.8,Loam,1427.6,2,4,1049.7,3.2,4,0,18.2,Low
P-04526,40,PVC,1998,28,1193.4,22.6,Loam,1581.1,3,6,660.7,5.0,7,0,41.7,Moderate
P-04527,110,Ductile Iron,2013,13,2247.9,24.3,Black Cotton,1407.1,5,1,963.7,0.8,5,0,21.7,Low
P-04528,25,GI,2020,6,480.8,34.7,Loam,1635.3,1,1,1098.2,2.9,1,0,11.5,Low
P-04529,32,Ductile Iron,2005,21,1480.6,39.3,Clay,1330.2,3,0,1346.5,13.9,7,0,28.5,Moderate
P-04530,25,PVC,2023,3,1677.6,8.0,Loam,1405.1,1,1,834.5,3.1,5,0,2.6,Low
P-04531,63,PVC,1998,28,1335.1,47.6,Clay,1119.2,3,2,1069.5,7.3,2,1,58.8,High
P-04532,90,PVC,2000,26,1281.8,24.0,Sandy,1627.1,4,3,758.0,2.4,7,0,33.6,Moderate
P-04533,25,GI,2024,2,429.8,17.0,Loam,1048.9,1,0,500.0,9.3,0,0,5.0,Low
P-04534,160,HDPE,2021,5,82.1,21.1,Clay,801.5,1,0,1075.8,6.2,2,0,5.0,Low
P-04535,40,GI,2014,12,1644.1,55.0,Clay,1102.1,1,2,911.2,0.4,1,0,31.2,Moderate
P-04536,90,GI,2023,3,1393.9,21.8,Rocky,1029.3,0,2,1220.0,2.6,1,0,5.9,Low
P-04537,50,HDPE,2008,18,1488.8,40.7,Rocky,946.5,0,1,1260.7,5.7,2,1,20.9,Low
P-04538,63,PVC,2017,9,53.3,34.4,Sandy,1413.2,1,1,1014.6,9.9,3,0,11.5,Low
P-04539,25,GI,2011,15,88.9,32.0,Rocky,1527.5,1,0,917.0,6.5,3,0,16.0,Low
P-04540,25,Ductile Iron,2001,25,2183.7,42.3,Sandy,1519.0,5,4,1185.3,2.4,11,0,48.8,Moderate
P-04541,75,GI,2024,2,2024.5,27.3,Sandy,1752.1,1,0,1041.3,1.9,0,0,6.4,Low
P-04542,32,Ductile Iron,2010,16,911.0,50.7,Clay,1676.9,1,2,1061.2,3.9,3,1,28.8,Moderate
P-04543,63,GI,2005,21,2474.3,37.3,Sandy,847.8,1,5,1378.4,2.1,6,0,35.0,Moderate
P-04544,50,HDPE,2023,3,2422.2,47.9,Loam,1005.8,0,0,1177.1,6.0,0,0,9.9,Low
P-04545,32,PVC,2023,3,2352.6,35.1,Loam,1185.1,0,0,1237.6,0.7,0,0,6.1,Low
P-04546,160,PVC,2014,12,2400.7,53.6,Sandy,1753.7,1,0,1133.3,1.7,2,0,20.8,Low
P-04547,75,PVC,2012,14,1610.6,42.3,Loam,1281.8,2,0,1238.1,1.4,1,0,20.6,Low
P-04548,90,HDPE,2004,22,824.2,56.6,Black Cotton,1529.6,1,4,1431.9,4.7,4,1,57.7,High
P-04549,25,PVC,2023,3,2001.6,44.7,Black Cotton,1773.7,0,0,1317.8,7.5,1,0,11.8,Low
P-04550,160,HDPE,2003,23,1930.2,20.0,Sandy,1526.2,5,3,1213.6,5.0,5,1,32.9,Moderate
P-04551,40,GI,1996,30,291.4,57.8,Clay,1385.4,2,2,976.5,14.6,7,1,66.6,High
P-04552,25,PVC,2021,5,222.0,63.0,Sandy,947.2,1,2,1134.2,6.2,1,0,24.1,Low
P-04553,40,PVC,2002,24,2368.9,35.6,Loam,1419.3,1,3,1267.3,4.9,5,1,30.8,Moderate
P-04554,25,Ductile Iron,2010,16,2223.2,49.1,Clay,1655.5,2,3,1575.7,5.5,4,0,33.4,Moderate
P-04555,75,GI,1997,29,1174.2,48.2,Clay,1626.4,5,3,503.3,1.2,5,1,70.5,High
P-04556,63,HDPE,2005,21,1649.6,44.9,Rocky,1215.5,4,3,1297.4,15.3,5,0,49.7,Moderate
P-04557,40,GI,2006,20,1570.0,50.2,Clay,1189.8,3,2,1439.2,0.6,6,0,42.7,Moderate
P-04558,25,PVC,2008,18,1819.1,37.7,Sandy,1191.3,0,3,1053.7,6.2,3,1,22.6,Low
P-04559,90,PVC,2018,8,2084.9,33.6,Clay,1449.9,2,1,1482.0,10.2,1,0,13.7,Low
P-04560,90,HDPE,1996,30,1000.2,58.1,Black Cotton,888.6,2,3,1447.7,0.6,4,0,72.2,High
P-04561,90,Ductile Iron,2023,3,1118.9,32.1,Black Cotton,1736.6,2,0,1037.9,2.9,0,0,10.9,Low
P-04562,110,PVC,2021,5,443.4,34.5,Black Cotton,1134.4,2,0,1006.5,5.6,1,0,13.2,Low
P-04563,110,PVC,2024,2,315.8,28.9,Loam,1235.3,0,0,844.8,1.3,0,0,4.7,Low
P-04564,63,PVC,2021,5,303.6,46.2,Clay,1704.8,0,2,1291.4,9.4,1,0,13.4,Low
P-04565,40,PVC,2023,3,1676.7,38.0,Loam,1271.1,2,1,654.6,6.9,0,0,11.4,Low
P-04566,25,PVC,2012,14,2445.8,30.8,Clay,1658.8,2,1,1061.5,4.5,1,0,17.1,Low
P-04567,110,Ductile Iron,2003,23,2399.8,19.6,Loam,1636.2,0,2,1198.8,0.9,4,0,14.7,Low
P-04568,40,Ductile Iron,2002,24,105.3,39.3,Loam,1774.7,4,0,713.9,4.2,9,0,31.4,Moderate
P-04569,90,Ductile Iron,1998,28,969.1,21.1,Clay,1628.1,3,4,1014.2,3.9,4,0,38.2,Moderate
P-04570,75,PVC,2013,13,1987.9,50.8,Clay,1262.2,1,2,1402.3,11.1,3,1,26.5,Moderate
P-04571,75,PVC,2016,10,1778.7,44.4,Sandy,1152.9,1,1,911.9,1.0,1,0,16.4,Low
P-04572,50,PVC,1999,27,2075.5,21.7,Rocky,850.3,2,1,942.7,5.5,6,1,23.1,Low
P-04573,90,HDPE,2011,15,1130.7,37.9,Loam,1178.5,0,4,1249.1,13.1,0,0,26.3,Moderate
P-04574,75,Ductile Iron,2014,12,405.6,24.1,Sandy,1632.4,1,2,1277.8,4.2,4,0,10.0,Low
P-04575,63,PVC,2000,26,933.1,40.7,Loam,1365.6,4,4,598.1,1.9,8,0,49.0,Moderate
P-04576,32,PVC,2002,24,117.0,53.5,Loam,1059.8,4,4,1103.1,0.7,2,0,64.6,High
P-04577,75,PVC,2000,26,1927.6,14.3,Clay,1097.8,2,4,1028.0,0.5,8,1,20.7,Low
P-04578,110,GI,2020,6,2259.3,47.6,Rocky,1248.4,2,0,1197.7,1.4,1,0,17.3,Low
P-04579,32,HDPE,2002,24,2105.9,52.1,Loam,1253.0,6,1,1447.4,1.6,3,1,61.7,High
P-04580,50,PVC,1996,30,1367.5,35.0,Loam,1791.3,2,3,921.7,0.6,5,1,43.4,Moderate
P-04581,25,PVC,2002,24,2252.4,30.3,Clay,1679.5,0,4,1507.8,4.4,4,0,27.0,Moderate
P-04582,25,Ductile Iron,2017,9,1670.2,23.5,Loam,985.2,1,0,844.1,9.2,0,0,8.4,Low
P-04583,50,PVC,1998,28,1232.6,51.5,Loam,1590.7,6,0,840.6,9.5,8,1,60.9,High
P-04584,160,PVC,1998,28,1777.5,35.3,Loam,1595.3,5,7,1047.5,1.8,7,1,63.5,High
P-04585,63,GI,2002,24,1529.0,30.9,Clay,1291.2,2,3,696.0,11.4,1,0,43.6,Moderate
P-04586,32,HDPE,2024,2,1564.4,49.1,Loam,1760.4,1,0,1088.7,1.9,0,0,10.7,Low
P-04587,40,Ductile Iron,2015,11,2009.3,27.0,Loam,1288.2,2,1,841.5,2.7,3,0,11.1,Low
P-04588,75,PVC,2016,10,693.9,33.6,Clay,1081.7,0,2,1166.2,4.6,3,0,10.6,Low
P-04589,90,Ductile Iron,2005,21,944.0,35.8,Rocky,1328.9,0,1,656.6,2.6,2,0,21.0,Low
P-04590,63,HDPE,2012,14,288.9,45.9,Sandy,1646.0,5,0,1029.6,1.8,4,0,29.8,Moderate
P-04591,32,PVC,2019,7,1769.1,40.1,Sandy,1241.3,1,0,846.9,3.5,4,0,9.3,Low
P-04592,32,GI,2007,19,1207.7,23.2,Rocky,1027.2,3,1,1177.7,4.9,6,1,20.1,Low
P-04593,160,PVC,2008,18,2024.5,34.8,Sandy,872.8,1,2,1093.7,4.8,3,0,21.4,Low
P-04594,32,PVC,2007,19,621.3,44.9,Clay,1528.7,5,4,513.7,0.7,4,1,49.7,Moderate
P-04595,110,PVC,2022,4,1838.1,48.3,Rocky,1454.4,0,0,721.8,3.9,1,0,9.9,Low
P-04596,50,GI,2004,22,1453.1,44.0,Loam,1019.1,1,3,1177.2,3.5,1,1,43.8,Moderate
P-04597,75,PVC,2009,17,2309.8,22.3,Sandy,1121.8,3,1,1260.0,3.7,5,0,15.2,Low
P-04598,40,PVC,2004,22,2004.0,19.3,Loam,922.6,2,3,1086.1,1.3,6,1,18.8,Low
P-04599,63,PVC,2022,4,2279.1,47.0,Rocky,1344.9,2,0,1382.6,6.8,2,0,12.9,Low
P-04600,63,HDPE,2006,20,708.2,9.7,Loam,1443.4,4,6,859.5,8.1,4,1,27.3,Moderate
P-04601,63,PVC,2023,3,1075.2,21.1,Rocky,1519.4,0,0,996.4,2.1,0,0,3.9,Low
P-04602,50,PVC,2006,20,2010.0,37.4,Clay,905.1,3,1,881.5,4.0,5,0,27.7,Moderate
P-04603,75,PVC,2022,4,609.3,17.7,Black Cotton,1296.5,0,0,973.4,0.0,0,1,5.1,Low
P-04604,25,PVC,2013,13,267.2,35.6,Sandy,1570.6,3,3,1128.3,19.1,3,0,28.0,Moderate
P-04605,63,HDPE,2008,18,1927.2,19.3,Clay,1350.1,1,4,1134.6,0.1,2,0,16.9,Low
P-04606,160,HDPE,2019,7,2251.3,46.3,Sandy,1536.3,0,0,1194.9,1.8,2,1,10.4,Low
P-04607,160,GI,2003,23,618.7,30.3,Rocky,1763.9,7,1,976.4,6.5,6,0,47.9,Moderate
P-04608,63,GI,2003,23,401.6,35.4,Loam,900.4,2,3,661.8,7.3,6,0,36.9,Moderate
P-04609,63,PVC,2003,23,1329.6,31.4,Loam,1578.8,4,3,1217.9,8.0,5,1,39.0,Moderate
P-04610,25,PVC,2017,9,2101.3,35.4,Sandy,1117.3,1,0,1275.6,6.1,6,0,8.5,Low
P-04611,110,PVC,2008,18,1109.2,33.1,Clay,955.3,3,1,873.3,5.9,1,0,27.0,Moderate
P-04612,63,PVC,2007,19,1702.1,40.3,Clay,1386.2,1,2,905.1,6.8,2,0,28.0,Moderate
P-04613,110,PVC,2004,22,2485.8,28.2,Black Cotton,833.4,6,4,1115.4,1.3,4,0,54.1,High
P-04614,160,PVC,2016,10,255.7,24.8,Black Cotton,914.6,1,0,998.4,8.1,0,0,12.7,Low
P-04615,160,GI,2012,14,245.0,40.8,Clay,1599.0,1,3,1147.8,1.7,2,0,26.0,Moderate
P-04616,32,GI,2024,2,801.7,45.8,Black Cotton,988.1,0,0,1156.4,9.0,0,0,14.7,Low
P-04617,160,Ductile Iron,2011,15,1495.9,42.1,Black Cotton,1319.0,0,3,954.3,10.9,4,0,28.1,Moderate
P-04618,75,GI,1997,29,2221.3,31.7,Loam,1262.7,4,3,1353.5,5.4,5,1,54.4,High
P-04619,32,PVC,2003,23,845.8,26.3,Rocky,1301.3,5,5,500.0,5.7,3,1,47.5,Moderate
P-04620,50,GI,2012,14,2106.7,52.0,Clay,809.5,0,1,854.9,2.2,3,1,24.1,Low
P-04621,63,PVC,2010,16,924.7,34.0,Clay,834.6,1,3,1140.6,3.4,4,0,19.3,Low
P-04622,32,Ductile Iron,2010,16,1962.7,35.3,Clay,1265.2,1,2,1026.8,3.6,4,0,18.1,Low
P-04623,75,PVC,1998,28,425.3,25.0,Sandy,1665.5,6,6,852.9,0.0,4,0,59.7,High
P-04624,25,PVC,2018,8,1011.4,28.8,Loam,875.2,2,1,1373.1,4.3,3,0,9.8,Low
P-04625,75,HDPE,2015,11,2219.3,20.7,Black Cotton,1290.3,2,0,514.0,4.1,2,0,11.9,Low
P-04626,110,HDPE,1995,31,1741.4,57.8,Sandy,1490.5,4,3,1770.3,4.0,4,1,74.6,High
P-04627,32,PVC,2011,15,636.0,8.9,Loam,1728.2,0,2,1003.1,4.2,6,0,5.7,Low
P-04628,90,PVC,2021,5,1128.8,39.5,Sandy,1685.8,0,0,891.5,1.9,1,0,7.8,Low
P-04629,50,Ductile Iron,1995,31,2109.5,47.2,Clay,1069.1,8,1,1513.7,3.7,8,1,71.5,High
P-04630,160,PVC,2015,11,1745.4,32.8,Clay,1609.5,1,0,1177.5,6.2,5,0,9.5,Low
P-04631,32,PVC,1997,29,2495.8,21.7,Clay,913.9,2,1,1127.8,8.2,6,0,26.7,Moderate
P-04632,25,PVC,2011,15,659.3,43.9,Clay,1568.4,0,2,817.7,10.6,2,0,22.5,Low
P-04633,90,PVC,2022,4,320.6,29.2,Loam,1389.8,1,0,677.4,3.4,1,0,6.3,Low
P-04634,32,HDPE,2003,23,1192.7,60.9,Rocky,1381.1,5,1,1304.9,6.1,5,0,61.7,High
P-04635,75,GI,1995,31,1825.5,27.1,Rocky,1353.9,1,1,1455.1,0.1,7,0,30.2,Moderate
P-04636,160,HDPE,2016,10,1040.9,57.7,Black Cotton,820.4,1,2,867.1,2.7,1,0,34.1,Moderate
P-04637,63,HDPE,2015,11,2131.5,18.5,Loam,1507.6,2,2,1216.8,3.5,4,0,9.2,Low
P-04638,160,GI,2015,11,2363.4,30.4,Loam,1746.1,3,0,1053.5,0.6,0,0,17.3,Low
P-04639,40,GI,2024,2,1738.0,54.7,Loam,975.4,0,1,859.6,4.0,0,0,14.8,Low
P-04640,75,PVC,2020,6,1801.8,25.2,Rocky,1083.9,0,1,1541.7,0.5,1,0,5.8,Low
P-04641,25,PVC,2012,14,1521.0,42.7,Loam,1650.8,3,1,1124.4,10.8,3,0,26.9,Moderate
P-04642,63,GI,2018,8,591.5,31.4,Clay,1060.2,0,1,826.8,1.5,0,0,10.5,Low
P-04643,160,HDPE,2012,14,1764.6,64.3,Loam,987.1,3,1,1237.4,7.4,7,0,36.9,Moderate
P-04644,90,PVC,2017,9,951.0,30.6,Clay,1555.9,1,0,864.1,2.9,2,0,8.7,Low
P-04645,63,PVC,2013,13,1817.7,58.1,Loam,1375.4,2,0,1326.4,5.4,3,0,28.3,Moderate
P-04646,32,PVC,2020,6,1432.2,39.3,Loam,1325.6,0,0,1295.7,1.3,2,0,7.8,Low
P-04647,32,HDPE,1999,27,740.0,48.1,Clay,835.7,3,3,993.0,6.5,5,0,55.9,High
P-04648,50,GI,2016,10,1785.2,31.9,Black Cotton,1055.4,1,0,1241.3,11.5,6,0,14.3,Low
P-04649,32,PVC,2007,19,314.2,36.2,Loam,1031.0,2,1,1095.8,3.3,5,0,21.9,Low
P-04650,160,PVC,1995,31,766.2,15.6,Loam,891.5,4,2,1564.7,2.6,9,0,29.9,Moderate
P-04651,40,PVC,2009,17,2400.2,33.3,Loam,1785.2,0,2,929.5,1.6,1,0,17.7,Low
P-04652,32,PVC,2002,24,2321.1,28.6,Sandy,1725.3,0,3,845.0,1.0,7,0,19.5,Low
P-04653,50,GI,2024,2,474.5,38.5,Loam,1006.6,0,0,1219.9,9.3,0,0,8.6,Low
P-04654,32,HDPE,2002,24,322.4,40.7,Loam,1344.5,2,1,861.8,15.1,2,1,40.6,Moderate
P-04655,50,Ductile Iron,2008,18,2018.1,33.6,Sandy,1214.3,1,2,1376.2,2.2,1,0,22.1,Low
P-04656,63,GI,2000,26,1396.1,45.1,Clay,1673.8,2,2,1300.7,0.8,3,0,49.5,Moderate
P-04657,25,PVC,2022,4,868.4,32.1,Clay,1473.4,0,1,1055.4,1.5,1,0,6.4,Low
P-04658,63,PVC,2024,2,2118.7,47.2,Black Cotton,1179.9,0,0,1056.3,3.1,1,0,11.3,Low
P-04659,90,PVC,2020,6,2454.6,33.7,Sandy,1692.9,1,0,500.0,0.1,0,0,8.4,Low
P-04660,25,Ductile Iron,2009,17,2141.8,46.5,Loam,1526.5,1,3,928.8,1.8,5,1,26.9,Moderate
P-04661,32,PVC,2005,21,117.4,30.0,Clay,926.4,1,3,859.9,1.4,5,0,21.7,Low
P-04662,160,PVC,2020,6,390.2,8.0,Loam,1571.9,1,1,1271.8,9.7,0,0,4.7,Low
P-04663,110,GI,2020,6,328.9,36.7,Loam,1483.2,0,1,931.6,0.4,2,0,9.5,Low
P-04664,160,HDPE,2002,24,290.9,63.1,Sandy,1568.5,4,3,1123.7,2.9,7,1,63.2,High
P-04665,32,GI,2003,23,186.8,20.8,Loam,1706.3,2,1,881.7,4.8,2,0,24.9,Low
P-04666,160,PVC,1997,29,1726.6,28.5,Rocky,1087.4,3,4,1178.6,0.8,6,1,42.2,Moderate
P-04667,63,PVC,2014,12,323.2,36.5,Clay,994.7,1,1,906.1,2.3,4,0,12.8,Low
P-04668,90,PVC,2004,22,2299.3,30.6,Loam,1297.7,3,2,1138.7,1.6,4,0,29.0,Moderate
P-04669,63,Ductile Iron,2020,6,2019.9,26.0,Loam,856.0,1,0,1496.7,6.8,2,0,6.4,Low
P-04670,90,PVC,2021,5,718.3,34.0,Clay,1214.8,0,0,1388.9,8.9,1,0,7.2,Low
P-04671,32,PVC,2009,17,147.9,49.6,Sandy,1038.1,2,1,746.6,3.9,3,0,30.6,Moderate
P-04672,50,PVC,2005,21,1836.2,16.5,Clay,1131.0,6,4,1175.4,5.6,2,0,38.1,Moderate
P-04673,75,PVC,2019,7,991.1,34.7,Loam,1033.8,2,2,990.3,2.6,1,0,13.5,Low
P-04674,25,HDPE,2012,14,2217.0,40.0,Black Cotton,969.1,4,0,500.0,1.3,5,1,27.7,Moderate
P-04675,25,HDPE,2003,23,1221.5,31.7,Rocky,1567.1,5,3,693.5,2.5,0,0,49.1,Moderate
P-04676,75,GI,1998,28,1335.3,16.1,Rocky,1492.5,5,2,1006.8,12.2,3,1,45.7,Moderate
P-04677,90,PVC,2019,7,2141.9,36.1,Clay,1136.8,0,1,725.6,3.0,1,0,9.1,Low
P-04678,90,HDPE,2008,18,1237.0,57.4,Clay,1674.8,2,3,1247.4,7.7,4,1,44.6,Moderate
P-04679,110,PVC,2011,15,1149.3,27.4,Clay,1124.4,1,0,1183.0,2.0,0,0,13.0,Low
P-04680,63,Ductile Iron,2018,8,1751.8,51.5,Loam,1217.1,1,1,780.3,1.5,2,0,17.0,Low
P-04681,32,Ductile Iron,2003,23,1164.6,11.6,Sandy,932.1,4,3,1019.1,2.0,5,0,22.7,Low
P-04682,90,PVC,1995,31,1804.8,48.3,Clay,1585.9,2,0,892.6,4.2,5,0,48.5,Moderate
P-04683,32,GI,1998,28,1942.3,32.2,Clay,1493.0,3,4,1345.7,1.3,6,1,48.7,Moderate
P-04684,50,HDPE,1996,30,494.9,19.1,Loam,1196.6,3,5,971.2,0.4,6,1,39.1,Moderate
P-04685,40,GI,2009,17,1596.9,8.0,Loam,1598.3,2,2,909.2,1.0,1,0,13.4,Low
P-04686,90,HDPE,2010,16,441.6,45.3,Black Cotton,1542.8,1,2,1498.2,5.3,2,1,33.9,Moderate
P-04687,25,HDPE,1998,28,2243.6,47.8,Loam,1762.2,6,6,902.5,5.4,6,1,76.0,Very High
P-04688,50,HDPE,2010,16,1511.6,22.2,Sandy,1732.9,1,2,1138.9,13.9,2,0,15.5,Low
P-04689,110,PVC,2017,9,1077.1,28.4,Loam,938.1,2,0,835.2,2.6,2,0,9.5,Low
P-04690,110,HDPE,2014,12,1027.4,21.1,Loam,1586.2,0,2,1211.9,7.7,4,0,8.1,Low
P-04691,25,GI,1997,29,2110.7,31.7,Clay,1020.1,3,3,1040.7,4.3,6,1,48.0,Moderate
P-04692,25,PVC,2009,17,827.5,42.3,Sandy,900.9,1,1,798.1,8.7,4,1,22.4,Low
P-04693,63,Ductile Iron,2013,13,1795.6,32.6,Loam,1152.8,0,2,1435.0,4.4,2,1,13.3,Low
P-04694,110,PVC,2013,13,1248.2,35.4,Black Cotton,1547.0,2,1,914.8,1.6,2,1,22.4,Low
P-04695,50,PVC,2017,9,1100.2,39.7,Clay,810.5,1,0,861.5,0.6,0,0,12.5,Low
P-04696,63,HDPE,2017,9,2497.4,43.4,Black Cotton,1405.0,2,1,1033.0,6.4,1,0,24.4,Low
P-04697,63,PVC,2009,17,1772.0,19.4,Loam,1459.0,2,0,1126.3,2.0,2,0,12.2,Low
P-04698,50,GI,2002,24,329.1,34.3,Loam,958.3,0,5,915.6,0.5,2,0,38.7,Moderate
P-04699,32,PVC,2017,9,1398.7,18.7,Clay,1602.7,1,0,1222.4,7.6,2,0,6.3,Low
P-04700,75,PVC,2019,7,1011.1,25.6,Sandy,1530.8,0,0,1273.2,2.5,0,0,6.0,Low
P-04701,90,PVC,2011,15,1968.5,34.8,Sandy,1374.2,0,3,1361.3,1.3,2,0,17.2,Low
P-04702,40,GI,2007,19,1390.4,22.1,Clay,866.2,5,2,685.3,4.4,2,1,33.3,Moderate
P-04703,63,HDPE,2022,4,501.8,22.9,Loam,893.8,0,0,1273.4,27.6,0,0,6.4,Low
P-04704,90,PVC,2002,24,300.7,29.0,Black Cotton,1463.0,0,1,1164.9,2.7,5,0,23.8,Low
P-04705,32,PVC,2021,5,718.6,55.2,Rocky,990.0,0,0,1008.8,2.0,1,0,12.8,Low
P-04706,40,PVC,2000,26,427.5,19.2,Black Cotton,920.1,6,1,591.5,5.0,7,1,41.0,Moderate
P-04707,110,HDPE,2023,3,962.2,40.4,Loam,897.7,0,0,1411.0,12.3,0,0,8.5,Low
P-04708,75,GI,2004,22,1794.5,50.5,Loam,1009.0,2,1,978.9,4.5,3,1,44.9,Moderate
P-04709,110,PVC,2004,22,657.7,43.9,Black Cotton,1553.7,2,2,551.2,4.3,3,0,46.0,Moderate
P-04710,40,GI,1998,28,1732.8,27.5,Rocky,1246.0,4,5,1012.2,1.8,10,0,46.5,Moderate
P-04711,25,GI,2016,10,64.1,22.0,Sandy,937.3,0,0,914.6,1.4,4,0,6.3,Low
P-04712,90,GI,2000,26,783.9,44.5,Loam,1286.4,3,5,1473.0,2.8,8,0,56.4,High
P-04713,50,GI,2004,22,1715.4,22.3,Clay,859.2,4,3,1493.3,1.4,3,0,35.0,Moderate
P-04714,90,GI,2003,23,1581.3,30.7,Sandy,1330.7,4,0,1191.5,4.0,5,1,32.8,Moderate
P-04715,110,PVC,2010,16,1511.0,46.8,Clay,1167.2,2,0,515.3,2.5,4,1,23.0,Low
P-04716,40,GI,2005,21,1697.0,44.1,Clay,1468.0,0,6,1001.0,1.2,5,1,40.5,Moderate
P-04717,160,GI,2019,7,2120.3,21.6,Loam,1039.6,1,2,1194.1,0.9,1,0,8.9,Low
P-04718,110,PVC,2001,25,335.2,37.6,Loam,1708.8,3,3,1093.0,1.7,4,0,42.7,Moderate
P-04719,40,Ductile Iron,2006,20,1190.8,19.7,Sandy,1654.7,6,3,813.6,4.7,3,0,34.3,Moderate
P-04720,160,HDPE,2010,16,2131.6,44.9,Rocky,1461.7,0,4,714.0,8.6,0,0,31.5,Moderate
P-04721,25,Ductile Iron,2004,22,804.2,25.3,Rocky,1637.8,1,1,500.0,14.4,6,0,18.2,Low
P-04722,110,PVC,2005,21,2448.1,49.8,Loam,956.5,2,5,851.4,5.5,4,1,49.3,Moderate
P-04723,160,GI,2020,6,857.5,19.0,Black Cotton,1616.7,2,1,1349.9,2.2,1,0,11.2,Low
P-04724,90,PVC,2023,3,2441.5,38.1,Sandy,1284.0,2,0,942.3,4.3,2,0,8.8,Low
P-04725,75,PVC,2011,15,2350.0,38.7,Sandy,1404.2,4,2,915.6,1.9,3,0,29.1,Moderate
P-04726,63,GI,2004,22,177.0,22.5,Sandy,860.6,5,2,755.0,0.7,2,1,37.5,Moderate
P-04727,90,Ductile Iron,1997,29,89.9,11.6,Black Cotton,1667.1,4,5,1347.2,14.6,9,0,44.5,Moderate
P-04728,40,PVC,2000,26,917.1,42.7,Sandy,1712.7,4,1,1021.7,2.7,4,0,47.4,Moderate
P-04729,40,GI,2004,22,2339.6,41.5,Black Cotton,1788.9,2,1,909.0,3.7,2,1,46.9,Moderate
P-04730,25,HDPE,2005,21,1077.6,29.5,Rocky,1378.9,2,4,955.4,0.3,5,0,26.7,Moderate
P-04731,110,PVC,2004,22,1318.1,37.2,Loam,806.5,2,0,1114.7,1.6,4,1,24.9,Low
P-04732,160,GI,2018,8,1697.4,51.8,Rocky,1540.4,1,0,896.9,2.0,1,0,19.2,Low
P-04733,25,PVC,2014,12,655.7,35.2,Rocky,1285.2,0,0,1519.4,14.5,1,1,12.9,Low
P-04734,110,HDPE,2001,25,471.5,33.5,Black Cotton,1670.2,3,2,1149.7,5.1,5,1,44.4,Moderate
P-04735,40,GI,2015,11,2486.9,23.3,Loam,1648.3,3,0,1177.1,11.3,1,0,15.3,Low
P-04736,160,GI,2017,9,2357.9,33.0,Rocky,1685.9,0,1,1135.4,5.1,2,0,11.1,Low
P-04737,160,Ductile Iron,2018,8,1305.4,34.2,Sandy,1303.2,0,2,1165.8,1.1,2,0,9.6,Low
P-04738,25,Ductile Iron,2004,22,1039.2,64.4,Clay,850.7,2,4,1239.3,5.9,6,1,57.7,High
P-04739,63,PVC,2020,6,2398.4,24.0,Clay,1481.0,4,1,1104.6,0.9,1,0,10.8,Low
P-04740,25,PVC,2001,25,1909.7,23.3,Loam,802.7,3,8,1067.5,5.1,5,0,46.2,Moderate
P-04741,25,GI,1997,29,2039.4,22.0,Black Cotton,869.9,4,2,770.8,0.6,6,1,48.0,Moderate
P-04742,32,GI,2011,15,2026.5,26.8,Loam,1383.0,4,3,695.1,0.6,1,0,29.4,Moderate
P-04743,32,PVC,2000,26,1348.9,22.0,Black Cotton,1541.8,0,4,889.5,1.2,7,0,26.6,Moderate
P-04744,90,PVC,2017,9,1108.9,51.7,Sandy,863.6,1,0,641.4,3.5,1,0,17.6,Low
P-04745,110,HDPE,2004,22,1163.2,25.7,Sandy,1005.6,3,0,502.4,6.1,4,0,22.2,Low
P-04746,40,GI,2001,25,2405.9,41.7,Clay,1625.9,2,2,1194.7,2.4,5,0,42.4,Moderate
P-04747,32,PVC,1999,27,2447.3,41.4,Sandy,1119.2,2,5,1021.3,1.6,6,0,48.7,Moderate
P-04748,25,GI,2007,19,842.1,37.6,Rocky,999.9,2,1,1584.3,0.9,1,0,30.7,Moderate
P-04749,40,PVC,2022,4,492.6,46.4,Clay,1785.1,1,0,1016.3,3.0,0,0,11.4,Low
P-04750,40,HDPE,2016,10,1246.5,33.9,Clay,1498.1,1,2,966.2,6.5,0,1,15.1,Low
P-04751,63,HDPE,1997,29,1496.0,23.4,Loam,1384.5,5,3,1419.6,3.5,4,0,47.4,Moderate
P-04752,90,GI,2022,4,1824.6,38.4,Rocky,1073.8,0,0,1556.6,0.5,1,0,8.3,Low
P-04753,75,PVC,2019,7,1065.0,51.0,Clay,987.5,1,0,925.4,3.4,2,0,14.5,Low
P-04754,63,PVC,2022,4,1355.3,64.0,Black Cotton,1424.2,0,1,1335.8,8.3,0,0,25.8,Moderate
P-04755,90,PVC,2023,3,1375.7,26.2,Clay,1436.6,0,0,943.6,9.8,2,0,4.6,Low
P-04756,75,HDPE,2001,25,1648.1,54.4,Sandy,825.4,5,0,1202.0,4.2,5,1,56.1,High
P-04757,75,HDPE,2008,18,467.2,36.2,Loam,1215.3,4,2,973.0,10.6,5,0,32.2,Moderate
P-04758,25,PVC,2011,15,1677.0,41.5,Loam,1720.6,3,1,784.2,5.1,5,0,23.6,Low
P-04759,75,HDPE,1998,28,2033.3,47.0,Rocky,1503.9,5,1,1435.3,14.9,2,0,66.3,High
P-04760,50,GI,1999,27,1874.9,8.0,Loam,1558.2,3,3,915.5,2.9,7,0,24.2,Low
P-04761,90,PVC,1995,31,971.0,42.9,Clay,1758.6,1,2,848.3,2.6,5,1,45.1,Moderate
P-04762,25,PVC,2007,19,1587.9,41.4,Clay,1473.0,3,1,1131.2,0.4,2,1,31.7,Moderate
P-04763,160,PVC,2007,19,1139.5,8.0,Loam,1030.4,3,1,987.6,2.5,5,0,11.0,Low
P-04764,32,HDPE,1997,29,478.2,31.4,Clay,1680.2,4,4,655.2,2.6,6,1,49.8,Moderate
P-04765,110,Ductile Iron,2017,9,1440.7,47.7,Loam,874.6,1,0,1135.7,1.2,4,1,13.0,Low
P-04766,40,PVC,2004,22,1798.0,28.5,Clay,1570.5,5,0,835.0,12.8,5,0,31.8,Moderate
P-04767,75,PVC,1999,27,2229.5,53.1,Clay,1671.1,4,2,967.8,24.1,4,1,68.7,High
P-04768,63,GI,2014,12,522.4,32.4,Loam,1355.3,1,1,1502.9,5.0,4,0,13.9,Low
P-04769,40,Ductile Iron,2018,8,2248.1,44.1,Sandy,987.9,2,0,769.9,0.9,1,0,14.9,Low
P-04770,90,HDPE,2018,8,1401.5,29.1,Rocky,966.3,1,1,1118.5,2.7,2,0,8.7,Low
P-04771,32,Ductile Iron,2024,2,1421.5,46.3,Loam,893.8,0,1,998.4,1.9,1,0,8.9,Low
P-04772,32,HDPE,2016,10,1682.6,21.5,Loam,905.2,1,2,953.0,6.6,1,0,9.8,Low
P-04773,32,GI,2007,19,1079.6,46.0,Clay,983.8,3,2,928.1,0.4,2,0,43.1,Moderate
P-04774,32,HDPE,2009,17,458.9,59.5,Loam,989.8,0,2,1759.1,15.0,2,0,38.3,Moderate
P-04775,63,GI,2009,17,808.9,24.6,Clay,885.6,1,1,1270.9,3.0,4,0,14.8,Low
P-04776,50,PVC,2019,7,1563.0,42.8,Rocky,1426.4,2,0,667.2,5.2,3,0,12.8,Low
P-04777,75,Ductile Iron,2020,6,1114.2,15.4,Rocky,1259.4,1,0,1127.9,3.3,0,0,4.8,Low
P-04778,50,GI,2001,25,1901.0,31.6,Sandy,1410.9,3,3,804.1,6.4,5,0,42.7,Moderate
P-04779,25,Ductile Iron,2021,5,100.9,31.2,Clay,1392.5,0,1,1098.4,3.0,0,0,7.2,Low
P-04780,75,HDPE,2003,23,1136.8,21.9,Loam,1171.2,3,6,1243.6,2.9,4,0,35.8,Moderate
P-04781,40,GI,2005,21,722.7,46.4,Sandy,1308.8,2,1,1069.3,4.2,3,1,39.4,Moderate
P-04782,40,PVC,2005,21,2160.4,47.4,Sandy,1721.9,4,2,1594.5,3.1,3,0,47.0,Moderate
P-04783,110,Ductile Iron,2014,12,565.9,28.8,Loam,1779.3,3,0,1185.1,6.4,4,0,13.1,Low
P-04784,90,PVC,2007,19,2175.6,35.2,Sandy,947.8,1,1,715.5,1.6,3,0,19.9,Low
P-04785,75,HDPE,2019,7,911.7,27.2,Loam,1075.3,0,2,795.8,4.6,0,0,8.4,Low
P-04786,75,PVC,1996,30,73.7,27.8,Black Cotton,1149.7,1,4,987.2,0.7,3,1,47.6,Moderate
P-04787,40,GI,2018,8,2271.2,50.4,Black Cotton,935.6,2,0,984.7,4.6,1,0,28.6,Moderate
P-04788,160,PVC,2017,9,2260.7,29.7,Clay,870.7,1,1,1415.9,2.8,4,1,8.5,Low
P-04789,25,GI,1997,29,339.9,27.3,Sandy,1747.2,3,5,1274.5,6.5,8,0,48.5,Moderate
P-04790,160,Ductile Iron,2015,11,1715.2,33.0,Rocky,1319.6,2,0,819.6,1.3,2,0,12.3,Low
P-04791,110,PVC,2024,2,1178.5,30.0,Loam,1296.8,0,0,1119.8,0.5,0,0,4.8,Low
P-04792,63,PVC,1997,29,870.5,56.3,Clay,1457.8,8,3,1031.2,3.6,5,1,82.2,Very High
P-04793,32,Ductile Iron,2018,8,2186.3,26.5,Clay,1457.4,0,0,876.2,5.3,1,0,6.6,Low
P-04794,160,Ductile Iron,2001,25,1174.8,57.1,Black Cotton,1558.7,5,2,949.4,3.3,4,1,72.9,High
P-04795,75,GI,2005,21,452.2,39.7,Clay,1755.1,4,3,891.6,7.4,3,0,50.1,High
P-04796,50,PVC,2004,22,504.2,31.2,Clay,1046.6,2,3,1017.2,2.3,1,0,32.4,Moderate
P-04797,32,GI,2018,8,1386.5,31.5,Loam,1413.4,2,1,974.1,3.1,2,0,13.2,Low
P-04798,63,GI,2010,16,692.8,8.0,Sandy,919.0,2,3,1117.5,3.5,5,0,11.7,Low
P-04799,32,Ductile Iron,2017,9,1058.9,38.9,Loam,1423.0,4,2,1092.2,0.8,0,0,23.7,Low
P-04800,63,PVC,2021,5,2213.5,46.7,Clay,813.8,2,0,1092.8,2.1,1,0,13.5,Low
P-04801,32,PVC,1998,28,170.1,42.7,Loam,1284.2,4,3,1056.7,0.5,8,0,50.8,High
P-04802,160,Ductile Iron,2017,9,1872.4,32.8,Loam,1718.9,2,0,1056.6,1.4,2,0,10.7,Low
P-04803,63,PVC,1999,27,2124.6,19.5,Clay,1771.7,1,6,1125.9,1.6,5,1,30.9,Moderate
P-04804,110,PVC,1995,31,1990.2,26.8,Rocky,1126.1,4,0,949.2,2.9,8,0,34.2,Moderate
P-04805,25,PVC,2024,2,1563.8,28.6,Loam,1554.3,0,1,737.4,11.3,1,0,5.7,Low
P-04806,50,PVC,1995,31,1667.7,31.5,Clay,1489.4,3,1,607.4,6.3,5,0,42.4,Moderate
P-04807,40,Ductile Iron,2011,15,690.2,25.4,Loam,1338.2,2,0,1276.4,1.9,5,0,11.0,Low
P-04808,50,GI,2012,14,183.6,48.9,Sandy,988.1,0,4,1329.2,0.7,3,0,29.1,Moderate
P-04809,75,GI,2005,21,1039.7,26.8,Clay,1598.6,3,1,836.1,2.4,4,0,26.5,Moderate
P-04810,25,PVC,1996,30,1727.1,20.5,Sandy,1754.3,2,3,836.3,1.5,9,1,26.9,Moderate
P-04811,63,PVC,2024,2,53.9,26.1,Sandy,1566.5,0,3,1069.5,6.9,1,0,6.3,Low
P-04812,110,PVC,2009,17,2238.0,42.3,Clay,1055.3,6,3,1450.3,1.5,4,1,45.2,Moderate
P-04813,25,PVC,2024,2,470.9,8.0,Sandy,1618.1,0,0,1218.9,10.3,0,0,2.6,Low
P-04814,50,HDPE,2004,22,127.1,16.1,Loam,836.6,1,3,1027.9,0.1,4,0,16.0,Low
P-04815,75,HDPE,2009,17,1579.8,15.7,Sandy,1047.5,2,4,1065.5,7.8,3,0,17.4,Low
P-04816,63,PVC,2023,3,1965.8,11.8,Loam,1489.7,0,0,1030.0,3.1,0,0,2.9,Low
P-04817,25,PVC,2005,21,944.4,32.3,Loam,927.0,1,0,1054.1,3.0,1,0,20.9,Low
P-04818,63,Ductile Iron,1999,27,2095.6,21.3,Loam,1425.2,7,2,987.4,0.5,10,0,37.8,Moderate
P-04819,32,PVC,1995,31,1263.8,20.1,Loam,1288.6,5,4,1018.7,3.0,6,1,48.4,Moderate
P-04820,40,GI,2000,26,1511.7,27.1,Loam,1520.8,2,3,1159.0,2.1,2,0,39.1,Moderate
P-04821,90,PVC,2020,6,2167.3,28.2,Loam,975.3,0,1,733.6,6.7,1,0,7.0,Low
P-04822,63,PVC,2015,11,1075.3,35.1,Loam,1125.1,1,0,1048.0,6.8,6,0,9.8,Low
P-04823,32,Ductile Iron,2003,23,697.7,13.8,Loam,814.0,1,2,1009.6,3.2,4,1,14.9,Low
P-04824,32,HDPE,2016,10,634.6,34.3,Sandy,1702.3,0,1,1399.4,2.9,1,0,10.6,Low
P-04825,32,PVC,2016,10,1456.9,46.7,Sandy,1469.9,0,1,793.7,3.9,1,0,15.6,Low
P-04826,110,HDPE,2023,3,2060.1,21.9,Black Cotton,1729.0,0,1,1488.8,1.9,0,0,6.3,Low
P-04827,90,HDPE,2017,9,1582.6,42.0,Clay,1272.0,1,0,1028.1,3.3,2,0,12.5,Low
P-04828,40,PVC,2021,5,1199.6,39.9,Sandy,884.9,1,0,894.8,0.1,2,0,8.6,Low
P-04829,110,HDPE,2004,22,393.6,22.4,Loam,1194.1,1,3,659.5,0.3,7,0,16.6,Low
P-04830,40,GI,2022,4,52.2,34.4,Rocky,1231.8,0,0,1088.8,11.1,1,0,8.4,Low
P-04831,25,HDPE,2019,7,1671.7,25.9,Loam,1543.5,1,0,771.2,0.5,1,0,6.7,Low
P-04832,50,Ductile Iron,2006,20,2259.8,37.5,Loam,1500.5,3,1,706.7,10.8,2,0,33.8,Moderate
P-04833,75,GI,2022,4,296.6,21.2,Loam,922.3,3,0,1344.5,0.7,0,0,8.3,Low
P-04834,160,HDPE,2019,7,839.5,64.0,Loam,1351.8,1,1,1240.7,6.2,2,1,24.0,Low
P-04835,75,GI,2016,10,1553.3,42.5,Loam,1152.4,0,0,1356.7,8.3,1,0,15.5,Low
P-04836,25,HDPE,1995,31,1224.4,15.6,Clay,1547.4,6,3,713.2,2.2,7,1,43.9,Moderate
P-04837,32,GI,2005,21,818.4,27.1,Clay,947.5,3,0,1087.8,4.3,4,1,24.7,Low
P-04838,50,PVC,2019,7,630.4,29.6,Loam,919.6,2,1,1261.9,3.5,3,0,9.3,Low
P-04839,63,Ductile Iron,2012,14,968.8,44.3,Loam,1138.1,3,2,949.0,3.7,2,0,29.7,Moderate
P-04840,63,GI,2024,2,117.2,45.1,Loam,1130.3,0,0,862.1,1.4,1,0,9.0,Low
P-04841,90,PVC,2015,11,1914.9,24.9,Rocky,1067.7,0,2,1108.2,4.7,4,0,8.2,Low
P-04842,25,GI,2020,6,1134.7,49.0,Loam,1006.6,3,0,1077.5,1.7,0,0,22.0,Low
P-04843,160,PVC,2010,16,1827.2,56.7,Sandy,1277.2,2,2,1058.9,7.1,5,0,35.7,Moderate
P-04844,90,GI,2018,8,1678.4,12.2,Black Cotton,1632.4,3,0,1002.1,7.1,2,1,10.9,Low
P-04845,50,HDPE,2021,5,2125.3,43.0,Clay,1423.0,2,1,1297.5,7.4,2,0,13.7,Low
P-04846,160,HDPE,2009,17,2397.4,23.2,Loam,1506.3,6,3,1171.8,16.7,2,0,37.4,Moderate
P-04847,25,PVC,2007,19,2263.4,31.4,Loam,1294.6,1,6,1215.3,3.5,3,0,30.1,Moderate
P-04848,110,HDPE,2013,13,1352.8,49.4,Rocky,1536.3,4,0,1515.7,2.4,0,0,32.3,Moderate
P-04849,32,HDPE,2006,20,313.9,56.8,Black Cotton,1784.1,3,3,1628.0,1.0,3,0,60.0,High
P-04850,63,HDPE,2005,21,266.2,51.7,Clay,1149.7,2,5,1390.9,9.9,8,0,46.6,Moderate
P-04851,25,PVC,2003,23,980.9,34.8,Black Cotton,1466.7,2,2,1191.4,7.3,4,0,39.7,Moderate
P-04852,25,GI,2023,3,2351.4,37.3,Sandy,967.7,0,0,1103.0,1.8,0,0,8.0,Low
P-04853,63,PVC,2005,21,376.8,35.7,Sandy,879.9,2,1,1200.9,3.1,2,0,27.7,Moderate
P-04854,50,Ductile Iron,2011,15,1587.7,36.4,Sandy,1557.7,1,6,633.0,6.0,4,0,27.1,Moderate
P-04855,110,GI,2012,14,632.7,42.4,Clay,906.5,3,3,1407.0,7.5,4,1,34.0,Moderate
P-04856,40,PVC,2009,17,829.5,25.1,Loam,989.5,1,0,1086.0,8.9,6,0,11.0,Low
P-04857,40,PVC,1997,29,944.3,8.0,Sandy,1756.7,4,3,1117.4,4.8,7,0,27.2,Moderate
P-04858,40,HDPE,2010,16,1323.1,26.8,Loam,1727.9,3,1,910.8,11.1,1,0,21.7,Low
P-04859,32,Ductile Iron,1997,29,1762.7,39.5,Black Cotton,1778.2,2,5,861.9,4.4,8,1,57.5,High
P-04860,25,PVC,2000,26,99.6,41.0,Clay,931.2,4,2,1268.9,1.9,7,0,44.4,Moderate
P-04861,75,GI,2015,11,1216.6,32.9,Loam,1653.0,1,2,969.1,22.9,2,0,20.4,Low
P-04862,25,Ductile Iron,2012,14,2475.5,16.0,Clay,962.0,2,2,1362.7,6.5,4,0,10.8,Low
P-04863,90,PVC,2012,14,1658.3,42.5,Black Cotton,1677.8,5,0,797.2,4.5,0,0,41.5,Moderate
P-04864,40,PVC,2015,11,457.5,35.8,Clay,1348.7,1,2,816.1,6.3,2,1,15.4,Low
P-04865,32,GI,2002,24,2002.1,21.8,Sandy,1673.1,3,1,829.4,8.0,3,0,30.4,Moderate
P-04866,75,PVC,2018,8,1500.1,34.2,Clay,836.0,0,0,719.6,9.5,3,0,8.0,Low
P-04867,75,PVC,2017,9,312.9,53.3,Rocky,1761.6,1,0,1301.1,1.4,2,0,17.1,Low
P-04868,63,PVC,2023,3,2069.1,43.1,Black Cotton,1112.6,0,0,1022.3,7.5,2,1,10.7,Low
P-04869,40,GI,2019,7,1852.8,48.9,Loam,1500.2,0,0,908.0,1.6,1,0,14.2,Low
P-04870,90,PVC,2009,17,1458.4,32.5,Clay,1081.5,2,1,1312.4,0.4,1,0,20.6,Low
P-04871,90,PVC,2011,15,1133.8,37.3,Rocky,1029.5,2,2,707.3,5.8,2,0,23.5,Low
P-04872,90,PVC,2023,3,307.4,45.2,Sandy,1779.0,1,0,1232.3,3.9,0,0,10.4,Low
P-04873,32,HDPE,2017,9,1724.2,36.6,Rocky,1486.3,0,3,967.5,6.1,1,0,13.9,Low
P-04874,90,GI,2018,8,216.7,21.9,Rocky,912.1,2,2,1122.7,1.1,0,0,11.9,Low
P-04875,50,PVC,2008,18,2217.8,18.6,Clay,1596.1,5,1,1148.4,3.4,4,0,20.5,Low
P-04876,63,PVC,2023,3,1402.2,47.8,Sandy,1087.1,0,0,1301.3,0.8,0,0,9.2,Low
P-04877,25,GI,2019,7,1854.0,24.0,Clay,1394.5,3,1,1198.7,2.5,3,0,10.8,Low
P-04878,63,Ductile Iron,2019,7,334.8,57.9,Black Cotton,1361.7,1,0,1222.1,4.1,2,0,23.6,Low
P-04879,50,PVC,1998,28,878.6,21.2,Rocky,976.9,2,2,1221.4,2.3,7,1,24.5,Low
P-04880,90,PVC,1999,27,1772.1,52.1,Loam,1576.3,4,3,804.5,4.4,8,0,58.5,High
P-04881,90,GI,2019,7,2294.8,26.5,Clay,1764.3,0,0,784.7,3.4,1,0,7.2,Low
P-04882,160,PVC,1995,31,2014.7,45.6,Sandy,1058.9,1,4,622.1,0.9,4,0,54.8,High
P-04883,32,PVC,2019,7,1560.2,49.3,Loam,1792.6,0,1,824.8,0.4,2,0,12.6,Low
P-04884,160,PVC,2009,17,2241.0,23.4,Clay,1543.6,2,1,1129.8,3.2,3,0,14.8,Low
P-04885,110,PVC,2019,7,1921.5,61.4,Rocky,801.2,1,2,774.7,8.7,1,0,26.6,Moderate
P-04886,50,GI,2010,16,433.3,33.2,Sandy,1031.7,1,2,1374.3,1.0,5,1,18.5,Low
P-04887,32,Ductile Iron,2017,9,1778.9,30.2,Sandy,959.0,1,3,720.8,7.0,5,1,11.0,Low
P-04888,90,PVC,1996,30,1712.9,8.0,Rocky,1639.2,3,3,1221.8,0.2,3,0,28.6,Moderate
P-04889,63,PVC,2004,22,1791.3,47.6,Sandy,1036.2,4,1,987.4,2.3,3,1,45.5,Moderate
P-04890,110,GI,2023,3,1744.2,38.2,Clay,1578.0,0,0,995.0,12.5,1,0,9.0,Low
P-04891,110,Ductile Iron,2022,4,616.9,35.0,Loam,1420.6,1,0,826.2,5.0,1,0,7.7,Low
P-04892,25,PVC,2000,26,1650.6,64.3,Loam,1254.9,2,2,1512.2,7.4,4,0,62.1,High
P-04893,63,HDPE,1995,31,2360.7,47.3,Clay,1584.3,4,3,709.1,4.8,8,0,61.8,High
P-04894,90,PVC,1999,27,461.7,67.1,Clay,1380.3,3,3,1140.3,3.3,6,1,68.8,High
P-04895,160,GI,2005,21,165.1,38.6,Sandy,1317.0,4,1,797.8,8.0,2,1,44.4,Moderate
P-04896,25,HDPE,2024,2,1764.0,68.3,Clay,1777.2,0,0,1127.4,10.1,0,0,18.1,Low
P-04897,160,Ductile Iron,2010,16,391.8,32.8,Sandy,1067.3,3,2,963.1,2.1,4,0,22.1,Low
P-04898,25,Ductile Iron,2002,24,1558.7,31.1,Loam,1378.4,6,3,1203.7,4.5,2,1,52.6,High
P-04899,110,GI,2019,7,1438.0,28.4,Sandy,1422.8,0,1,1183.4,1.8,2,1,8.0,Low
P-04900,160,PVC,2011,15,959.6,56.5,Clay,1171.4,4,0,1079.8,2.8,4,0,36.0,Moderate
P-04901,63,HDPE,2014,12,391.6,46.0,Loam,881.4,0,1,1225.1,2.3,6,0,13.2,Low
P-04902,90,HDPE,2002,24,2205.7,31.0,Loam,1576.8,4,2,638.9,5.2,4,1,37.8,Moderate
P-04903,160,GI,2007,19,2353.2,42.7,Loam,1670.0,1,1,842.1,10.9,3,0,31.2,Moderate
P-04904,50,HDPE,2022,4,1931.7,19.6,Loam,1578.7,2,1,780.8,4.6,0,0,6.6,Low
P-04905,50,GI,2005,21,936.5,29.3,Clay,1370.4,2,0,691.6,7.2,2,0,25.9,Moderate
P-04906,40,HDPE,2015,11,493.3,48.3,Sandy,1678.6,3,2,1165.7,2.7,1,0,28.8,Moderate
P-04907,90,HDPE,2004,22,60.5,41.5,Loam,808.6,1,0,1260.2,2.1,8,0,20.3,Low
P-04908,75,PVC,2023,3,2446.3,37.9,Clay,1479.6,1,0,1281.1,4.2,0,0,8.3,Low
P-04909,50,PVC,2008,18,937.7,39.7,Clay,1086.9,4,4,951.4,4.2,4,1,40.2,Moderate
P-04910,160,HDPE,2006,20,1485.3,40.5,Loam,923.5,4,2,1327.8,0.5,1,0,41.2,Moderate
P-04911,90,PVC,2005,21,236.8,19.1,Loam,1340.0,2,3,1197.3,1.4,7,1,16.7,Low
P-04912,25,PVC,1999,27,2268.6,71.2,Loam,1756.1,4,1,1309.2,4.5,5,1,71.8,High
P-04913,63,HDPE,2019,7,51.4,43.6,Black Cotton,1570.0,0,0,1005.3,1.3,1,0,13.7,Low
P-04914,32,Ductile Iron,2004,22,516.4,23.7,Sandy,1632.7,1,2,832.3,0.7,7,0,15.6,Low
P-04915,32,PVC,2011,15,1008.3,12.8,Clay,934.2,1,1,1110.7,4.0,1,0,9.0,Low
P-04916,160,GI,2000,26,1452.0,21.2,Sandy,963.1,4,4,1028.9,6.4,6,0,41.8,Moderate
P-04917,25,PVC,1996,30,2083.5,31.8,Clay,1792.1,3,5,1030.2,4.3,6,0,51.4,High
P-04918,110,GI,2023,3,1361.6,37.2,Loam,1010.4,0,0,1301.8,0.8,1,0,7.4,Low
P-04919,63,Ductile Iron,1996,30,893.9,37.9,Loam,1625.6,2,1,939.9,0.6,8,1,35.3,Moderate
P-04920,50,PVC,2008,18,2157.2,32.2,Clay,1118.8,3,4,1551.5,5.6,3,0,31.9,Moderate
P-04921,160,PVC,2019,7,837.6,53.8,Loam,1603.7,0,0,1022.7,8.1,3,0,13.6,Low
P-04922,110,PVC,2010,16,2011.4,48.7,Rocky,1125.8,2,1,1276.1,7.1,4,0,28.1,Moderate
P-04923,40,PVC,1999,27,1533.0,51.8,Black Cotton,1087.9,8,6,796.4,5.2,4,1,88.6,Very High
P-04924,110,PVC,2000,26,2078.8,41.0,Loam,1291.7,2,2,774.8,5.3,5,1,39.8,Moderate
P-04925,160,HDPE,1996,30,165.6,31.6,Rocky,1583.9,1,3,831.0,6.8,5,0,38.4,Moderate
P-04926,75,PVC,2002,24,1865.4,46.8,Loam,936.7,2,1,777.6,6.5,2,1,42.7,Moderate
P-04927,50,GI,1997,29,2136.4,15.3,Loam,1578.9,5,3,768.0,7.8,7,1,42.5,Moderate
P-04928,75,HDPE,2023,3,2233.8,56.4,Loam,1108.0,1,0,1302.7,9.0,0,0,15.6,Low
P-04929,40,PVC,2001,25,126.1,16.5,Clay,952.2,3,5,1397.4,0.0,9,0,25.0,Low
P-04930,90,PVC,1996,30,2094.0,34.3,Sandy,1533.4,5,2,1283.3,1.9,5,0,53.4,High
P-04931,40,PVC,2023,3,1753.4,41.6,Clay,1443.0,1,1,1067.0,5.9,0,0,10.7,Low
P-04932,160,HDPE,1998,28,78.7,29.3,Clay,845.7,1,1,1307.0,1.1,3,0,28.3,Moderate
P-04933,160,GI,1999,27,343.8,20.9,Black Cotton,804.5,4,1,1006.1,3.1,9,1,36.9,Moderate
P-04934,40,HDPE,1997,29,1134.0,40.4,Loam,999.2,4,4,944.5,1.4,7,0,55.8,High
P-04935,50,PVC,2014,12,884.8,34.1,Clay,831.8,4,0,642.7,0.8,4,0,16.6,Low
P-04936,160,GI,2004,22,1940.1,37.9,Clay,958.7,5,3,718.7,4.3,3,0,53.7,High
P-04937,32,PVC,2015,11,192.2,50.1,Loam,835.9,1,0,1024.6,13.4,2,1,20.4,Low
P-04938,63,Ductile Iron,2012,14,1314.7,50.4,Sandy,1072.1,3,2,1079.2,10.4,7,0,29.9,Moderate
P-04939,160,PVC,2006,20,1398.1,36.0,Rocky,1732.1,4,1,1303.2,3.2,1,0,35.4,Moderate
P-04940,110,GI,1996,30,386.4,32.9,Sandy,1202.1,6,1,1216.1,4.9,6,1,58.0,High
P-04941,110,GI,1999,27,2478.2,31.4,Loam,928.7,6,3,1256.7,1.9,8,1,53.5,High
P-04942,90,PVC,2016,10,1589.1,32.7,Loam,1443.1,2,1,1047.3,9.2,3,0,13.5,Low
P-04943,75,Ductile Iron,2017,9,2195.3,39.7,Loam,1314.6,0,2,1043.2,0.4,1,0,12.7,Low
P-04944,63,PVC,2018,8,779.1,41.2,Loam,1041.0,0,2,899.2,4.9,5,0,10.7,Low
P-04945,75,PVC,2022,4,2034.5,38.4,Loam,926.9,1,0,1140.9,2.3,0,0,8.8,Low
P-04946,110,HDPE,2011,15,1801.8,38.5,Loam,1308.6,2,1,795.2,2.7,5,0,18.3,Low
P-04947,25,PVC,2015,11,676.0,21.6,Sandy,1586.7,0,0,1250.6,3.7,4,0,5.7,Low
P-04948,110,PVC,2022,4,988.6,48.1,Clay,978.1,1,1,775.4,9.6,1,0,13.9,Low
P-04949,63,GI,2013,13,775.7,26.5,Loam,1779.2,0,0,1126.3,7.3,3,0,10.3,Low
P-04950,160,HDPE,2007,19,278.5,39.5,Sandy,1214.8,2,0,929.0,0.9,4,0,22.1,Low
P-04951,63,HDPE,2009,17,1593.3,16.0,Clay,909.6,3,1,1123.3,1.8,1,0,15.1,Low
P-04952,32,PVC,2021,5,2145.8,45.1,Clay,1229.2,0,0,1040.4,4.7,1,0,9.6,Low
P-04953,90,PVC,2019,7,1494.5,16.8,Rocky,1188.6,0,0,852.8,2.7,1,0,4.3,Low
P-04954,75,HDPE,2000,26,2462.2,31.7,Loam,1364.4,3,0,546.5,3.9,4,0,31.3,Moderate
P-04955,40,Ductile Iron,1997,29,1915.7,53.5,Rocky,1712.4,4,3,911.5,5.4,3,1,70.2,High
P-04956,90,HDPE,2002,24,1288.6,52.3,Sandy,1210.8,4,2,1083.8,4.3,2,1,58.8,High
P-04957,50,HDPE,2007,19,1949.0,14.0,Sandy,880.2,1,1,931.3,3.3,5,0,9.8,Low
P-04958,32,GI,2002,24,1125.0,45.7,Sandy,1361.3,1,3,1241.7,8.7,4,0,46.5,Moderate
P-04959,40,Ductile Iron,2019,7,2460.1,23.1,Sandy,1564.6,1,0,884.5,1.3,3,0,5.5,Low
P-04960,110,GI,2011,15,2106.9,22.9,Clay,813.3,1,1,989.3,5.0,2,0,14.1,Low
P-04961,25,Ductile Iron,2007,19,1728.9,40.2,Sandy,921.1,2,3,1019.0,4.4,0,1,36.5,Moderate
P-04962,40,PVC,2021,5,1170.9,33.4,Sandy,914.2,3,0,952.0,6.3,1,0,11.1,Low
P-04963,160,GI,1996,30,627.0,49.7,Clay,1651.4,5,3,1115.5,5.3,8,0,70.7,High
P-04964,32,PVC,2006,20,1675.0,38.4,Loam,1095.3,4,4,988.9,2.8,3,0,43.7,Moderate
P-04965,40,Ductile Iron,2005,21,392.8,59.9,Loam,1020.5,0,3,662.1,0.7,5,0,39.4,Moderate
P-04966,75,GI,2004,22,1521.7,30.7,Rocky,1158.6,2,2,1135.2,4.1,3,0,31.5,Moderate
P-04967,40,GI,2009,17,1462.0,35.8,Sandy,936.8,5,4,888.5,3.9,3,0,45.7,Moderate
P-04968,50,Ductile Iron,2004,22,963.8,45.0,Clay,1536.8,2,2,1012.9,6.3,1,1,42.0,Moderate
P-04969,75,PVC,2004,22,1250.3,33.3,Sandy,1085.0,2,3,702.6,2.5,8,0,25.4,Moderate
P-04970,160,PVC,2023,3,807.7,24.1,Sandy,1347.1,0,1,870.7,3.9,0,0,5.0,Low
P-04971,63,PVC,1996,30,2489.9,54.7,Loam,940.2,5,1,1419.6,3.3,4,1,69.0,High
P-04972,32,HDPE,2005,21,1736.8,30.4,Loam,1054.5,5,2,980.5,9.4,3,0,39.2,Moderate
P-04973,25,PVC,2020,6,587.9,8.4,Rocky,1665.0,0,0,1259.9,0.8,2,0,2.8,Low
P-04974,40,Ductile Iron,2022,4,1917.6,42.3,Loam,1720.3,0,1,1032.5,0.3,0,0,9.2,Low
P-04975,40,PVC,1999,27,1934.6,61.8,Clay,1534.6,5,4,1026.2,9.7,1,1,81.7,Very High
P-04976,50,GI,2012,14,686.9,28.3,Loam,1072.0,3,1,933.4,5.7,3,0,20.1,Low
P-04977,75,GI,2011,15,1084.3,12.0,Loam,1666.9,4,2,1329.3,9.2,3,0,18.0,Low
P-04978,25,PVC,2022,4,130.7,45.5,Loam,961.8,1,0,735.0,3.6,1,0,10.6,Low
P-04979,90,HDPE,1999,27,197.8,39.9,Black Cotton,1105.2,4,3,1489.8,4.9,3,0,64.0,High
P-04980,40,PVC,2010,16,352.4,39.4,Clay,1376.2,1,0,1408.6,0.4,3,0,16.6,Low
P-04981,63,PVC,2002,24,450.0,37.0,Rocky,811.2,2,2,1562.1,3.5,1,1,37.9,Moderate
P-04982,75,PVC,2002,24,1661.5,22.4,Black Cotton,1096.7,2,2,732.8,3.7,8,0,25.5,Moderate
P-04983,160,PVC,1995,31,2450.0,45.2,Clay,1635.6,3,5,832.6,1.9,10,0,58.1,High
P-04984,160,PVC,2019,7,765.4,23.6,Clay,1134.9,1,0,1041.2,4.8,0,1,6.9,Low
P-04985,50,HDPE,1997,29,519.9,23.4,Sandy,1110.2,2,4,1088.4,2.1,1,0,41.3,Moderate
P-04986,32,PVC,2003,23,207.1,39.2,Sandy,1632.5,1,5,814.8,2.6,8,0,32.9,Moderate
P-04987,63,GI,2001,25,151.9,36.5,Clay,1508.4,4,6,810.1,0.1,3,1,61.6,High
P-04988,32,PVC,2007,19,1590.8,36.8,Loam,1049.8,1,1,904.1,0.0,1,0,22.5,Low
P-04989,25,PVC,2004,22,2269.5,24.0,Black Cotton,1064.8,3,1,981.4,7.5,4,0,30.6,Moderate
P-04990,40,HDPE,2008,18,642.8,38.2,Loam,1464.1,1,6,799.1,5.4,3,0,34.3,Moderate
P-04991,32,PVC,2024,2,1369.1,8.0,Sandy,1707.0,0,0,1071.5,2.2,1,0,2.2,Low
P-04992,32,HDPE,2003,23,1918.3,32.2,Black Cotton,1465.4,3,3,1005.1,15.2,2,1,51.0,High
P-04993,40,Ductile Iron,2009,17,1529.5,41.6,Loam,1023.4,3,1,1120.6,1.8,4,1,26.7,Moderate
P-04994,160,HDPE,1999,27,1394.4,30.7,Clay,1667.0,3,2,939.4,3.6,6,0,35.3,Moderate
P-04995,50,PVC,2023,3,588.8,34.8,Clay,1630.6,1,3,1140.5,7.9,1,0,10.6,Low
P-04996,90,Ductile Iron,2011,15,575.0,26.7,Loam,901.5,1,1,959.9,1.0,2,0,12.6,Low
P-04997,63,PVC,2020,6,1230.8,30.5,Rocky,1553.1,1,0,1502.9,8.0,4,0,6.8,Low
P-04998,75,Ductile Iron,2011,15,1293.9,25.1,Black Cotton,1123.7,2,2,1204.9,3.4,7,0,16.9,Low
P-04999,110,PVC,2011,15,1697.0,24.6,Black Cotton,1011.8,2,3,1444.8,4.0,4,0,21.5,Low
P-05000,160,HDPE,2003,23,2408.9,41.7,Rocky,1445.9,3,1,1238.5,5.1,7,0,33.5,Moderate
P-05001,160,Ductile Iron,2013,13,1902.6,27.1,Sandy,1006.7,3,0,1114.0,7.7,1,0,15.7,Low
P-05002,40,PVC,2010,16,1042.5,37.0,Rocky,1402.4,2,3,1179.7,5.4,4,1,24.7,Low
P-05003,50,PVC,1997,29,686.0,28.5,Loam,1283.9,5,2,1249.0,1.9,5,1,46.6,Moderate
P-05004,63,PVC,2007,19,1644.1,38.5,Sandy,1400.5,2,2,1286.1,7.2,4,1,28.1,Moderate
P-05005,63,GI,1996,30,1191.8,10.6,Sandy,991.9,6,3,907.5,2.6,7,1,42.8,Moderate
P-05006,110,Ductile Iron,1999,27,56.2,49.6,Loam,982.8,6,2,1394.3,2.8,2,0,69.5,High
P-05007,75,GI,2001,25,1460.5,30.9,Loam,1441.5,4,4,1176.8,2.0,6,1,46.7,Moderate
P-05008,32,PVC,2018,8,645.6,39.2,Sandy,912.9,1,1,913.5,5.3,1,0,13.0,Low
P-05009,160,HDPE,1998,28,579.4,23.1,Sandy,1224.4,6,3,1258.2,0.1,4,1,48.5,Moderate
P-05010,63,Ductile Iron,2021,5,975.5,28.6,Clay,1041.7,0,1,1204.2,1.6,3,0,5.5,Low
P-05011,40,HDPE,2014,12,2187.9,37.8,Loam,881.6,1,1,727.7,4.1,2,0,15.1,Low
P-05012,63,GI,1999,27,1648.0,31.0,Clay,1354.1,3,3,1057.5,0.9,5,0,43.8,Moderate
P-05013,110,PVC,2023,3,1748.7,10.7,Clay,1163.6,1,0,1132.4,10.4,1,0,3.5,Low
P-05014,90,HDPE,2018,8,721.9,36.8,Clay,1649.8,0,3,1365.6,1.8,1,0,12.4,Low
P-05015,63,HDPE,2024,2,2138.9,30.7,Sandy,886.9,3,0,1358.4,12.6,1,0,9.1,Low
P-05016,50,PVC,1998,28,1010.1,34.7,Clay,945.0,2,1,1329.0,9.3,4,0,37.8,Moderate
P-05017,110,HDPE,2019,7,671.7,40.5,Clay,1169.6,2,2,904.5,4.9,1,1,16.5,Low
P-05018,160,HDPE,2016,10,370.9,32.9,Loam,1470.4,3,0,1408.5,9.4,5,0,12.8,Low
P-05019,25,GI,2000,26,296.0,27.7,Sandy,904.0,4,2,1626.1,2.7,5,0,41.1,Moderate
P-05020,63,PVC,2016,10,791.1,20.1,Clay,1241.1,0,0,793.0,7.8,2,0,6.0,Low
P-05021,90,PVC,2024,2,557.2,39.7,Black Cotton,1449.5,0,0,1403.2,3.2,0,0,9.4,Low
P-05022,32,PVC,2007,19,1131.2,35.3,Loam,1179.8,4,2,1371.2,1.1,3,0,32.6,Moderate
P-05023,50,PVC,2009,17,1375.6,26.3,Loam,1352.9,0,1,710.4,2.5,2,0,12.4,Low
P-05024,90,HDPE,2005,21,1989.3,50.7,Black Cotton,1466.2,3,2,1046.8,3.9,5,0,51.4,High
P-05025,25,HDPE,2001,25,119.4,16.1,Loam,1199.6,1,2,749.9,1.8,6,0,16.1,Low
P-05026,25,PVC,2001,25,984.7,23.0,Clay,1339.8,4,1,668.7,7.1,2,1,33.6,Moderate
P-05027,63,HDPE,2024,2,2260.3,39.8,Clay,1354.4,0,0,980.7,3.0,0,0,6.8,Low
P-05028,90,HDPE,1996,30,1454.9,27.0,Clay,1201.2,5,3,1083.8,5.2,8,1,47.1,Moderate
P-05029,75,GI,2008,18,482.9,42.4,Black Cotton,1513.3,4,1,1173.2,3.9,8,0,40.4,Moderate
P-05030,40,PVC,2014,12,1297.7,41.3,Loam,873.0,1,0,1119.5,1.2,1,1,15.2,Low
P-05031,110,PVC,2023,3,1692.5,36.7,Sandy,1696.7,0,0,853.4,7.7,3,0,6.0,Low
P-05032,32,GI,2010,16,745.9,48.7,Sandy,1688.9,2,1,1178.5,2.4,2,0,33.4,Moderate
P-05033,32,HDPE,2014,12,1043.9,38.1,Clay,1217.8,2,0,1611.6,1.1,2,0,15.3,Low
P-05034,63,PVC,1995,31,546.2,34.4,Loam,1167.7,5,1,1225.8,1.6,5,0,52.1,High
P-05035,63,PVC,2003,23,1197.3,22.8,Clay,957.3,2,1,986.7,1.9,3,0,20.8,Low
P-05036,50,PVC,2014,12,1503.6,12.5,Loam,1342.8,3,0,1220.5,6.6,1,0,9.3,Low
P-05037,160,PVC,2003,23,807.0,40.7,Loam,851.0,4,5,1316.9,1.0,1,1,56.8,High
P-05038,32,PVC,2023,3,2187.5,61.2,Clay,1190.6,0,0,1218.0,3.1,0,1,14.3,Low
P-05039,75,Ductile Iron,2006,20,1013.5,10.8,Black Cotton,1199.2,2,1,881.6,0.9,2,0,17.0,Low
P-05040,90,Ductile Iron,2019,7,1091.5,24.5,Clay,1367.1,2,0,1146.7,11.5,4,0,7.4,Low
P-05041,40,PVC,2015,11,1180.6,8.0,Rocky,1545.2,1,1,1311.1,1.5,5,0,4.5,Low
P-05042,50,PVC,2001,25,478.8,36.1,Rocky,1041.8,2,3,1069.4,7.4,5,1,37.7,Moderate
P-05043,40,Ductile Iron,2001,25,831.7,39.3,Clay,1678.4,3,5,1382.9,6.4,2,0,55.4,High
P-05044,32,PVC,2011,15,2144.0,32.3,Sandy,1442.1,4,2,1199.4,3.8,2,0,26.4,Moderate
P-05045,160,GI,2023,3,248.6,35.0,Rocky,825.0,0,0,1041.3,5.4,0,0,7.8,Low
P-05046,25,PVC,2024,2,997.3,46.1,Clay,1202.3,0,0,1014.9,0.7,0,0,8.1,Low
P-05047,63,HDPE,1996,30,1026.6,31.4,Sandy,1531.4,5,6,1080.1,0.2,6,1,61.6,High
P-05048,63,PVC,2001,25,1835.1,43.3,Loam,1262.7,4,3,1121.5,15.3,8,1,51.3,High
P-05049,63,GI,2004,22,478.2,25.0,Clay,1089.1,2,0,895.8,7.9,3,0,23.6,Low
P-05050,160,Ductile Iron,2016,10,2086.2,32.8,Loam,1329.6,1,3,1545.9,12.3,2,0,15.9,Low
P-05051,110,PVC,1995,31,1731.2,27.9,Clay,1085.9,5,3,1052.8,7.1,8,0,50.4,High
P-05052,90,HDPE,2012,14,2217.5,23.4,Loam,1341.6,0,2,913.3,10.8,1,0,12.3,Low
P-05053,40,PVC,2002,24,1006.1,48.6,Loam,1285.5,4,3,1101.2,5.2,7,0,51.7,High
P-05054,75,GI,2024,2,303.3,38.8,Rocky,1504.7,0,0,1036.9,6.0,0,0,8.3,Low
P-05055,90,GI,2000,26,1633.3,30.9,Black Cotton,1776.8,1,3,1123.9,2.9,8,0,38.1,Moderate
P-05056,75,GI,2005,21,1011.3,50.5,Loam,1054.7,7,3,818.3,2.9,5,0,67.6,High
P-05057,32,GI,2014,12,1126.7,39.4,Loam,1153.9,1,2,695.5,7.3,3,0,20.5,Low
P-05058,32,PVC,1996,30,856.1,17.1,Sandy,1465.2,5,2,1257.3,0.9,8,0,34.1,Moderate
P-05059,75,PVC,2011,15,385.0,47.0,Loam,1114.7,2,3,973.9,1.6,2,0,31.5,Moderate
P-05060,40,Ductile Iron,2022,4,1623.8,47.0,Sandy,1529.2,0,0,1673.0,1.3,0,0,9.6,Low
P-05061,25,PVC,2003,23,490.9,55.5,Loam,1249.7,3,2,953.1,2.2,3,1,53.0,High
P-05062,75,HDPE,2018,8,2402.1,46.4,Black Cotton,1394.9,2,0,674.3,7.0,0,0,23.8,Low
P-05063,75,PVC,1995,31,463.2,19.7,Clay,1243.5,5,7,1092.4,3.9,7,0,56.5,High
P-05064,63,PVC,2011,15,1350.7,17.1,Loam,1018.1,0,0,894.4,2.2,3,0,6.8,Low
P-05065,25,PVC,2014,12,1463.3,18.4,Clay,1700.8,1,0,904.8,8.1,2,0,7.8,Low
P-05066,50,GI,2011,15,497.6,40.4,Sandy,1348.9,2,1,843.4,2.2,3,1,24.6,Low
P-05067,50,GI,1996,30,1718.5,18.1,Clay,1638.4,6,4,1222.6,10.3,5,1,58.3,High
P-05068,63,GI,2019,7,535.1,41.9,Black Cotton,1177.6,1,1,1263.3,5.7,0,0,22.1,Low
P-05069,32,HDPE,2005,21,1240.0,19.2,Clay,1104.1,1,4,1097.0,0.9,7,1,16.0,Low
P-05070,32,HDPE,2002,24,1636.9,20.0,Rocky,1141.9,3,0,1141.8,2.7,5,0,19.5,Low
P-05071,110,PVC,2003,23,2241.0,30.8,Loam,834.6,0,3,1357.0,2.7,6,0,21.0,Low
P-05072,110,HDPE,1998,28,1635.0,52.5,Sandy,1297.0,2,2,1453.3,1.3,6,1,50.4,High
P-05073,63,HDPE,2017,9,2033.5,17.4,Black Cotton,1477.5,0,1,884.1,2.7,3,0,7.1,Low
P-05074,40,PVC,2019,7,492.6,28.1,Sandy,1352.1,0,1,871.3,5.3,0,0,7.7,Low
P-05075,160,GI,1996,30,2206.3,21.3,Sandy,1714.6,6,2,992.4,1.6,3,1,54.4,High
P-05076,160,GI,2023,3,1825.6,50.6,Black Cotton,875.8,0,0,1164.9,5.2,2,0,15.5,Low
P-05077,90,HDPE,2010,16,1718.4,34.1,Rocky,1521.0,4,3,831.4,2.1,4,0,28.8,Moderate
P-05078,110,HDPE,2012,14,1004.3,23.2,Clay,856.2,2,1,1164.0,2.8,4,1,11.4,Low
P-05079,75,PVC,2007,19,1569.3,39.8,Sandy,988.1,0,3,902.5,7.6,4,0,24.6,Low
P-05080,32,PVC,2006,20,215.1,19.4,Clay,1509.3,3,3,1123.5,4.2,5,0,21.0,Low
P-05081,160,PVC,2022,4,224.8,15.3,Black Cotton,1669.7,0,1,907.7,12.5,2,0,5.6,Low
P-05082,32,Ductile Iron,2023,3,1515.0,46.3,Loam,1108.3,2,0,701.3,6.7,0,0,13.1,Low
P-05083,40,GI,2023,3,452.5,40.7,Loam,1796.6,0,0,513.3,0.5,2,0,7.9,Low
P-05084,110,HDPE,2019,7,277.6,50.1,Black Cotton,948.4,2,0,1274.8,1.4,2,1,21.2,Low
P-05085,50,PVC,2001,25,795.3,18.9,Rocky,1556.9,5,1,1300.9,0.5,2,0,32.2,Moderate
P-05086,63,GI,2016,10,2263.0,26.9,Sandy,1169.2,2,0,690.5,2.2,3,0,11.0,Low
P-05087,90,PVC,2006,20,2085.4,21.9,Loam,841.4,3,2,999.1,1.7,4,0,20.6,Low
P-05088,110,Ductile Iron,1998,28,386.2,16.2,Clay,1758.1,3,2,1087.2,10.9,8,1,25.9,Moderate
P-05089,160,GI,2008,18,981.3,44.6,Clay,851.9,0,3,1147.7,1.3,3,1,29.7,Moderate
P-05090,63,HDPE,2017,9,265.0,25.9,Clay,866.6,0,1,1315.7,9.4,3,0,7.4,Low
P-05091,50,GI,2006,20,609.2,32.8,Clay,1397.5,3,2,868.8,12.9,4,0,35.4,Moderate
P-05092,90,HDPE,2021,5,2478.0,44.3,Black Cotton,1458.2,0,0,1132.1,6.7,2,0,12.5,Low
P-05093,110,GI,2023,3,2130.0,33.9,Black Cotton,1313.2,0,0,1207.4,4.2,1,0,9.6,Low
P-05094,90,PVC,2019,7,1381.0,37.7,Loam,948.1,0,0,1035.7,1.2,1,0,8.3,Low
P-05095,40,PVC,2024,2,957.1,28.3,Loam,1368.6,0,0,933.2,0.6,0,0,4.5,Low
P-05096,110,GI,2021,5,2104.6,39.1,Clay,1296.8,0,1,736.9,0.3,1,0,10.2,Low
P-05097,32,PVC,2020,6,1206.2,46.0,Clay,1443.7,0,0,1236.2,4.4,0,0,11.2,Low
P-05098,40,PVC,2017,9,1387.4,28.6,Loam,1421.9,1,2,659.6,1.1,4,0,9.0,Low
P-05099,25,PVC,2014,12,170.7,43.7,Sandy,861.7,2,1,777.8,2.4,0,0,22.4,Low
P-05100,25,PVC,2015,11,377.2,27.7,Black Cotton,1084.2,0,0,1090.9,9.1,1,0,12.1,Low
P-05101,25,Ductile Iron,2021,5,250.0,40.0,Clay,1412.8,1,0,1364.7,4.6,1,0,9.6,Low
P-05102,40,PVC,1997,29,2395.3,8.0,Clay,1206.9,2,4,1249.5,2.7,6,0,23.4,Low
P-05103,75,PVC,2018,8,595.4,24.7,Loam,863.9,0,0,1394.6,6.9,0,0,6.7,Low
P-05104,75,PVC,1996,30,1266.1,19.9,Clay,1095.4,4,3,1153.9,0.6,9,1,33.8,Moderate
P-05105,110,PVC,1996,30,424.1,37.9,Clay,1104.9,6,3,794.2,4.1,3,1,67.4,High
P-05106,32,Ductile Iron,2023,3,462.9,49.6,Loam,1725.7,0,0,774.1,0.1,1,0,9.1,Low
P-05107,90,PVC,1996,30,1142.1,34.1,Rocky,979.0,4,2,690.5,2.6,9,1,43.1,Moderate
P-05108,90,Ductile Iron,2002,24,1066.7,53.8,Sandy,1060.1,2,3,1177.8,2.6,4,1,50.8,High
P-05109,63,HDPE,2007,19,888.5,49.0,Loam,1477.8,5,0,1011.0,12.1,5,1,43.1,Moderate
P-05110,32,HDPE,2016,10,2201.6,37.2,Loam,838.8,1,1,841.2,8.3,1,1,14.5,Low
P-05111,50,PVC,2021,5,1455.9,28.7,Loam,1414.9,1,1,500.0,2.9,0,0,7.8,Low
P-05112,32,PVC,2002,24,1171.2,32.6,Sandy,1248.3,1,0,1244.6,1.3,4,0,21.4,Low
P-05113,50,GI,2013,13,1771.3,51.1,Clay,1604.2,5,1,712.7,2.9,1,1,44.4,Moderate
P-05114,32,PVC,2019,7,1883.9,52.4,Clay,1722.9,1,0,1159.2,2.7,3,0,14.2,Low
P-05115,40,GI,2019,7,2402.1,29.2,Loam,1481.1,1,0,1001.9,0.5,1,0,8.9,Low
P-05116,63,Ductile Iron,2004,22,486.6,46.0,Sandy,936.0,4,2,1026.7,1.2,4,1,45.5,Moderate
P-05117,63,PVC,2007,19,2375.3,38.5,Clay,1435.5,3,1,810.2,3.2,3,0,29.1,Moderate
P-05118,75,HDPE,2022,4,301.1,25.9,Loam,1317.3,1,1,752.8,1.2,1,0,6.1,Low
P-05119,32,GI,2000,26,673.2,54.4,Rocky,1132.1,1,3,1035.6,1.5,7,1,50.7,High
P-05120,32,PVC,2007,19,1276.1,32.0,Clay,1672.6,0,1,1001.4,15.2,2,0,19.5,Low
P-05121,110,PVC,2012,14,1919.0,51.5,Clay,1153.8,4,2,1062.0,7.0,4,0,37.7,Moderate
P-05122,50,PVC,2016,10,1010.6,36.0,Clay,1535.2,2,0,955.3,3.1,2,0,13.0,Low
P-05123,90,PVC,2012,14,1296.0,39.8,Rocky,1403.2,2,3,1102.7,5.9,5,0,22.8,Low
P-05124,110,PVC,1996,30,178.3,27.9,Sandy,1446.7,2,0,1145.6,11.0,6,1,30.8,Moderate
P-05125,40,HDPE,1998,28,1804.4,32.9,Sandy,1444.4,4,5,1095.1,3.5,4,1,55.8,High
P-05126,110,HDPE,2007,19,1854.3,37.9,Sandy,917.5,2,0,1096.1,5.2,3,0,23.3,Low
P-05127,160,Ductile Iron,1997,29,255.0,41.9,Black Cotton,1606.5,1,4,835.7,2.9,5,1,55.8,High
P-05128,110,Ductile Iron,2005,21,1030.9,39.9,Loam,1217.0,2,2,1112.1,2.9,5,0,29.6,Moderate
P-05129,25,Ductile Iron,2022,4,382.0,25.9,Clay,1699.6,0,1,1408.9,0.5,1,0,5.1,Low
P-05130,25,Ductile Iron,2017,9,1148.5,26.8,Loam,1023.0,1,0,1419.6,1.3,1,0,7.9,Low
P-05131,40,Ductile Iron,1997,29,2460.6,23.7,Sandy,1154.8,1,5,1164.8,5.7,4,1,37.3,Moderate
P-05132,63,PVC,1998,28,1865.7,23.5,Loam,1687.9,5,2,715.3,2.4,5,0,40.6,Moderate
P-05133,63,PVC,2017,9,1468.1,46.1,Clay,1554.5,1,1,1004.7,0.2,2,0,15.2,Low
P-05134,160,Ductile Iron,1995,31,1386.3,40.0,Black Cotton,1583.8,3,3,1038.3,1.0,7,1,59.8,High
P-05135,110,PVC,2024,2,2371.9,44.2,Clay,1126.7,0,0,1278.3,1.5,0,1,7.7,Low
P-05136,40,GI,2011,15,1660.1,22.6,Loam,818.0,1,2,1133.9,6.6,4,0,14.4,Low
P-05137,110,Ductile Iron,2010,16,630.9,31.7,Clay,1008.0,0,0,1028.7,0.8,3,0,11.3,Low
P-05138,90,GI,2022,4,1826.9,46.9,Sandy,1786.2,0,0,1244.6,0.3,3,0,9.7,Low
P-05139,50,GI,1998,28,1662.9,62.4,Sandy,1150.0,2,1,1171.6,0.8,7,0,59.1,High
P-05140,50,HDPE,2001,25,2047.7,38.9,Rocky,1009.9,3,2,1013.0,4.2,9,0,34.5,Moderate
P-05141,110,PVC,1999,27,1870.2,16.4,Clay,1686.2,4,2,1004.9,4.9,10,0,24.1,Low
P-05142,25,GI,2016,10,1278.6,26.5,Rocky,1000.0,0,3,1457.6,0.4,2,0,11.5,Low
P-05143,75,PVC,2019,7,1565.0,29.4,Sandy,1457.9,2,3,1193.3,16.3,1,0,15.3,Low
P-05144,40,GI,2022,4,1292.6,32.0,Black Cotton,1372.7,0,0,1000.7,2.4,0,0,10.0,Low
P-05145,63,Ductile Iron,1998,28,859.7,27.8,Loam,1094.7,4,4,1122.2,2.2,6,0,44.6,Moderate
P-05146,75,PVC,2021,5,1379.4,42.6,Loam,964.1,0,1,986.7,9.3,0,0,11.3,Low
P-05147,110,HDPE,2008,18,67.5,53.2,Sandy,832.8,2,1,1295.4,0.1,2,1,35.0,Moderate
P-05148,63,HDPE,2002,24,2117.0,25.7,Clay,1407.6,1,1,1164.0,1.5,3,0,20.6,Low
P-05149,50,GI,2004,22,98.4,54.8,Black Cotton,1268.2,5,3,947.5,0.4,3,0,73.8,High
P-05150,63,GI,2013,13,1546.5,8.0,Clay,1549.8,1,1,1018.4,0.8,4,0,6.5,Low
P-05151,160,PVC,2008,18,2360.1,52.3,Clay,1446.9,1,1,1089.3,20.1,2,1,37.1,Moderate
P-05152,25,PVC,2013,13,1834.4,56.5,Loam,1276.2,2,1,1145.1,0.6,2,0,29.6,Moderate
P-05153,25,GI,2007,19,1281.9,53.3,Loam,891.4,1,0,969.3,2.5,3,0,33.8,Moderate
P-05154,50,GI,2009,17,518.0,9.3,Rocky,1572.4,3,3,880.7,7.3,3,0,17.6,Low
P-05155,90,PVC,1998,28,1384.4,61.3,Clay,1012.8,1,3,983.1,8.4,7,1,57.9,High
P-05156,50,PVC,2011,15,1474.1,38.7,Black Cotton,1777.6,4,1,1303.0,3.1,2,0,35.5,Moderate
P-05157,110,GI,2012,14,1648.2,42.0,Loam,1022.2,1,0,968.4,2.0,1,0,20.9,Low
P-05158,110,PVC,2010,16,1294.1,55.3,Rocky,1740.4,2,2,1122.4,1.1,3,0,35.3,Moderate
P-05159,75,GI,1997,29,598.7,14.1,Clay,1668.3,4,6,1394.4,2.3,3,1,50.6,High
P-05160,75,HDPE,2019,7,1739.1,31.7,Black Cotton,1433.6,1,0,1241.5,0.7,3,0,9.9,Low
P-05161,90,HDPE,2006,20,439.4,37.9,Rocky,1730.3,2,1,792.9,0.6,4,0,24.7,Low
P-05162,50,PVC,1999,27,1120.9,43.1,Clay,1380.3,2,4,637.6,2.1,6,0,47.1,Moderate
P-05163,160,PVC,2010,16,1123.2,27.5,Clay,1063.1,1,1,1044.9,13.3,4,0,14.6,Low
P-05164,75,GI,1997,29,145.3,39.9,Loam,1141.0,4,2,1019.0,4.0,7,1,54.8,High
P-05165,63,GI,2006,20,2042.2,32.7,Black Cotton,1512.7,1,2,1160.4,6.3,2,1,35.6,Moderate
P-05166,90,PVC,2000,26,265.3,54.9,Loam,1256.5,3,4,725.3,6.5,6,1,61.5,High
P-05167,63,PVC,2024,2,2332.2,19.1,Loam,1571.7,1,1,1236.1,5.5,0,0,4.8,Low
P-05168,160,PVC,2007,19,1094.4,31.1,Black Cotton,973.9,2,0,1050.5,4.9,3,0,25.3,Moderate
P-05169,40,PVC,2005,21,506.4,52.7,Sandy,1118.2,4,3,1272.8,1.8,6,0,50.0,Moderate
P-05170,90,PVC,2012,14,370.7,18.0,Sandy,1282.8,1,2,1158.2,3.5,4,0,9.4,Low
P-05171,160,HDPE,1996,30,501.7,38.7,Clay,1674.9,6,1,926.5,7.1,9,0,54.5,High
P-05172,110,PVC,2011,15,774.0,22.1,Clay,1448.8,1,0,966.8,9.1,3,0,10.3,Low
P-05173,160,PVC,2023,3,350.2,50.2,Sandy,1453.1,0,1,1133.4,4.5,0,0,11.7,Low
P-05174,63,PVC,2009,17,1293.0,40.7,Rocky,1172.2,5,3,1345.8,0.6,4,1,39.2,Moderate
P-05175,32,PVC,2014,12,625.7,23.2,Clay,992.7,1,3,790.7,3.2,2,0,12.0,Low
P-05176,50,PVC,2023,3,154.0,48.3,Clay,1084.3,0,0,830.8,3.7,1,0,9.2,Low
P-05177,40,Ductile Iron,2023,3,1910.7,36.2,Loam,1653.3,1,0,1458.3,5.4,1,0,7.5,Low
P-05178,75,GI,2003,23,806.4,32.4,Clay,956.5,3,6,1028.0,5.9,3,1,52.2,High
P-05179,90,Ductile Iron,2003,23,2436.2,49.4,Sandy,827.9,4,1,1467.9,1.6,5,0,45.7,Moderate
P-05180,110,PVC,2012,14,1988.1,52.2,Clay,1604.1,2,2,1319.6,1.2,2,1,30.9,Moderate
P-05181,160,Ductile Iron,1997,29,675.0,47.2,Loam,1456.7,1,1,932.7,17.7,6,1,46.1,Moderate
P-05182,50,HDPE,2000,26,795.9,37.3,Black Cotton,1130.2,4,3,865.2,5.2,9,1,51.3,High
P-05183,32,HDPE,2005,21,1572.1,35.6,Clay,1368.8,2,2,956.2,0.6,2,0,29.5,Moderate
P-05184,75,GI,2016,10,2424.3,34.9,Sandy,1674.4,2,0,1323.3,2.6,5,0,12.7,Low
P-05185,32,PVC,1997,29,251.9,36.6,Rocky,1236.5,6,3,1292.3,0.7,6,0,59.3,High
P-05186,40,PVC,2004,22,120.4,33.8,Sandy,1187.9,2,2,1229.8,6.5,4,1,29.1,Moderate
P-05187,40,Ductile Iron,2018,8,234.3,44.6,Loam,1282.4,0,1,1089.6,1.9,2,0,11.9,Low
P-05188,90,HDPE,1999,27,2430.7,18.3,Sandy,1481.2,3,3,803.8,12.1,5,1,32.7,Moderate
P-05189,63,HDPE,2021,5,334.8,30.4,Clay,880.1,2,1,1261.8,8.2,3,0,8.9,Low
P-05190,50,PVC,2023,3,1630.5,45.1,Clay,1230.3,1,0,1003.9,1.5,1,0,9.5,Low
P-05191,25,PVC,2017,9,1123.3,28.5,Loam,1078.9,0,1,1572.7,3.4,1,0,8.3,Low
P-05192,75,HDPE,1998,28,2057.6,45.9,Black Cotton,996.8,4,4,946.3,2.0,6,1,68.3,High
P-05193,50,PVC,2024,2,885.5,31.6,Clay,960.8,1,0,1015.4,6.6,1,0,6.1,Low
P-05194,75,GI,1997,29,795.1,42.9,Loam,1615.4,4,3,1262.7,2.7,3,0,65.7,High
P-05195,50,PVC,1995,31,1026.2,35.5,Loam,923.3,4,1,1471.9,7.3,5,0,50.6,High
P-05196,32,PVC,2010,16,2140.5,22.7,Sandy,999.7,2,1,1456.5,4.1,4,0,13.1,Low
P-05197,160,PVC,2018,8,248.5,24.7,Clay,1630.8,0,1,1522.0,7.5,0,0,7.6,Low
P-05198,32,GI,2016,10,2289.4,42.9,Clay,1525.0,1,1,754.9,1.2,1,0,18.5,Low
P-05199,110,PVC,1997,29,737.9,43.0,Loam,897.8,5,1,1123.4,1.8,8,0,51.4,High
P-05200,40,Ductile Iron,2000,26,1093.9,29.4,Sandy,1406.8,3,4,809.9,3.6,4,1,41.4,Moderate
P-05201,75,HDPE,2002,24,427.7,19.3,Clay,951.4,1,2,1213.2,2.6,3,0,19.4,Low
P-05202,32,GI,2002,24,1248.7,31.2,Black Cotton,1154.6,4,3,1052.3,4.8,4,0,54.6,High
P-05203,32,HDPE,2009,17,2211.5,40.3,Clay,1699.3,1,1,1141.4,5.4,0,1,24.5,Low
P-05204,110,PVC,1999,27,687.1,41.3,Sandy,1771.2,1,1,928.6,2.4,6,1,32.2,Moderate
P-05205,90,HDPE,1997,29,1008.0,27.6,Loam,1680.5,3,5,1324.3,0.8,11,1,37.4,Moderate
P-05206,40,Ductile Iron,2010,16,757.4,18.4,Loam,1355.4,4,2,1386.6,2.8,4,1,17.2,Low
P-05207,75,PVC,2011,15,998.9,29.0,Sandy,1170.1,3,0,1241.8,3.8,1,0,17.9,Low
P-05208,63,PVC,2017,9,1432.9,8.4,Sandy,1331.5,1,1,972.6,8.5,0,0,5.8,Low
P-05209,110,PVC,2003,23,1358.2,28.1,Black Cotton,1061.1,6,1,1120.0,3.5,2,0,50.1,High
P-05210,110,Ductile Iron,2005,21,2401.0,55.9,Loam,895.4,2,2,847.4,9.6,2,0,49.4,Moderate
P-05211,75,GI,2019,7,924.2,40.2,Clay,1157.1,0,0,1107.1,4.9,4,0,9.7,Low
P-05212,40,Ductile Iron,2011,15,771.0,35.8,Rocky,1322.0,1,5,1023.7,1.4,4,0,23.0,Low
P-05213,50,PVC,2000,26,2324.4,48.2,Rocky,1715.6,1,2,829.4,6.5,3,0,44.9,Moderate
P-05214,63,PVC,2023,3,2111.8,37.8,Sandy,1053.3,0,0,989.7,3.9,0,0,6.9,Low
P-05215,160,PVC,2011,15,2055.4,18.4,Loam,982.2,0,3,996.6,4.0,0,0,12.1,Low
P-05216,110,PVC,2002,24,211.2,29.9,Loam,960.0,0,1,1283.9,2.8,7,0,16.8,Low
P-05217,40,GI,2014,12,253.9,33.5,Black Cotton,1495.1,1,0,1135.0,8.8,4,0,18.2,Low
P-05218,160,GI,2019,7,812.4,30.6,Clay,1773.4,1,0,1083.4,9.3,2,0,9.9,Low
P-05219,63,GI,2009,17,432.4,22.1,Rocky,1595.9,3,2,1025.7,7.6,1,0,25.0,Low
P-05220,40,PVC,2004,22,299.1,36.3,Rocky,907.0,4,1,793.0,0.9,3,1,35.5,Moderate
P-05221,90,GI,2006,20,847.8,23.8,Rocky,904.3,3,0,654.6,6.7,7,1,19.1,Low
P-05222,160,HDPE,2018,8,1203.1,28.8,Clay,903.7,3,1,920.7,0.3,0,0,12.8,Low
P-05223,90,PVC,2003,23,972.3,47.1,Sandy,1782.6,5,2,1034.8,2.1,6,1,50.1,High
P-05224,25,PVC,2018,8,1461.0,43.3,Loam,1267.3,0,2,1284.8,2.8,2,1,13.0,Low
P-05225,25,PVC,2010,16,2186.8,43.1,Sandy,1495.4,3,2,1170.0,3.4,3,0,30.5,Moderate
P-05226,110,Ductile Iron,2010,16,141.7,27.9,Clay,1452.2,4,5,1063.6,0.2,3,0,30.4,Moderate
P-05227,25,HDPE,2013,13,84.9,42.2,Clay,1420.9,3,0,1034.5,1.0,2,0,21.2,Low
P-05228,50,PVC,2022,4,223.2,31.2,Black Cotton,807.1,1,2,1519.0,1.9,1,0,11.4,Low
P-05229,63,GI,2001,25,2466.4,41.0,Loam,1154.1,4,2,1036.9,1.0,8,0,45.7,Moderate
P-05230,110,GI,2006,20,1928.2,31.2,Clay,808.1,1,2,1151.5,5.3,2,0,26.7,Moderate
P-05231,160,GI,2004,22,2198.9,37.5,Sandy,1557.8,2,5,833.5,0.5,5,0,42.1,Moderate
P-05232,90,PVC,2020,6,2106.5,36.5,Black Cotton,1098.9,0,1,1071.0,5.4,1,1,12.2,Low
P-05233,160,Ductile Iron,2009,17,180.4,22.6,Loam,1034.7,1,3,1261.3,0.7,0,0,17.5,Low
P-05234,32,HDPE,2015,11,1975.6,31.1,Loam,979.6,2,0,1224.7,1.9,5,0,10.0,Low
P-05235,75,Ductile Iron,2012,14,1702.4,31.9,Sandy,1600.7,1,2,1189.3,6.9,3,0,15.9,Low
P-05236,90,HDPE,2011,15,152.9,27.6,Loam,1252.1,3,1,936.2,1.4,4,0,16.0,Low
P-05237,32,PVC,2015,11,697.4,48.6,Clay,1451.5,0,0,909.4,2.7,3,0,14.0,Low
P-05238,32,PVC,2015,11,671.5,32.1,Sandy,1562.9,0,0,816.9,7.2,2,0,9.4,Low
P-05239,40,HDPE,2006,20,1839.7,42.9,Clay,1458.0,5,2,1610.7,3.3,4,1,44.3,Moderate
P-05240,32,PVC,2009,17,627.8,38.9,Black Cotton,1438.1,1,5,1423.1,5.0,1,0,40.9,Moderate
P-05241,50,PVC,2004,22,325.0,19.2,Clay,807.3,2,4,1192.9,2.8,5,1,22.1,Low
P-05242,75,GI,2021,5,2297.6,24.5,Loam,1485.1,0,2,1025.3,8.5,1,0,8.0,Low
P-05243,75,PVC,2021,5,202.9,41.8,Rocky,1521.4,1,2,670.9,1.1,0,0,12.9,Low
P-05244,160,PVC,1998,28,445.6,58.2,Sandy,1584.3,3,3,957.1,8.9,6,0,65.5,High
P-05245,160,GI,2010,16,907.3,22.8,Sandy,1517.9,1,1,767.8,2.8,4,0,13.1,Low
P-05246,40,GI,2023,3,1439.6,30.0,Clay,1237.5,0,2,1122.5,1.2,0,0,8.0,Low
P-05247,32,HDPE,2007,19,1671.1,69.4,Clay,1349.4,6,0,913.4,14.4,4,1,67.1,High
P-05248,110,PVC,1996,30,1976.4,26.6,Rocky,1793.0,2,1,1037.0,2.9,7,0,28.8,Moderate
P-05249,110,HDPE,2017,9,289.1,46.7,Rocky,1446.1,1,1,739.0,2.4,3,0,15.1,Low
P-05250,75,PVC,2020,6,1900.5,42.3,Loam,1759.4,1,2,1150.9,3.7,0,0,14.5,Low
P-05251,40,Ductile Iron,2006,20,2133.8,38.8,Loam,1485.7,6,1,1606.1,2.6,1,1,46.2,Moderate
P-05252,25,Ductile Iron,2016,10,2309.9,30.6,Loam,1427.7,3,1,1308.2,1.7,2,0,14.2,Low
P-05253,25,PVC,1998,28,1137.6,57.3,Sandy,1131.9,5,2,822.8,1.9,5,1,68.8,High
P-05254,32,PVC,2013,13,891.1,23.1,Black Cotton,1599.3,2,0,915.2,12.1,1,0,17.0,Low
P-05255,90,Ductile Iron,2014,12,673.3,28.3,Clay,1792.4,3,1,814.8,0.5,0,0,16.3,Low
P-05256,90,HDPE,1999,27,871.3,30.1,Sandy,842.6,2,3,1039.6,5.0,8,1,31.5,Moderate
P-05257,90,PVC,2012,14,1193.3,24.2,Rocky,1023.1,2,1,1028.1,1.0,1,0,13.5,Low
P-05258,75,HDPE,2022,4,1778.4,41.2,Sandy,1054.2,0,0,1315.7,7.9,0,0,8.8,Low
P-05259,90,GI,2018,8,792.7,43.6,Black Cotton,1699.5,1,1,1178.4,0.8,0,0,23.1,Low
P-05260,110,PVC,2004,22,1293.4,38.9,Loam,1110.7,6,3,804.9,2.4,2,1,54.9,High
P-05261,63,HDPE,1997,29,81.8,39.0,Clay,1103.1,5,3,992.2,2.0,9,0,53.0,High
P-05262,40,PVC,2016,10,2381.6,45.3,Clay,1195.7,1,1,1483.1,1.2,1,0,16.8,Low
P-05263,160,HDPE,2006,20,1328.9,43.2,Black Cotton,804.4,3,1,790.4,5.1,8,1,36.1,Moderate
P-05264,32,HDPE,2012,14,920.1,29.8,Black Cotton,1215.4,1,2,837.3,2.9,4,1,18.0,Low
P-05265,75,PVC,2005,21,639.8,36.4,Rocky,1522.5,1,1,1212.0,4.2,4,0,22.8,Low
P-05266,50,GI,2007,19,1974.9,39.5,Sandy,1560.4,3,2,822.6,4.7,3,0,37.8,Moderate
P-05267,110,GI,2015,11,1239.2,21.0,Clay,1728.3,2,1,1497.1,1.6,2,0,11.5,Low
P-05268,90,PVC,2005,21,1778.6,35.0,Black Cotton,1206.8,1,2,802.0,9.1,2,0,35.6,Moderate
P-05269,40,HDPE,2002,24,2071.3,29.7,Sandy,1279.5,1,2,989.4,8.9,6,0,24.1,Low
P-05270,90,PVC,2011,15,2427.6,54.3,Clay,895.9,2,4,1127.3,2.6,2,0,40.7,Moderate
P-05271,110,Ductile Iron,2000,26,2088.1,35.7,Sandy,1154.0,3,1,1127.9,2.7,7,0,32.9,Moderate
P-05272,90,PVC,2024,2,945.1,11.4,Loam,1014.4,0,0,996.8,6.6,0,0,2.8,Low
P-05273,40,PVC,2005,21,805.7,14.5,Loam,1306.3,1,5,1350.6,7.2,6,0,17.7,Low
P-05274,110,HDPE,2013,13,775.5,35.0,Clay,820.7,2,1,573.7,4.8,0,0,19.2,Low
P-05275,40,HDPE,2002,24,1590.6,35.1,Clay,1042.6,2,0,665.1,6.7,7,0,24.4,Low
P-05276,25,HDPE,2022,4,1319.3,42.3,Clay,975.3,0,0,963.1,3.3,0,0,8.5,Low
P-05277,32,PVC,2009,17,134.6,39.6,Sandy,1010.3,2,3,878.8,5.1,1,0,31.6,Moderate
P-05278,32,GI,2024,2,734.9,31.4,Black Cotton,1610.1,1,0,923.3,0.7,0,0,9.9,Low
P-05279,50,PVC,2017,9,266.1,64.2,Sandy,1163.4,1,2,752.4,5.5,1,0,30.7,Moderate
P-05280,160,PVC,1999,27,856.2,18.9,Loam,1209.1,3,5,795.3,3.7,4,0,37.5,Moderate
P-05281,75,PVC,2022,4,2135.2,28.2,Sandy,884.8,0,1,677.7,4.7,0,0,6.2,Low
P-05282,160,GI,1997,29,1526.6,42.0,Clay,1764.4,3,5,944.6,3.9,2,1,68.4,High
P-05283,75,GI,2021,5,1232.8,15.6,Sandy,1186.8,0,1,1169.2,4.4,0,0,5.3,Low
P-05284,40,PVC,2009,17,2211.3,16.0,Sandy,1456.0,1,2,948.4,1.9,3,0,11.2,Low
P-05285,90,Ductile Iron,2001,25,2462.0,41.4,Clay,881.0,5,2,1004.9,0.7,8,1,45.4,Moderate
P-05286,160,HDPE,2014,12,2096.6,30.0,Sandy,1341.8,2,3,841.2,7.6,4,0,16.4,Low
P-05287,25,PVC,2007,19,2272.1,31.4,Loam,824.4,1,4,897.6,0.6,3,1,24.1,Low
P-05288,50,Ductile Iron,2013,13,1432.7,41.5,Clay,1275.0,1,1,1000.1,4.8,2,0,18.1,Low
P-05289,50,Ductile Iron,2014,12,2040.5,24.6,Clay,1689.7,0,2,1212.3,2.4,2,0,9.4,Low
P-05290,110,GI,2015,11,1757.9,53.9,Black Cotton,1209.9,0,1,1460.7,7.3,3,1,29.3,Moderate
P-05291,32,PVC,2001,25,2300.6,43.3,Clay,1656.1,2,2,1366.3,2.2,6,0,37.3,Moderate
P-05292,50,PVC,2011,15,1175.4,48.3,Loam,1281.8,2,2,1184.0,0.4,1,0,30.6,Moderate
P-05293,50,PVC,2010,16,1211.5,14.3,Rocky,913.4,3,2,1224.7,5.9,7,0,11.6,Low
P-05294,50,GI,2021,5,2130.3,55.7,Rocky,1266.6,0,0,937.4,6.2,2,0,15.4,Low
P-05295,63,PVC,1999,27,2376.7,38.6,Clay,952.4,2,3,1237.2,0.4,5,1,40.9,Moderate
P-05296,63,Ductile Iron,2020,6,1700.6,32.4,Loam,1220.3,2,3,796.5,8.2,2,0,13.5,Low
P-05297,90,HDPE,1997,29,2216.9,32.4,Clay,1366.9,4,4,1291.0,2.4,3,0,55.1,High
P-05298,32,HDPE,2002,24,2041.2,29.9,Loam,1381.0,6,1,1316.7,1.2,5,1,39.5,Moderate
P-05299,110,Ductile Iron,2012,14,548.5,42.6,Clay,1726.9,1,1,544.6,8.9,1,0,21.8,Low
P-05300,90,GI,2013,13,2345.5,52.3,Loam,1124.0,2,0,1000.5,5.0,5,0,25.7,Moderate
P-05301,25,HDPE,2002,24,427.3,21.5,Clay,1077.9,3,4,1093.0,1.6,8,0,26.0,Moderate
P-05302,25,HDPE,2004,22,1547.5,28.1,Sandy,1237.9,5,1,827.7,5.8,2,0,36.2,Moderate
P-05303,90,GI,2001,25,355.8,33.8,Clay,1001.7,3,2,1595.9,7.2,9,0,36.0,Moderate
P-05304,40,GI,1996,30,862.9,22.9,Clay,1730.3,2,5,1346.7,6.7,5,0,46.5,Moderate
P-05305,32,HDPE,1999,27,1979.6,25.1,Clay,926.6,2,0,843.5,3.1,3,0,25.5,Moderate
P-05306,63,PVC,2017,9,1002.9,35.8,Sandy,943.9,0,1,1135.5,0.8,3,0,9.0,Low
P-05307,25,HDPE,2005,21,62.0,14.3,Sandy,1069.9,3,0,1087.2,0.7,6,0,12.6,Low
P-05308,75,HDPE,2014,12,391.0,33.8,Loam,1235.7,1,4,898.7,3.6,2,0,18.5,Low
P-05309,32,HDPE,1998,28,868.3,38.1,Loam,1261.4,3,1,1326.8,2.8,7,0,38.4,Moderate
P-05310,75,GI,2006,20,1196.1,42.6,Sandy,1346.2,5,1,1321.2,3.4,7,1,41.4,Moderate
P-05311,32,GI,2013,13,385.7,26.9,Clay,1600.6,3,1,1715.1,6.3,3,0,18.3,Low
P-05312,40,HDPE,2009,17,457.6,23.4,Rocky,1488.8,0,1,1736.6,0.5,6,0,8.9,Low
P-05313,110,PVC,2017,9,2252.2,49.8,Rocky,877.4,1,1,1088.1,11.5,3,0,18.5,Low
P-05314,32,HDPE,2014,12,1464.1,19.8,Clay,1170.1,7,0,739.5,8.8,1,0,21.8,Low
P-05315,50,GI,1997,29,1783.6,42.6,Sandy,1661.1,2,1,867.4,1.2,8,0,42.4,Moderate
P-05316,63,Ductile Iron,2006,20,994.0,36.9,Loam,1663.5,0,3,1049.9,5.9,5,0,22.6,Low
P-05317,50,PVC,2012,14,1863.0,22.8,Clay,978.4,0,0,1184.1,2.0,2,1,8.0,Low
P-05318,50,Ductile Iron,1998,28,1188.4,43.3,Loam,1639.6,4,3,918.8,0.9,6,0,54.5,High
P-05319,110,GI,2019,7,121.9,34.2,Clay,1056.9,0,0,1297.0,7.7,2,0,9.3,Low
P-05320,25,PVC,2008,18,1269.1,29.5,Loam,1559.3,2,2,545.8,1.1,6,0,17.7,Low
P-05321,160,Ductile Iron,2021,5,1663.2,49.6,Clay,1631.5,0,0,1366.7,7.0,0,0,12.1,Low
P-05322,32,Ductile Iron,1997,29,2078.7,61.7,Clay,1317.2,4,3,809.6,11.9,8,1,72.0,High
P-05323,75,HDPE,2022,4,1686.6,18.3,Loam,855.2,2,1,920.2,8.9,0,0,6.7,Low
P-05324,50,HDPE,2011,15,80.6,22.3,Clay,1081.3,1,1,1088.3,3.4,1,1,12.0,Low
P-05325,90,HDPE,2009,17,153.8,36.8,Sandy,1028.6,6,2,1186.4,1.1,5,0,35.9,Moderate
P-05326,40,HDPE,2005,21,534.9,10.2,Rocky,1267.4,4,0,711.1,4.3,6,0,13.7,Low
P-05327,75,GI,2001,25,2406.1,37.4,Rocky,1395.4,2,5,1014.5,0.4,8,0,43.0,Moderate
P-05328,40,HDPE,2021,5,2203.0,13.0,Loam,1662.7,0,0,853.6,15.8,0,0,4.2,Low
P-05329,50,PVC,2022,4,850.4,55.1,Loam,859.3,0,1,1163.5,2.1,1,1,13.4,Low
P-05330,90,PVC,2024,2,260.2,51.4,Loam,1562.9,0,1,1321.9,2.0,0,0,11.0,Low
P-05331,25,GI,1995,31,1402.4,54.3,Loam,1597.6,2,4,500.0,10.0,2,1,75.7,Very High
P-05332,90,PVC,2008,18,2450.2,18.0,Loam,1126.7,2,3,595.5,22.3,2,0,22.2,Low
P-05333,90,Ductile Iron,2007,19,1338.5,47.9,Clay,1486.1,2,4,1021.2,6.5,6,0,38.2,Moderate
P-05334,90,Ductile Iron,2002,24,1185.7,20.8,Sandy,1059.9,4,1,1182.5,2.7,6,0,24.2,Low
P-05335,90,HDPE,2022,4,1378.9,36.6,Loam,971.9,0,1,962.1,0.9,0,0,7.8,Low
P-05336,50,HDPE,2006,20,467.7,43.5,Clay,1486.7,4,1,1144.9,2.3,3,1,38.4,Moderate
P-05337,63,PVC,2002,24,1547.0,36.8,Clay,1181.9,2,3,1277.9,8.3,0,1,44.1,Moderate
P-05338,75,PVC,2010,16,841.0,36.1,Clay,1747.0,2,2,992.5,6.4,1,1,25.3,Moderate
P-05339,63,PVC,1995,31,212.5,50.7,Clay,1152.0,7,3,832.1,11.2,4,0,81.4,Very High
P-05340,40,PVC,2009,17,2341.0,15.7,Sandy,939.9,2,0,1480.0,1.7,3,0,10.3,Low
P-05341,75,PVC,2010,16,1035.0,23.3,Clay,825.5,1,1,1033.0,3.2,4,0,11.2,Low
P-05342,75,PVC,1999,27,211.0,50.7,Black Cotton,1569.5,5,3,750.6,4.8,8,0,69.6,High
P-05343,32,GI,2021,5,96.6,33.5,Clay,1004.9,1,1,1050.7,8.9,1,0,11.2,Low
P-05344,63,PVC,1999,27,2327.3,42.4,Loam,1458.1,3,3,500.0,5.2,4,1,52.0,High
P-05345,25,PVC,2018,8,440.1,43.7,Sandy,1291.0,2,0,918.2,1.5,1,0,14.8,Low
P-05346,63,Ductile Iron,1996,30,456.4,22.9,Clay,997.3,4,3,917.5,5.8,9,0,37.9,Moderate
P-05347,63,PVC,2006,20,1494.9,11.8,Clay,1275.8,1,1,825.9,10.0,2,0,12.5,Low
P-05348,63,PVC,2001,25,91.1,40.2,Sandy,942.0,2,4,1230.4,2.5,7,1,39.6,Moderate
P-05349,40,PVC,2016,10,1059.8,27.7,Loam,860.3,2,0,765.1,5.5,2,0,10.4,Low
P-05350,110,GI,2007,19,80.8,32.0,Rocky,1273.5,2,3,877.6,0.4,2,1,30.6,Moderate
P-05351,160,PVC,2024,2,1074.4,25.4,Sandy,1173.2,0,0,1181.4,1.6,1,0,3.9,Low
P-05352,90,PVC,2018,8,398.1,20.0,Rocky,972.8,2,3,1077.3,3.6,1,0,10.4,Low
P-05353,75,PVC,2022,4,1829.2,17.9,Sandy,1075.9,1,0,1334.4,10.3,0,0,5.0,Low
P-05354,25,PVC,2017,9,454.1,14.2,Clay,1007.1,1,0,1038.7,7.1,3,0,5.1,Low
P-05355,50,PVC,2019,7,155.3,17.8,Loam,1145.4,2,0,1126.9,3.9,2,0,6.0,Low
P-05356,110,PVC,2000,26,567.8,52.8,Clay,1442.0,4,1,768.4,3.6,5,0,55.0,High
P-05357,40,PVC,2004,22,2200.9,18.8,Sandy,1077.0,2,1,1315.4,0.7,4,0,16.4,Low
P-05358,75,GI,2011,15,745.6,59.4,Black Cotton,1076.5,2,2,1425.8,3.4,2,1,52.6,High
P-05359,50,HDPE,2022,4,1849.8,35.4,Loam,1364.0,1,1,959.7,0.3,5,0,6.6,Low
P-05360,160,PVC,2008,18,1325.3,45.4,Sandy,1575.2,2,0,1070.3,0.7,1,0,27.9,Moderate
P-05361,50,PVC,2003,23,1441.4,41.1,Loam,804.2,1,4,1077.3,0.2,2,0,38.8,Moderate
P-05362,40,GI,2011,15,1778.3,45.9,Loam,966.1,3,1,797.6,1.6,3,0,32.0,Moderate
P-05363,160,GI,2010,16,499.3,52.9,Loam,1701.7,0,2,1475.9,1.8,1,0,32.7,Moderate
P-05364,32,HDPE,1996,30,1328.7,35.9,Sandy,928.7,3,4,1372.2,3.1,4,0,54.3,High
P-05365,110,GI,2016,10,1503.0,24.9,Loam,1604.3,3,3,848.3,1.8,4,0,16.0,Low
P-05366,90,PVC,2003,23,530.9,17.7,Clay,1692.4,1,2,916.7,2.2,1,0,19.1,Low
P-05367,63,HDPE,1998,28,945.6,32.1,Loam,1758.4,4,1,1394.9,0.6,1,1,45.6,Moderate
P-05368,50,GI,2020,6,1883.9,42.8,Loam,1485.6,0,2,1343.8,5.6,1,0,14.6,Low
P-05369,25,PVC,1995,31,1388.4,24.1,Clay,853.9,7,4,1527.3,5.4,8,0,58.6,High
P-05370,50,HDPE,2023,3,1038.8,36.1,Black Cotton,1720.3,0,0,611.7,5.3,0,0,9.3,Low
P-05371,160,GI,2021,5,1368.6,46.3,Clay,1243.2,1,2,778.9,0.2,2,1,15.7,Low
P-05372,32,GI,2015,11,1069.8,46.3,Loam,810.3,4,1,777.3,1.3,4,0,28.4,Moderate
P-05373,110,PVC,2020,6,2211.3,37.7,Clay,921.6,1,1,1143.4,3.9,2,1,10.1,Low
P-05374,110,PVC,2015,11,329.0,25.5,Clay,1599.1,0,0,520.6,5.0,1,0,7.8,Low
P-05375,63,HDPE,2004,22,73.8,37.7,Black Cotton,1084.3,2,3,500.0,11.0,4,1,44.9,Moderate
P-05376,50,PVC,2023,3,2199.9,39.6,Loam,1134.9,0,0,500.0,3.8,0,1,7.4,Low
P-05377,63,GI,1999,27,1042.6,25.8,Rocky,1540.2,1,2,1130.5,13.0,2,1,36.4,Moderate
P-05378,110,HDPE,2012,14,532.0,41.2,Loam,1666.7,2,1,988.7,4.6,3,0,20.9,Low
P-05379,110,Ductile Iron,2014,12,1899.7,43.0,Sandy,961.9,1,2,1422.0,1.7,4,0,17.2,Low
P-05380,160,PVC,2021,5,1455.8,60.8,Loam,838.9,0,0,789.4,7.8,2,0,15.5,Low
P-05381,32,PVC,1998,28,872.4,35.7,Sandy,1766.2,2,3,1163.7,2.2,11,0,32.5,Moderate
P-05382,32,HDPE,2018,8,2291.2,55.7,Loam,1413.2,2,0,968.8,5.5,1,0,21.9,Low
P-05383,90,HDPE,2006,20,899.6,60.0,Sandy,1300.9,3,2,1012.7,5.8,4,1,51.2,High
P-05384,32,HDPE,2022,4,968.3,38.5,Clay,1507.5,0,0,849.3,9.0,0,0,8.2,Low
P-05385,90,GI,2017,9,2358.5,29.5,Clay,1795.5,1,2,790.6,6.0,4,0,11.9,Low
P-05386,50,PVC,2014,12,405.4,39.0,Loam,1092.2,2,1,1159.8,0.3,0,1,19.1,Low
P-05387,90,Ductile Iron,2014,12,1205.7,29.5,Clay,1253.5,0,1,1047.7,5.5,2,0,10.2,Low
P-05388,160,PVC,2002,24,537.1,50.0,Loam,1502.9,5,2,810.4,4.2,3,1,59.7,High
P-05389,63,PVC,2008,18,2049.5,11.8,Clay,1659.2,4,0,1129.5,12.6,1,0,17.0,Low
P-05390,63,PVC,2008,18,2165.9,38.3,Clay,930.9,2,0,945.3,0.9,3,0,21.1,Low
P-05391,25,Ductile Iron,2021,5,1139.1,57.6,Loam,859.4,0,1,1414.7,2.4,1,0,15.4,Low
P-05392,40,HDPE,2017,9,2298.8,18.1,Loam,1746.6,1,2,1182.7,0.9,3,0,6.8,Low
P-05393,25,PVC,2022,4,2024.7,38.7,Clay,1596.4,0,0,1063.1,12.1,1,0,8.1,Low
P-05394,40,GI,2022,4,1467.1,34.9,Clay,1403.4,0,0,1023.6,4.7,0,0,8.2,Low
P-05395,63,PVC,2017,9,1901.0,38.9,Rocky,1047.6,1,1,765.6,0.3,2,0,12.3,Low
P-05396,160,GI,2022,4,2302.7,23.5,Rocky,1030.7,0,0,711.6,9.8,0,0,6.1,Low
P-05397,32,PVC,2016,10,873.5,30.1,Clay,1357.7,0,0,652.8,5.4,0,0,9.0,Low
P-05398,160,PVC,2009,17,1882.3,26.4,Clay,1508.6,1,1,1086.7,7.5,2,0,15.5,Low
P-05399,50,PVC,1998,28,405.8,48.1,Loam,1604.0,4,3,1087.7,1.5,7,1,57.3,High
P-05400,63,PVC,2006,20,327.2,45.3,Clay,1469.4,1,5,1505.1,6.1,4,0,39.3,Moderate
P-05401,160,PVC,2021,5,2396.6,33.5,Sandy,1712.6,1,1,1234.2,0.6,1,0,8.4,Low
P-05402,40,GI,2021,5,1680.7,31.7,Sandy,1135.3,0,0,1219.6,1.8,1,0,7.2,Low
P-05403,160,GI,2011,15,231.5,43.0,Clay,1084.6,3,1,800.6,5.4,3,0,31.0,Moderate
P-05404,75,Ductile Iron,2015,11,1444.1,14.3,Clay,1105.9,1,0,666.6,10.2,0,0,7.3,Low
P-05405,75,Ductile Iron,2010,16,2334.3,45.9,Loam,1398.3,4,1,909.8,2.5,3,0,33.5,Moderate
P-05406,40,GI,2024,2,325.8,37.2,Clay,1468.8,1,0,665.3,6.2,2,0,8.4,Low
P-05407,63,Ductile Iron,2002,24,1881.9,55.4,Clay,1337.5,5,2,836.4,1.8,5,1,60.5,High
P-05408,110,GI,2003,23,823.8,42.9,Rocky,864.4,4,2,793.2,7.6,3,1,53.6,High
P-05409,90,PVC,2016,10,2363.5,30.6,Rocky,1459.9,0,0,805.6,7.6,3,0,8.0,Low
P-05410,75,HDPE,1997,29,737.9,34.6,Loam,989.8,7,2,1310.3,4.8,7,1,58.9,High
P-05411,110,PVC,2018,8,1877.6,39.6,Loam,1536.9,2,4,1123.1,1.2,0,1,21.2,Low
P-05412,75,Ductile Iron,2020,6,924.7,23.9,Sandy,1639.1,1,1,732.0,1.8,1,0,6.7,Low
P-05413,32,PVC,1996,30,2338.9,16.7,Sandy,1374.4,3,1,1688.8,0.3,12,0,19.6,Low
P-05414,160,HDPE,2018,8,1957.4,20.1,Rocky,990.2,2,1,1021.3,8.4,2,0,8.3,Low
P-05415,90,PVC,1996,30,738.9,41.7,Rocky,1281.2,4,2,993.8,12.7,6,0,58.0,High
P-05416,90,GI,2001,25,578.9,40.8,Rocky,914.6,4,5,882.7,3.1,3,0,63.2,High
P-05417,90,Ductile Iron,2024,2,1615.8,31.7,Loam,1375.1,0,0,821.3,2.9,1,0,4.9,Low
P-05418,110,Ductile Iron,2023,3,107.2,29.1,Clay,1119.8,0,0,1313.1,6.1,3,0,4.5,Low
P-05419,32,PVC,1999,27,1515.8,39.9,Clay,1113.6,4,3,1364.7,2.3,5,0,51.6,High
P-05420,40,GI,2022,4,2077.9,36.2,Clay,1502.0,0,2,1049.6,4.7,2,0,9.8,Low
P-05421,50,Ductile Iron,2003,23,630.9,29.8,Black Cotton,938.8,2,5,760.0,8.9,9,0,38.2,Moderate
P-05422,110,Ductile Iron,2007,19,756.4,26.4,Clay,972.8,2,1,865.2,7.1,2,0,20.2,Low
P-05423,160,GI,2005,21,1295.8,28.7,Rocky,1258.7,2,2,1121.3,1.2,2,0,28.9,Moderate
P-05424,50,GI,1999,27,1013.5,33.8,Black Cotton,1119.0,1,2,1029.0,3.6,4,1,45.3,Moderate
P-05425,90,PVC,2013,13,1254.0,43.9,Loam,1782.5,2,0,1351.4,7.8,0,0,22.9,Low
P-05426,50,Ductile Iron,2024,2,2089.6,35.2,Loam,1385.7,0,0,1161.1,5.3,3,0,5.1,Low
P-05427,90,PVC,2012,14,1146.6,36.5,Rocky,1304.2,1,1,982.3,11.4,4,0,16.4,Low
P-05428,63,PVC,2003,23,2127.5,26.8,Clay,1290.5,5,6,729.7,0.9,2,0,51.0,High
P-05429,75,HDPE,2019,7,806.8,40.3,Black Cotton,832.6,2,0,1034.6,5.5,1,0,17.8,Low
P-05430,63,GI,2006,20,253.6,39.2,Clay,951.3,3,6,929.5,1.8,5,1,48.0,Moderate
P-05431,63,HDPE,2006,20,1174.8,31.2,Rocky,905.9,5,2,1306.1,5.3,3,0,36.6,Moderate
P-05432,90,GI,2004,22,684.8,44.0,Clay,1227.5,2,6,1268.9,1.7,6,1,49.9,Moderate
P-05433,25,HDPE,2022,4,2465.6,52.6,Clay,1442.8,1,0,1055.5,2.8,2,0,12.4,Low
P-05434,75,GI,2003,23,1948.5,65.1,Sandy,1191.8,1,2,1262.6,6.9,7,0,53.2,High
P-05435,50,GI,1997,29,2034.9,17.4,Loam,1673.5,5,0,910.3,0.4,6,0,33.9,Moderate
P-05436,32,HDPE,1999,27,327.2,45.8,Clay,1211.7,4,4,787.4,3.5,8,1,56.0,High
P-05437,50,PVC,2005,21,2331.7,31.7,Rocky,1507.2,0,4,1175.6,3.0,2,0,25.5,Moderate
P-05438,50,PVC,2013,13,790.3,45.0,Loam,1405.8,2,4,1356.9,1.2,3,0,28.3,Moderate
P-05439,25,HDPE,2010,16,686.1,36.2,Loam,1158.0,1,0,1132.5,2.6,4,0,14.7,Low
P-05440,50,PVC,2012,14,544.7,40.0,Loam,1380.9,0,0,1104.8,2.3,1,1,14.5,Low
P-05441,110,PVC,2004,22,1996.4,36.0,Loam,1319.0,1,1,1304.0,4.1,8,1,19.8,Low
P-05442,32,Ductile Iron,1995,31,2297.9,50.1,Clay,811.4,3,1,1133.4,4.4,5,0,57.8,High
P-05443,110,Ductile Iron,2007,19,1945.7,45.8,Loam,862.7,4,3,1268.8,0.9,0,1,48.7,Moderate
P-05444,40,PVC,2010,16,1149.1,36.0,Loam,829.1,0,0,562.3,3.1,2,0,14.0,Low
P-05445,160,PVC,2013,13,270.0,32.9,Clay,1439.0,1,0,1146.8,6.6,3,0,12.2,Low
P-05446,110,Ductile Iron,2019,7,154.4,45.9,Loam,1597.7,0,0,1016.4,0.5,1,0,10.7,Low
P-05447,63,HDPE,2010,16,1450.2,28.6,Sandy,1411.5,1,5,1034.1,0.9,3,0,20.8,Low
P-05448,110,PVC,1996,30,1095.6,25.3,Black Cotton,1167.9,3,8,1294.9,3.3,5,0,64.9,High
P-05449,75,Ductile Iron,2004,22,2029.8,43.9,Rocky,882.1,1,1,995.2,1.4,3,1,29.7,Moderate
P-05450,75,GI,1996,30,760.9,38.2,Sandy,968.1,1,1,769.2,7.8,2,1,47.3,Moderate
P-05451,110,PVC,2010,16,2200.2,34.9,Sandy,952.2,6,1,910.8,1.3,1,0,35.2,Moderate
P-05452,75,PVC,2014,12,2065.4,26.1,Loam,1066.6,0,3,1309.3,5.4,4,0,10.4,Low
P-05453,63,PVC,2014,12,1619.6,45.8,Loam,1623.3,2,2,1030.8,1.3,1,0,24.7,Low
P-05454,63,GI,2023,3,284.8,8.0,Black Cotton,1741.3,0,0,1215.0,1.4,0,0,4.2,Low
P-05455,110,PVC,2005,21,595.5,30.6,Clay,1742.3,1,3,1186.8,0.9,2,0,25.1,Moderate
P-05456,160,HDPE,2012,14,1838.5,30.3,Rocky,1612.9,3,1,694.6,0.3,3,0,16.9,Low
P-05457,160,PVC,1995,31,1547.7,28.5,Clay,1264.1,3,4,932.7,1.1,4,1,49.0,Moderate
P-05458,160,GI,2006,20,1488.1,37.4,Rocky,1475.6,1,1,500.0,2.9,3,0,26.5,Moderate
P-05459,32,PVC,2019,7,298.8,47.3,Sandy,955.3,1,0,1021.0,0.3,0,1,13.8,Low
P-05460,75,PVC,2003,23,1374.7,47.8,Clay,1277.6,1,4,1475.4,1.3,7,0,37.7,Moderate
P-05461,110,PVC,2006,20,2212.4,48.3,Black Cotton,1667.4,4,1,1255.0,1.8,6,1,46.4,Moderate
P-05462,110,PVC,1998,28,2260.0,27.9,Black Cotton,1213.7,3,2,1011.0,12.8,7,0,45.0,Moderate
P-05463,90,PVC,2004,22,2087.2,22.6,Sandy,1458.2,3,2,570.0,4.4,4,0,24.4,Low
P-05464,50,PVC,1997,29,912.5,16.6,Sandy,828.8,4,4,988.4,9.4,5,1,41.1,Moderate
P-05465,63,GI,2009,17,1750.9,44.0,Clay,968.1,1,0,1177.4,0.1,4,0,22.4,Low
P-05466,25,HDPE,2018,8,1845.9,37.1,Rocky,1666.0,2,1,1273.3,6.6,3,0,13.1,Low
P-05467,110,PVC,2001,25,1177.4,47.0,Rocky,937.3,2,2,1052.2,5.6,3,0,46.1,Moderate
P-05468,25,PVC,2014,12,1994.4,44.2,Sandy,1446.6,1,0,934.0,7.2,5,0,14.6,Low
P-05469,25,PVC,2021,5,1732.2,22.8,Sandy,930.5,0,0,538.4,8.1,1,1,4.9,Low
P-05470,63,Ductile Iron,2001,25,97.5,33.0,Loam,1699.1,3,2,588.5,3.1,3,0,37.7,Moderate
P-05471,75,Ductile Iron,2003,23,389.1,50.5,Sandy,1740.9,4,5,569.9,4.8,7,1,57.8,High
P-05472,25,HDPE,2017,9,2226.8,26.1,Loam,1144.1,1,1,1081.3,1.1,2,0,8.3,Low
P-05473,110,GI,2017,9,2271.5,37.6,Loam,917.2,1,1,1499.6,3.8,2,1,14.6,Low
P-05474,32,PVC,2014,12,677.1,52.9,Clay,872.6,2,1,880.1,0.4,1,0,26.7,Moderate
P-05475,110,HDPE,2005,21,759.5,30.0,Rocky,1128.7,1,2,1106.5,0.4,5,0,19.3,Low
P-05476,160,Ductile Iron,2002,24,255.4,25.5,Sandy,1497.2,3,2,1410.6,2.3,1,0,32.5,Moderate
P-05477,50,Ductile Iron,2012,14,538.4,35.4,Clay,1170.4,1,2,1321.4,2.9,2,1,17.6,Low
P-05478,160,GI,2021,5,1771.6,46.2,Sandy,1686.1,0,1,1229.6,4.7,0,0,14.1,Low
P-05479,63,GI,2020,6,1669.8,22.4,Black Cotton,1200.8,1,2,1042.2,4.4,0,1,12.9,Low
P-05480,50,Ductile Iron,2016,10,1126.0,37.8,Clay,1778.0,0,1,982.1,6.6,1,0,12.4,Low
P-05481,110,HDPE,2022,4,1890.6,33.0,Clay,1182.8,0,0,1240.2,0.1,1,0,5.7,Low
P-05482,90,GI,2022,4,1857.8,42.1,Sandy,1541.0,0,0,1149.0,5.0,1,0,9.9,Low
P-05483,90,GI,2002,24,1900.6,38.8,Black Cotton,1149.7,5,3,931.3,1.2,5,1,62.6,High
P-05484,32,HDPE,2007,19,1953.7,49.9,Sandy,1410.6,1,1,767.3,13.3,1,0,35.9,Moderate
P-05485,40,Ductile Iron,2014,12,2382.4,25.7,Clay,1166.2,2,0,1373.1,2.1,5,0,9.0,Low
P-05486,32,Ductile Iron,2021,5,1387.9,45.8,Clay,1163.9,0,0,1247.6,1.2,1,0,9.4,Low
P-05487,50,PVC,2002,24,722.1,14.9,Clay,1345.7,2,2,615.6,1.3,10,0,13.7,Low
P-05488,25,PVC,1995,31,2027.7,35.3,Rocky,1154.4,1,4,1223.5,5.2,10,1,38.6,Moderate
P-05489,40,PVC,1996,30,1583.0,31.8,Rocky,828.1,5,1,1171.8,1.9,7,0,45.0,Moderate
P-05490,40,PVC,2012,14,2128.2,49.4,Loam,1225.2,4,2,1057.8,6.1,3,1,37.1,Moderate
P-05491,75,HDPE,1998,28,2358.5,37.0,Rocky,988.5,1,2,1167.5,6.5,5,0,36.1,Moderate
P-05492,32,GI,2006,20,1574.4,47.3,Clay,1672.4,2,3,596.5,10.7,8,0,39.8,Moderate
P-05493,75,Ductile Iron,1997,29,1476.8,39.3,Sandy,1242.5,3,4,1307.3,14.8,5,1,58.3,High
P-05494,25,GI,2011,15,418.8,32.2,Rocky,877.3,2,0,1549.7,3.0,1,0,19.7,Low
P-05495,50,PVC,2013,13,979.8,48.2,Loam,989.4,1,1,1190.1,0.2,2,0,20.6,Low
P-05496,160,PVC,2006,20,585.0,36.0,Sandy,1742.7,1,2,830.1,2.1,6,0,21.0,Low
P-05497,110,HDPE,2019,7,1529.7,28.6,Clay,1141.0,0,1,1130.5,1.0,2,0,6.6,Low
P-05498,32,GI,2004,22,103.5,18.0,Clay,940.2,2,0,1213.2,9.6,4,1,18.9,Low
P-05499,32,HDPE,2014,12,308.4,47.2,Loam,1199.1,2,2,934.9,2.0,3,0,23.5,Low
P-05500,63,Ductile Iron,1996,30,250.9,42.8,Clay,1704.6,4,3,1087.4,8.8,6,1,60.6,High
P-05501,160,GI,2019,7,1696.3,40.1,Clay,1152.3,1,1,914.9,2.3,3,0,12.9,Low
P-05502,50,HDPE,2022,4,1582.3,32.8,Clay,1505.5,1,1,1558.3,4.0,0,0,8.5,Low
P-05503,75,GI,2023,3,1485.2,52.2,Clay,1303.2,1,0,982.5,1.5,1,0,14.1,Low
P-05504,40,PVC,2009,17,55.2,42.0,Sandy,1246.2,0,3,1059.5,1.6,2,0,23.9,Low
P-05505,40,Ductile Iron,2002,24,1991.5,56.7,Clay,1716.5,4,0,861.2,9.3,5,1,53.6,High
P-05506,75,GI,2022,4,2178.7,27.3,Clay,1754.8,0,0,842.6,3.8,0,1,6.4,Low
P-05507,40,PVC,1998,28,521.4,39.7,Rocky,1405.0,1,1,1501.7,0.3,4,1,34.7,Moderate
P-05508,63,Ductile Iron,2009,17,815.8,29.9,Loam,1468.4,2,2,918.1,2.6,5,0,18.0,Low
P-05509,25,PVC,2001,25,1131.6,29.7,Loam,981.3,5,3,1026.4,5.1,4,1,46.1,Moderate
P-05510,25,PVC,2020,6,963.8,42.1,Clay,1366.3,1,0,1263.7,0.3,0,0,11.0,Low
P-05511,25,PVC,2021,5,2029.5,46.7,Sandy,984.1,1,0,969.0,2.2,1,1,11.5,Low
P-05512,90,HDPE,2022,4,133.8,35.3,Clay,1237.5,0,1,1420.0,12.1,0,0,8.7,Low
P-05513,50,PVC,1996,30,1926.0,38.4,Sandy,1470.9,4,0,950.5,1.4,4,1,47.4,Moderate
P-05514,90,Ductile Iron,2022,4,861.0,14.2,Clay,1583.3,0,0,973.0,3.0,2,0,3.0,Low
P-05515,90,PVC,1997,29,2355.7,42.0,Sandy,863.5,4,5,714.9,4.1,10,0,56.8,High
P-05516,63,PVC,2015,11,1151.0,29.9,Clay,1138.0,4,3,644.2,3.6,1,1,22.7,Low
P-05517,32,GI,2008,18,859.4,48.2,Sandy,1292.7,4,1,696.5,3.7,2,0,45.5,Moderate
P-05518,90,GI,2007,19,1733.7,33.8,Clay,1100.9,3,2,799.2,1.2,2,0,33.3,Moderate
P-05519,25,PVC,1997,29,1262.2,38.9,Rocky,1115.1,3,3,686.8,7.1,5,1,51.9,High
P-05520,40,Ductile Iron,2022,4,1816.3,48.4,Sandy,894.9,0,1,1007.6,9.3,0,0,12.6,Low
P-05521,50,HDPE,2016,10,1470.4,46.9,Loam,1343.3,1,2,983.7,10.3,4,0,18.9,Low
P-05522,160,PVC,2011,15,335.8,24.9,Loam,909.2,2,1,678.3,10.1,2,0,15.7,Low
P-05523,50,Ductile Iron,1998,28,657.0,67.9,Clay,1590.1,5,1,878.7,4.1,3,1,76.6,Very High
P-05524,160,GI,2018,8,569.7,46.4,Loam,825.8,3,0,1396.1,1.5,3,1,19.9,Low
P-05525,25,PVC,2002,24,1205.3,31.9,Clay,1373.2,2,5,981.9,4.4,5,1,37.6,Moderate
P-05526,32,HDPE,2005,21,1166.8,17.4,Clay,1167.5,1,0,1131.0,1.9,5,0,10.8,Low
P-05527,25,GI,2009,17,2041.9,29.8,Loam,1154.7,2,0,993.9,3.5,5,0,17.3,Low
P-05528,50,GI,2009,17,2299.7,45.2,Clay,1640.6,2,2,1282.8,4.5,4,1,33.3,Moderate
P-05529,160,HDPE,2023,3,630.1,37.1,Clay,1202.6,1,0,1164.2,1.7,0,0,7.8,Low
P-05530,160,PVC,2024,2,1714.5,30.6,Black Cotton,1788.7,0,0,830.3,2.7,0,0,7.0,Low
P-05531,50,PVC,2012,14,1491.5,23.8,Clay,1203.3,1,1,875.7,2.1,8,0,7.9,Low
P-05532,40,PVC,2015,11,844.3,37.0,Rocky,956.1,0,0,658.4,1.6,1,0,10.8,Low
P-05533,40,PVC,2013,13,452.5,33.2,Rocky,1137.3,1,1,1063.9,11.3,5,0,13.2,Low
P-05534,50,PVC,2005,21,439.1,32.5,Clay,1293.2,1,1,627.5,3.4,3,1,21.3,Low
P-05535,160,HDPE,2007,19,1405.3,46.2,Clay,1419.6,0,2,1375.3,18.6,0,0,35.0,Moderate
P-05536,110,HDPE,2023,3,1143.5,16.6,Black Cotton,1089.9,0,0,1188.5,0.2,1,0,4.3,Low
P-05537,40,PVC,2022,4,279.8,40.9,Clay,840.7,0,0,852.2,0.1,0,1,7.8,Low
P-05538,40,HDPE,2010,16,2081.6,47.0,Loam,916.2,0,3,814.7,2.5,3,1,24.9,Low
P-05539,90,PVC,2016,10,2145.4,28.7,Clay,1248.0,2,0,1049.8,9.8,2,0,11.3,Low
P-05540,160,Ductile Iron,2018,8,110.5,40.7,Sandy,1727.6,3,3,500.0,6.3,4,1,19.9,Low
P-05541,90,HDPE,1995,31,2316.6,38.2,Clay,1648.4,3,2,1274.9,4.3,4,1,52.1,High
P-05542,110,Ductile Iron,2003,23,1881.4,34.6,Loam,1250.0,2,2,654.2,3.0,2,0,32.7,Moderate
P-05543,90,GI,2017,9,838.8,39.2,Loam,1276.7,1,1,1627.2,2.7,1,0,15.9,Low
P-05544,160,PVC,2001,25,1004.0,45.1,Loam,1473.1,1,0,1357.1,5.2,4,1,32.5,Moderate
P-05545,90,Ductile Iron,1999,27,2281.2,39.6,Black Cotton,1657.1,1,4,935.2,1.5,9,0,43.6,Moderate
P-05546,50,PVC,2010,16,1032.2,32.1,Clay,1394.3,0,1,1314.9,3.9,3,0,13.4,Low
P-05547,32,PVC,2016,10,1230.1,34.1,Sandy,1351.4,2,2,931.5,1.9,1,0,15.9,Low
P-05548,75,HDPE,1995,31,591.0,21.5,Loam,1282.8,6,4,950.7,4.1,10,1,48.5,Moderate
P-05549,40,GI,1998,28,1134.7,29.5,Sandy,1242.7,1,2,1532.5,5.4,8,0,30.5,Moderate
P-05550,32,PVC,2012,14,2462.9,12.3,Rocky,1537.8,2,0,884.8,9.3,3,0,8.3,Low
P-05551,25,PVC,2005,21,2044.2,20.8,Clay,1531.3,5,4,1344.0,1.0,4,0,33.1,Moderate
P-05552,32,Ductile Iron,2024,2,2204.9,21.5,Sandy,808.2,0,0,544.6,1.7,0,0,3.7,Low
P-05553,50,PVC,2005,21,2376.1,25.5,Sandy,1453.1,2,1,934.2,2.3,2,0,21.0,Low
P-05554,110,PVC,1998,28,496.5,40.6,Loam,839.4,1,1,943.1,0.8,4,0,35.5,Moderate
P-05555,63,PVC,2021,5,885.6,25.4,Sandy,1444.9,0,0,500.0,7.1,0,0,5.6,Low
P-05556,160,GI,2003,23,2395.2,34.0,Loam,972.6,3,3,1128.1,1.0,5,1,39.2,Moderate
P-05557,63,PVC,2013,13,2445.2,39.8,Black Cotton,965.2,1,1,1072.9,6.1,3,1,22.1,Low
P-05558,110,HDPE,1995,31,2007.8,60.2,Clay,1143.0,5,3,1257.3,7.0,4,1,80.0,Very High
P-05559,75,GI,1998,28,2051.0,24.3,Sandy,1110.8,6,2,1307.9,4.2,3,1,54.3,High
P-05560,110,PVC,2012,14,1102.0,20.8,Rocky,1418.5,3,0,646.8,0.3,1,0,12.6,Low
P-05561,32,PVC,2013,13,236.3,14.2,Clay,1608.8,1,1,1305.9,11.7,2,0,8.6,Low
P-05562,63,PVC,2022,4,1856.5,38.2,Sandy,1019.8,1,2,825.7,9.1,0,0,12.1,Low
P-05563,75,PVC,2014,12,234.0,33.8,Clay,1504.8,2,1,1090.4,3.5,2,0,15.5,Low
P-05564,75,PVC,2024,2,719.7,45.1,Loam,1312.8,0,0,1176.5,3.3,1,0,7.7,Low
P-05565,75,PVC,2012,14,619.3,42.2,Black Cotton,1558.1,3,1,840.1,5.6,1,0,34.8,Moderate
P-05566,110,HDPE,2007,19,1307.3,33.5,Sandy,825.3,3,2,1124.1,4.3,3,0,28.5,Moderate
P-05567,90,GI,2004,22,615.6,34.5,Black Cotton,1773.7,5,5,775.2,2.6,3,1,65.0,High
P-05568,50,Ductile Iron,2017,9,538.0,26.7,Loam,1718.8,0,2,947.1,9.3,2,0,9.0,Low
P-05569,32,PVC,1995,31,637.6,47.3,Sandy,1139.0,5,0,981.5,4.8,2,0,65.3,High
P-05570,110,GI,1998,28,475.5,71.4,Sandy,1486.6,0,6,535.1,9.4,10,1,71.5,High
P-05571,50,GI,2004,22,1255.3,36.7,Loam,1772.0,3,3,828.1,0.5,5,0,39.5,Moderate
P-05572,110,GI,2018,8,295.5,41.7,Clay,1348.7,0,0,1129.7,9.4,1,0,13.5,Low
P-05573,25,Ductile Iron,1996,30,1056.2,28.3,Clay,1220.8,5,8,1045.5,5.1,10,1,61.2,High
P-05574,90,Ductile Iron,1997,29,87.4,36.1,Clay,1554.8,4,3,1215.0,4.8,2,1,57.4,High
P-05575,110,HDPE,2007,19,2387.2,39.4,Loam,1216.5,1,3,941.4,10.4,3,0,29.9,Moderate
P-05576,32,PVC,2014,12,1284.0,51.9,Loam,1732.1,2,2,1010.3,0.2,2,1,27.3,Moderate
P-05577,63,HDPE,2007,19,1312.1,38.3,Sandy,1047.3,2,3,1050.9,0.8,2,0,31.2,Moderate
P-05578,50,HDPE,2003,23,81.1,48.0,Sandy,1611.9,0,4,822.0,1.8,5,1,36.6,Moderate
P-05579,63,HDPE,2006,20,729.9,23.0,Loam,1387.3,4,1,864.2,7.1,5,1,22.5,Low
P-05580,90,PVC,2024,2,315.3,33.0,Rocky,1657.3,0,0,1137.5,3.3,0,0,5.5,Low
P-05581,110,PVC,1997,29,1964.6,15.7,Clay,1129.6,3,3,1183.8,8.3,7,0,30.1,Moderate
P-05582,63,HDPE,2015,11,724.1,42.2,Black Cotton,1478.5,1,1,1049.4,0.4,3,0,19.6,Low
P-05583,75,PVC,2003,23,694.7,44.5,Clay,1724.3,2,4,1658.6,0.4,4,0,43.3,Moderate
P-05584,50,PVC,1996,30,115.4,29.8,Rocky,972.5,6,2,1333.9,5.0,6,0,53.7,High
P-05585,75,Ductile Iron,2010,16,1121.4,27.7,Clay,1367.2,2,5,1137.4,0.2,4,0,22.2,Low
P-05586,40,GI,2008,18,2329.9,45.5,Clay,1660.9,1,0,1216.6,6.2,4,0,26.4,Moderate
P-05587,63,GI,2014,12,725.5,8.0,Sandy,1544.0,2,2,1116.1,0.8,2,0,9.0,Low
P-05588,25,PVC,1996,30,140.7,35.3,Black Cotton,1401.5,2,2,1238.5,4.9,5,0,50.8,High
P-05589,160,HDPE,2015,11,111.4,22.3,Loam,829.6,1,0,997.1,2.4,2,0,7.6,Low
P-05590,40,Ductile Iron,2007,19,1577.0,11.1,Loam,1293.0,3,3,931.5,2.5,3,0,16.8,Low
P-05591,25,PVC,2015,11,2467.6,47.4,Rocky,1705.4,2,0,981.2,13.0,5,0,18.8,Low
P-05592,110,GI,2012,14,1784.7,38.0,Clay,1089.8,0,1,1331.8,7.5,0,0,20.2,Low
P-05593,50,HDPE,2018,8,922.2,8.0,Loam,813.7,1,0,965.4,7.3,1,0,4.4,Low
P-05594,40,PVC,2023,3,2139.1,32.5,Clay,1624.7,0,2,845.1,2.6,1,0,6.9,Low
P-05595,25,PVC,2013,13,490.2,34.7,Rocky,944.7,2,1,697.3,9.5,3,1,17.4,Low
P-05596,40,GI,2013,13,1485.4,54.3,Clay,1079.1,3,1,554.9,1.4,6,0,31.1,Moderate
P-05597,75,Ductile Iron,2016,10,1533.3,43.1,Sandy,945.7,2,0,761.8,4.8,2,1,16.4,Low
P-05598,160,Ductile Iron,2003,23,1862.4,47.1,Loam,1507.7,5,3,1143.9,1.7,5,0,54.7,High
P-05599,110,PVC,2006,20,1782.8,34.3,Loam,1354.4,0,4,839.4,6.7,5,0,23.5,Low
P-05600,40,HDPE,2011,15,137.2,36.0,Sandy,1432.9,0,1,1367.0,2.5,2,0,14.6,Low
P-05601,32,Ductile Iron,2020,6,239.4,29.6,Black Cotton,1429.0,0,0,919.5,0.1,0,0,8.6,Low
P-05602,50,PVC,1997,29,1631.7,46.1,Loam,1462.7,7,4,1291.6,6.9,6,1,75.3,Very High
P-05603,63,PVC,2003,23,1628.0,14.7,Clay,1694.1,3,1,849.7,16.0,4,1,21.6,Low
P-05604,90,PVC,1999,27,923.0,35.1,Black Cotton,1708.6,7,1,768.0,6.5,3,1,67.1,High
P-05605,63,HDPE,2008,18,1209.6,30.6,Sandy,1107.2,3,4,509.4,4.4,2,0,31.6,Moderate
P-05606,90,PVC,2021,5,995.8,30.7,Loam,983.2,1,0,607.8,3.7,1,0,7.1,Low
P-05607,160,GI,2015,11,1944.7,20.9,Loam,856.7,2,2,1179.9,2.2,4,0,11.6,Low
P-05608,32,GI,1997,29,1007.0,53.3,Loam,951.4,4,2,1146.8,1.5,10,1,60.9,High
P-05609,63,GI,2013,13,2247.5,45.5,Clay,1031.2,1,1,726.8,5.6,2,0,23.9,Low
P-05610,160,PVC,2019,7,1090.0,43.1,Loam,1492.8,0,1,800.2,6.2,0,0,12.5,Low
P-05611,110,PVC,2022,4,2027.4,40.2,Black Cotton,1090.6,0,0,1211.5,4.4,0,1,11.1,Low
P-05612,32,GI,2006,20,1558.5,18.7,Rocky,1640.7,1,2,1116.8,6.2,8,0,14.3,Low
P-05613,160,HDPE,2005,21,1395.6,25.6,Loam,1521.8,3,1,620.8,5.8,5,0,21.9,Low
P-05614,63,HDPE,2019,7,1419.0,13.5,Loam,1646.8,0,0,537.5,0.1,1,0,3.7,Low
P-05615,90,PVC,2009,17,433.6,34.4,Sandy,943.3,4,3,638.2,7.1,2,0,34.9,Moderate
P-05616,90,HDPE,2021,5,2069.2,36.1,Sandy,1680.2,1,0,1256.1,2.8,2,0,7.9,Low
P-05617,40,PVC,2008,18,559.7,30.3,Loam,1146.1,2,3,1417.8,5.9,3,0,24.4,Low
P-05618,32,Ductile Iron,2012,14,1624.5,49.9,Loam,1036.3,2,4,1281.3,10.4,1,0,39.5,Moderate
P-05619,75,PVC,2022,4,2196.8,36.7,Sandy,801.5,0,0,1041.3,2.8,0,0,7.1,Low
P-05620,90,PVC,2015,11,2466.8,36.7,Sandy,1018.2,0,1,934.4,2.6,3,0,10.9,Low
P-05621,110,PVC,2000,26,2468.2,46.4,Rocky,1317.2,3,2,873.9,2.2,8,0,43.2,Moderate
P-05622,160,PVC,1999,27,2164.4,60.3,Clay,1195.8,3,4,500.0,4.5,7,1,65.5,High
P-05623,90,PVC,2002,24,1541.7,31.3,Clay,886.1,3,0,1320.6,2.2,7,1,24.1,Low
P-05624,40,GI,2024,2,458.8,27.9,Sandy,834.5,0,0,917.8,2.1,4,0,4.4,Low
P-05625,32,Ductile Iron,2009,17,1981.1,28.9,Sandy,1037.1,5,1,754.0,4.2,5,1,24.6,Low
P-05626,50,GI,2003,23,1640.4,33.7,Clay,1601.5,5,1,1240.5,4.5,3,0,45.5,Moderate
P-05627,63,PVC,2013,13,2047.0,32.3,Black Cotton,1174.2,1,3,1395.6,15.1,4,0,23.4,Low
P-05628,40,Ductile Iron,2006,20,1617.1,45.6,Clay,1619.4,6,2,1224.6,11.9,3,0,55.8,High
P-05629,40,Ductile Iron,1996,30,1306.4,8.0,Sandy,1727.8,10,2,871.1,7.0,6,1,53.4,High
P-05630,40,PVC,1999,27,637.3,29.8,Clay,1321.4,5,2,1171.5,4.6,8,0,40.5,Moderate
P-05631,110,Ductile Iron,2017,9,314.0,32.4,Clay,1120.0,1,1,1072.4,1.5,1,0,10.7,Low
P-05632,90,Ductile Iron,2013,13,1602.7,47.0,Loam,1453.8,4,1,1300.9,1.0,2,1,30.3,Moderate
P-05633,75,GI,2022,4,2231.2,28.2,Rocky,1684.3,0,0,1057.7,12.1,1,0,7.0,Low
P-05634,40,HDPE,2005,21,2496.7,20.2,Sandy,1431.5,3,1,1194.5,3.4,4,0,19.2,Low
P-05635,40,PVC,2020,6,344.5,62.6,Loam,1420.4,0,0,770.5,1.5,1,0,16.8,Low
P-05636,32,PVC,2018,8,862.1,25.1,Sandy,1509.6,1,0,806.8,0.9,3,0,6.2,Low
P-05637,110,HDPE,2004,22,485.1,46.2,Clay,1681.6,1,2,1200.5,0.8,3,1,34.1,Moderate
P-05638,25,GI,2021,5,1503.3,17.4,Clay,1630.8,0,2,1081.1,0.5,5,1,4.5,Low
P-05639,63,PVC,2011,15,196.2,46.4,Black Cotton,1137.0,1,3,729.6,2.3,2,0,35.0,Moderate
P-05640,40,HDPE,1999,27,2437.8,47.4,Sandy,1053.2,5,1,1116.2,5.8,7,1,54.5,High
P-05641,32,Ductile Iron,2017,9,1704.8,30.2,Rocky,1376.6,1,2,1225.2,2.5,4,0,9.7,Low
P-05642,110,PVC,2022,4,556.3,44.8,Sandy,1044.0,0,1,733.4,2.1,1,1,9.7,Low
P-05643,32,Ductile Iron,1998,28,2218.6,49.8,Loam,1211.3,3,2,828.0,6.4,7,1,52.9,High
P-05644,63,Ductile Iron,2022,4,1911.7,45.9,Clay,1174.9,1,0,1015.5,2.2,0,0,11.1,Low
P-05645,40,PVC,2004,22,1644.8,27.8,Clay,1164.7,3,0,1101.4,5.2,7,0,20.1,Low
P-05646,50,PVC,1998,28,1697.1,45.4,Sandy,1799.0,4,4,1008.7,1.5,6,0,59.6,High
P-05647,110,GI,2004,22,569.8,32.1,Clay,1441.6,5,2,1491.9,1.6,4,1,43.0,Moderate
P-05648,25,PVC,2007,19,180.1,39.4,Clay,1713.6,1,2,1179.5,4.6,6,0,22.3,Low
P-05649,32,PVC,2014,12,2239.0,25.0,Rocky,1663.4,1,1,1083.8,1.9,3,0,9.4,Low
P-05650,25,GI,1999,27,1604.0,46.8,Clay,944.5,3,3,1196.3,7.4,5,0,60.0,High
P-05651,110,Ductile Iron,2008,18,267.1,36.9,Rocky,1297.9,3,3,1254.9,8.5,6,0,29.7,Moderate
P-05652,75,PVC,2020,6,104.0,24.9,Loam,1213.8,0,0,541.8,1.4,1,0,5.1,Low
P-05653,50,PVC,2004,22,2344.3,39.6,Loam,1480.8,1,0,1312.1,7.0,4,0,24.6,Low
P-05654,32,GI,2001,25,1498.0,51.1,Clay,859.6,1,3,617.2,2.3,4,0,50.7,High
P-05655,75,GI,2006,20,1882.8,32.1,Loam,1121.7,2,3,1224.2,7.8,2,0,34.7,Moderate
P-05656,50,HDPE,2007,19,1916.7,41.8,Rocky,1250.3,3,1,1106.7,1.4,2,0,32.3,Moderate
P-05657,50,PVC,2017,9,1392.9,40.3,Loam,1437.0,2,1,1091.4,1.3,1,1,15.9,Low
P-05658,160,PVC,2023,3,1434.8,41.1,Sandy,1783.8,0,1,500.0,2.4,1,1,8.1,Low
P-05659,50,Ductile Iron,2024,2,999.2,35.4,Clay,1391.1,2,1,1305.9,5.1,0,0,9.6,Low
P-05660,63,PVC,2001,25,1683.5,22.2,Clay,1090.1,2,1,1371.8,0.4,7,0,18.7,Low
P-05661,50,GI,2010,16,614.2,55.5,Rocky,977.9,2,1,919.8,5.6,2,1,40.0,Moderate
P-05662,160,Ductile Iron,2015,11,1510.0,45.1,Clay,810.2,1,3,776.3,3.3,3,0,20.4,Low
P-05663,90,PVC,2003,23,586.2,43.4,Loam,930.9,3,1,1061.3,2.7,3,0,39.5,Moderate
P-05664,110,HDPE,2018,8,1976.2,53.2,Rocky,1448.8,2,1,832.6,12.7,2,0,23.6,Low
P-05665,50,PVC,2020,6,2266.1,48.4,Rocky,831.4,0,0,1093.0,1.5,3,0,9.8,Low
P-05666,25,PVC,2023,3,1582.1,46.3,Clay,1312.3,0,1,619.8,3.7,1,1,9.7,Low
P-05667,75,GI,2013,13,359.6,32.9,Clay,1468.9,2,1,722.8,11.4,3,0,19.9,Low
P-05668,25,Ductile Iron,1999,27,2326.4,31.5,Sandy,961.8,3,3,835.5,0.8,5,1,39.4,Moderate
P-05669,160,PVC,2022,4,334.1,18.1,Loam,1689.9,0,1,982.3,1.8,2,0,3.8,Low
P-05670,63,PVC,2010,16,1003.7,35.4,Sandy,1550.1,4,1,1197.1,3.6,2,0,27.4,Moderate
P-05671,90,PVC,2005,21,715.8,50.4,Black Cotton,855.0,4,1,1217.1,0.6,9,0,45.2,Moderate
P-05672,40,PVC,2006,20,1496.4,29.4,Clay,1078.9,1,2,1387.0,1.2,3,1,19.9,Low
P-05673,32,PVC,2020,6,2147.1,33.0,Loam,1065.4,0,0,1307.0,2.6,0,0,7.2,Low
P-05674,90,HDPE,2002,24,1563.8,12.7,Sandy,1094.7,3,2,1279.2,7.5,4,0,21.7,Low
P-05675,90,HDPE,2005,21,1862.9,25.5,Clay,1577.7,2,4,897.2,3.5,1,0,29.7,Moderate
P-05676,40,GI,2001,25,716.7,45.8,Black Cotton,989.1,2,2,500.0,13.9,5,0,58.8,High
P-05677,160,HDPE,2024,2,455.5,48.9,Sandy,876.1,0,1,938.7,7.5,0,0,10.9,Low
P-05678,75,HDPE,2003,23,1936.2,28.5,Rocky,914.5,6,2,1112.5,0.3,2,0,43.7,Moderate
P-05679,50,PVC,2011,15,174.6,39.5,Clay,1452.1,1,1,1159.2,4.6,3,0,18.4,Low
P-05680,90,HDPE,2018,8,1789.7,31.0,Loam,1125.7,0,1,1462.9,2.4,2,0,7.8,Low
P-05681,32,PVC,2020,6,1086.1,30.3,Rocky,820.4,2,1,1094.1,1.4,1,0,9.6,Low
P-05682,50,PVC,2020,6,123.7,45.3,Rocky,846.5,0,3,1096.4,3.3,0,1,15.1,Low
P-05683,50,PVC,2022,4,459.7,38.7,Clay,1601.1,1,0,1072.8,2.8,0,0,8.9,Low
P-05684,110,PVC,2020,6,1304.4,57.3,Sandy,822.5,2,0,925.5,5.0,0,0,21.3,Low
P-05685,32,PVC,2024,2,277.0,40.3,Loam,1251.4,0,1,1281.7,5.4,0,0,8.1,Low
P-05686,50,PVC,2010,16,832.8,25.4,Loam,1369.0,2,1,785.9,2.0,2,0,15.3,Low
P-05687,75,PVC,2011,15,404.8,35.1,Black Cotton,1662.4,1,2,841.4,5.2,2,1,25.0,Low
P-05688,160,HDPE,2016,10,1856.7,43.1,Rocky,1738.3,0,0,984.9,1.3,1,1,12.1,Low
P-05689,63,PVC,2007,19,559.0,54.2,Clay,1400.4,4,5,949.8,2.4,4,1,57.1,High
P-05690,75,PVC,2020,6,1689.4,51.3,Sandy,883.0,3,1,885.8,2.4,1,0,21.3,Low
P-05691,25,PVC,2016,10,2187.4,42.6,Loam,946.4,1,2,1293.8,2.1,2,0,16.7,Low
P-05692,50,PVC,2000,26,780.6,58.7,Clay,1196.8,3,1,1164.9,1.7,6,1,53.5,High
P-05693,40,HDPE,2023,3,1165.4,56.6,Loam,1707.8,0,0,1328.4,14.9,1,0,13.8,Low
P-05694,25,HDPE,2005,21,1822.4,25.0,Loam,1216.4,1,1,1344.9,3.6,2,0,18.2,Low
P-05695,160,HDPE,2024,2,2017.5,19.9,Loam,1524.6,0,0,677.5,13.7,1,1,3.9,Low
P-05696,63,HDPE,2018,8,1770.5,24.3,Clay,923.8,3,0,896.7,4.4,0,0,10.5,Low
P-05697,110,GI,2005,21,1016.7,14.7,Clay,1711.0,8,1,1097.4,5.4,6,1,35.0,Moderate
P-05698,75,PVC,2018,8,1200.8,41.5,Clay,1050.6,0,1,1133.1,1.5,2,0,10.8,Low
P-05699,40,PVC,2000,26,605.3,20.7,Sandy,1263.6,5,2,798.1,2.4,4,0,36.2,Moderate
P-05700,63,GI,2012,14,2310.2,38.1,Loam,891.2,1,1,1110.9,4.2,1,1,21.3,Low
P-05701,110,PVC,1998,28,2274.3,32.2,Sandy,1582.2,3,4,1032.9,2.8,4,1,47.3,Moderate
P-05702,63,GI,2021,5,636.2,68.9,Black Cotton,1241.8,1,0,835.0,4.2,1,0,33.6,Moderate
P-05703,110,PVC,2007,19,2404.3,36.8,Rocky,1682.1,3,0,1065.8,3.8,2,0,26.7,Moderate
P-05704,25,PVC,2011,15,825.1,36.9,Clay,1101.3,2,1,944.2,5.8,4,0,19.0,Low
P-05705,50,HDPE,2022,4,1627.2,41.6,Clay,839.1,0,0,957.9,3.7,1,0,7.9,Low
P-05706,25,PVC,2014,12,455.4,35.0,Clay,1015.7,2,0,1132.3,14.1,1,1,17.3,Low
P-05707,50,GI,2006,20,893.1,42.2,Rocky,1431.9,3,0,713.6,3.1,10,0,26.1,Moderate
P-05708,32,HDPE,2008,18,1219.0,47.7,Loam,1394.7,4,1,1349.4,12.3,3,0,41.9,Moderate
P-05709,50,GI,2013,13,1258.2,35.0,Rocky,1112.8,2,2,996.4,1.6,5,0,18.9,Low
P-05710,32,PVC,2004,22,1747.5,40.7,Rocky,848.7,2,0,728.3,2.6,9,0,22.0,Low
P-05711,90,HDPE,2013,13,951.2,41.3,Clay,1603.2,2,2,729.0,1.1,0,0,24.1,Low
P-05712,50,PVC,2024,2,2322.3,46.8,Loam,1084.9,0,0,1292.8,9.0,0,0,9.3,Low
P-05713,32,PVC,2018,8,2417.5,43.7,Clay,1329.4,1,0,1025.9,4.8,0,0,13.9,Low
P-05714,75,HDPE,2003,23,2372.1,42.7,Clay,1276.7,2,0,1177.9,1.2,5,0,28.9,Moderate
P-05715,25,GI,2023,3,1721.8,31.3,Loam,1459.9,0,1,1075.9,4.7,0,1,7.7,Low
P-05716,40,Ductile Iron,1997,29,1234.2,51.1,Loam,1747.3,2,3,760.8,1.4,5,1,55.8,High
P-05717,40,PVC,2009,17,2254.2,28.8,Loam,1119.5,3,2,1345.0,8.2,1,0,25.9,Moderate
P-05718,160,PVC,2022,4,1885.3,39.7,Rocky,1744.9,0,0,1093.4,6.2,2,0,7.3,Low
P-05719,25,PVC,1997,29,1781.8,27.3,Loam,1702.1,3,6,689.0,10.5,11,0,43.8,Moderate
P-05720,63,Ductile Iron,2011,15,200.2,39.6,Black Cotton,1742.6,1,1,1534.9,0.5,3,1,23.2,Low
P-05721,90,HDPE,2014,12,1995.9,23.8,Loam,1758.5,0,2,1028.7,7.0,3,1,9.3,Low
P-05722,160,Ductile Iron,2010,16,1126.9,37.7,Loam,1376.2,1,0,995.7,9.5,1,1,19.5,Low
P-05723,90,HDPE,2015,11,1101.1,30.7,Clay,920.3,1,1,500.0,0.9,1,0,11.5,Low
P-05724,63,GI,2021,5,900.4,32.0,Loam,1270.5,0,0,876.9,2.9,0,0,7.9,Low
P-05725,25,PVC,1995,31,1440.2,31.9,Black Cotton,1409.2,2,3,1151.8,2.5,9,0,46.0,Moderate
P-05726,90,PVC,2003,23,1803.8,33.9,Clay,1507.9,1,1,912.6,8.5,8,0,20.9,Low
P-05727,25,Ductile Iron,1998,28,1329.0,37.0,Loam,1347.8,4,2,715.8,4.7,3,0,51.7,High
P-05728,110,PVC,2001,25,215.7,45.6,Rocky,820.7,2,2,1185.0,10.2,7,0,40.7,Moderate
P-05729,75,HDPE,1996,30,1342.1,39.6,Clay,1094.1,3,4,813.6,1.1,7,1,52.4,High
P-05730,63,PVC,2013,13,1544.9,26.2,Loam,1167.2,0,1,1212.6,9.5,1,0,10.9,Low
P-05731,160,Ductile Iron,2022,4,1411.9,34.6,Loam,1348.8,0,1,1177.2,3.2,1,0,7.1,Low
P-05732,160,PVC,2009,17,996.4,31.0,Loam,1734.6,2,2,1294.0,1.6,3,0,20.2,Low
P-05733,40,PVC,2006,20,2335.0,26.1,Loam,1069.9,3,5,1152.4,0.1,5,1,29.0,Moderate
P-05734,160,GI,2016,10,1563.5,47.8,Black Cotton,1285.8,4,1,953.2,4.6,3,0,38.1,Moderate
P-05735,160,PVC,2013,13,793.1,28.6,Loam,1761.6,4,3,845.1,1.1,4,1,20.8,Low
P-05736,75,Ductile Iron,2021,5,2229.9,33.3,Rocky,1110.6,4,1,619.6,7.1,2,0,13.9,Low
P-05737,160,PVC,2015,11,2439.4,32.3,Loam,1490.1,2,0,846.0,0.7,6,0,9.7,Low
P-05738,63,PVC,2018,8,666.7,32.6,Loam,898.7,2,0,901.5,0.3,3,0,9.3,Low
P-05739,110,GI,2020,6,78.1,41.5,Loam,1041.5,0,0,1475.9,6.3,0,0,11.9,Low
P-05740,75,PVC,2009,17,1489.1,27.6,Sandy,973.9,4,0,1800.0,1.6,1,0,21.8,Low
P-05741,63,HDPE,2016,10,1915.1,54.6,Loam,815.6,0,1,946.6,11.8,1,0,21.6,Low
P-05742,40,HDPE,2000,26,1119.0,21.4,Clay,1588.2,4,3,1042.4,1.6,4,1,35.3,Moderate
P-05743,50,PVC,2015,11,1252.0,33.2,Black Cotton,1135.2,4,2,1289.2,13.8,3,0,29.8,Moderate
P-05744,63,PVC,2001,25,1947.2,32.7,Loam,825.0,0,2,1462.3,6.4,6,1,23.4,Low
P-05745,110,Ductile Iron,2012,14,307.9,27.5,Loam,825.8,1,1,1004.1,1.8,6,0,9.9,Low
P-05746,110,HDPE,2003,23,763.6,29.4,Black Cotton,1244.2,1,0,1041.0,9.6,3,0,27.8,Moderate
P-05747,110,HDPE,2004,22,1289.7,56.6,Loam,1227.9,2,2,618.8,2.2,6,0,43.2,Moderate
P-05748,160,GI,2022,4,476.9,32.8,Sandy,865.2,0,0,799.4,3.9,2,1,6.8,Low
P-05749,63,PVC,1999,27,2039.3,54.6,Clay,1743.8,6,5,1162.9,0.3,4,1,77.4,Very High
P-05750,160,PVC,2012,14,1260.7,10.0,Clay,1084.5,0,1,884.0,3.4,4,0,5.4,Low
P-05751,110,GI,2003,23,689.9,46.9,Loam,1175.2,4,3,940.5,1.1,2,1,59.2,High
P-05752,90,PVC,2022,4,2313.5,37.8,Sandy,1422.9,1,0,1106.5,7.2,0,1,9.2,Low
P-05753,63,PVC,2014,12,2410.3,27.5,Clay,1163.2,4,0,924.4,3.6,3,1,14.9,Low
P-05754,90,GI,2013,13,1020.2,51.3,Black Cotton,1018.2,1,2,1448.5,5.2,6,1,32.7,Moderate
P-05755,25,PVC,2007,19,62.7,41.2,Sandy,869.2,3,3,1047.9,5.9,3,1,37.8,Moderate
P-05756,50,HDPE,2009,17,2460.1,12.9,Black Cotton,1430.0,4,2,903.2,0.1,2,0,22.1,Low
P-05757,32,PVC,2000,26,281.1,40.3,Clay,1558.6,2,2,932.1,7.2,4,0,41.3,Moderate
P-05758,75,PVC,2019,7,978.4,15.4,Loam,1484.6,0,2,914.0,0.9,2,0,4.8,Low
P-05759,40,Ductile Iron,2015,11,772.8,25.6,Sandy,1525.6,2,2,1121.0,1.6,2,0,12.4,Low
P-05760,160,GI,2010,16,1894.2,52.8,Rocky,1524.5,5,3,1145.5,1.4,4,1,52.9,High
P-05761,75,PVC,2008,18,1003.6,46.0,Sandy,1127.1,2,3,786.5,4.4,5,0,32.7,Moderate
P-05762,75,GI,2013,13,1520.3,20.8,Loam,894.2,1,1,1265.8,4.9,2,0,11.6,Low
P-05763,75,PVC,1998,28,1496.5,29.4,Sandy,1308.0,6,6,732.5,8.2,8,0,60.6,High
P-05764,40,Ductile Iron,2008,18,1767.1,21.9,Clay,1599.7,4,2,923.4,4.9,5,0,20.9,Low
P-05765,32,PVC,2009,17,1182.4,34.7,Sandy,1630.7,2,1,1322.6,0.9,4,0,19.0,Low
P-05766,75,PVC,1999,27,1232.7,15.8,Loam,841.8,4,3,793.3,3.3,5,1,31.8,Moderate
P-05767,50,PVC,1998,28,1601.7,34.1,Clay,1147.5,4,4,853.4,4.4,4,0,54.0,High
P-05768,63,PVC,1998,28,1175.3,31.9,Rocky,1514.0,7,4,1321.2,6.6,3,1,67.2,High
P-05769,63,GI,2015,11,255.6,27.1,Sandy,1300.0,0,1,1314.6,6.9,2,0,10.8,Low
P-05770,90,Ductile Iron,2003,23,1572.6,33.5,Clay,1270.7,4,1,842.7,3.3,9,0,28.0,Moderate
P-05771,32,HDPE,2013,13,2323.2,40.5,Black Cotton,1266.9,0,3,1002.9,4.1,2,1,24.5,Low
P-05772,110,PVC,2000,26,267.2,11.0,Loam,1521.6,3,1,1191.8,6.1,10,1,15.4,Low
P-05773,25,Ductile Iron,2004,22,1146.6,17.5,Loam,1378.7,0,1,1139.6,2.2,6,1,10.6,Low
P-05774,32,Ductile Iron,2000,26,2371.0,31.1,Clay,830.2,3,1,867.3,8.4,9,0,28.8,Moderate
P-05775,32,HDPE,2008,18,1450.5,29.9,Loam,1107.3,3,1,880.4,1.0,4,0,20.4,Low
P-05776,50,PVC,2019,7,1492.3,35.2,Clay,938.2,4,0,894.8,3.9,1,0,15.1,Low
P-05777,160,Ductile Iron,2021,5,2334.1,20.8,Clay,1379.4,0,0,981.0,4.9,0,0,4.6,Low
P-05778,32,GI,2000,26,1908.6,40.0,Loam,1288.5,6,6,1149.5,6.7,5,1,73.3,High
P-05779,63,GI,1999,27,1653.5,46.0,Rocky,1291.4,6,2,926.2,4.1,4,1,68.9,High
P-05780,50,PVC,1999,27,1428.9,57.4,Black Cotton,1351.1,9,2,893.5,10.7,2,1,89.1,Very High
P-05781,32,PVC,1995,31,1681.1,23.4,Rocky,1559.2,4,1,998.5,4.3,6,0,37.7,Moderate
P-05782,160,PVC,1996,30,1035.1,8.0,Clay,1173.2,3,5,1252.6,6.4,6,0,32.2,Moderate
P-05783,25,PVC,2021,5,1154.9,41.8,Loam,1249.0,0,0,1119.3,4.9,2,0,8.3,Low
P-05784,50,HDPE,1998,28,1839.1,36.6,Loam,1319.5,6,3,902.4,7.3,1,1,66.8,High
P-05785,90,Ductile Iron,2013,13,493.6,32.1,Black Cotton,826.2,2,0,559.2,7.5,3,0,18.9,Low
P-05786,75,PVC,1998,28,1276.9,28.3,Loam,1697.5,3,3,1570.7,1.2,4,0,40.1,Moderate
P-05787,160,PVC,2003,23,942.6,36.2,Clay,1741.3,1,3,1378.6,3.6,7,0,26.9,Moderate
P-05788,75,Ductile Iron,2006,20,2216.9,41.0,Loam,942.2,2,1,1057.7,5.3,1,0,32.0,Moderate
P-05789,90,HDPE,2000,26,1440.1,42.6,Sandy,1510.6,1,5,1078.6,1.7,5,1,45.0,Moderate
P-05790,160,PVC,2010,16,2483.0,42.2,Loam,1331.4,3,0,985.8,2.0,3,0,24.3,Low
P-05791,160,PVC,2011,15,2182.0,37.1,Loam,1686.7,2,3,1344.9,1.0,6,0,20.3,Low
P-05792,160,GI,2003,23,212.8,24.8,Clay,1164.3,1,2,1001.8,4.8,3,0,25.4,Moderate
P-05793,63,PVC,1995,31,230.4,28.4,Loam,1608.1,2,1,1024.7,15.6,7,1,36.0,Moderate
P-05794,32,HDPE,2019,7,1744.7,35.9,Loam,1313.6,0,0,1077.1,1.5,2,0,7.5,Low
P-05795,110,Ductile Iron,2008,18,1166.0,26.7,Clay,1045.9,2,4,1280.8,0.4,5,0,20.9,Low
P-05796,63,PVC,1996,30,803.3,19.7,Clay,1050.1,3,2,1107.5,5.0,12,0,24.9,Low
P-05797,40,HDPE,2012,14,1398.6,54.9,Loam,1228.8,3,2,1114.4,3.2,6,0,32.3,Moderate
P-05798,75,Ductile Iron,2015,11,1436.5,32.0,Sandy,1040.5,2,1,1059.7,3.0,2,0,13.7,Low
P-05799,75,PVC,2007,19,2344.9,53.4,Loam,1192.2,5,1,1128.9,2.8,5,1,46.6,Moderate
P-05800,50,HDPE,2007,19,725.8,20.3,Loam,1367.2,1,1,1095.9,2.0,2,0,13.7,Low
P-05801,25,HDPE,1996,30,1150.3,18.4,Loam,1643.2,1,4,900.6,1.4,10,0,23.4,Low
P-05802,25,Ductile Iron,2024,2,599.6,55.7,Clay,1747.5,0,0,639.5,1.4,0,0,11.1,Low
P-05803,40,PVC,1995,31,783.3,41.0,Loam,1074.8,8,2,839.8,6.4,6,1,73.0,High
P-05804,25,GI,2007,19,2486.9,25.4,Rocky,1365.2,3,0,1004.3,4.7,4,0,21.2,Low
P-05805,50,HDPE,2008,18,2250.4,31.1,Loam,1300.8,2,2,1171.6,4.1,5,0,20.1,Low
P-05806,50,PVC,2000,26,172.9,8.0,Clay,1605.2,4,3,1089.4,0.5,4,1,25.1,Moderate
P-05807,160,PVC,2009,17,1530.0,36.0,Clay,1249.2,1,0,1229.6,3.6,6,0,14.3,Low
P-05808,90,PVC,2004,22,1894.2,13.0,Black Cotton,1298.3,3,0,577.0,0.2,4,1,19.2,Low
P-05809,32,GI,2024,2,2340.4,28.6,Loam,1475.6,1,0,1327.6,1.9,0,0,6.7,Low
P-05810,25,PVC,2009,17,622.8,20.3,Sandy,1020.6,1,2,1007.7,1.7,5,0,11.4,Low
P-05811,32,HDPE,2004,22,1475.5,64.6,Loam,1500.4,1,2,805.3,6.5,3,1,51.7,High
P-05812,50,HDPE,2021,5,478.8,31.8,Sandy,1681.2,0,0,949.5,1.5,2,0,5.7,Low
P-05813,160,PVC,2020,6,193.7,27.3,Clay,1074.2,3,1,1212.6,3.3,0,1,11.2,Low
P-05814,90,Ductile Iron,2003,23,2238.6,58.0,Clay,1509.2,1,0,1079.8,2.5,6,0,35.7,Moderate
P-05815,75,HDPE,2000,26,223.4,57.8,Loam,1325.6,5,3,1134.7,2.3,11,1,60.8,High
P-05816,32,PVC,1995,31,2097.4,40.3,Loam,1021.9,3,2,1177.3,0.8,2,0,55.6,High
P-05817,50,PVC,2023,3,2329.5,39.4,Clay,973.7,2,0,962.2,10.6,1,0,10.6,Low
P-05818,75,PVC,2013,13,1265.7,30.2,Loam,1434.1,0,3,541.0,7.5,1,1,15.1,Low
P-05819,75,HDPE,2006,20,1690.9,47.8,Sandy,1192.5,3,5,1134.0,4.5,2,0,52.7,High
P-05820,40,Ductile Iron,1997,29,2212.3,72.6,Loam,1168.2,0,1,1278.3,10.1,6,1,60.8,High
P-05821,160,PVC,2001,25,658.4,55.8,Clay,1099.9,1,1,731.0,14.2,6,1,44.8,Moderate
P-05822,40,PVC,2015,11,920.7,35.0,Black Cotton,1497.1,1,1,1607.1,4.2,2,1,17.5,Low
P-05823,90,PVC,1997,29,635.1,30.0,Sandy,825.6,1,5,1286.1,6.5,2,0,45.8,Moderate
P-05824,90,HDPE,2018,8,2427.6,30.1,Clay,1255.9,1,0,1274.0,0.9,2,0,7.8,Low
P-05825,90,PVC,1995,31,2110.4,26.0,Clay,1490.4,1,2,1027.0,6.9,3,0,35.4,Moderate
P-05826,90,PVC,2010,16,1117.8,58.6,Loam,826.1,4,1,852.3,2.4,5,0,41.0,Moderate
P-05827,110,PVC,2012,14,1453.7,40.9,Clay,836.4,3,3,994.7,0.9,3,1,27.8,Moderate
P-05828,110,PVC,2018,8,724.3,33.9,Loam,1458.6,1,1,975.8,8.5,2,0,11.0,Low
P-05829,25,PVC,1999,27,476.6,42.5,Clay,883.8,2,2,863.6,1.2,7,0,38.5,Moderate
P-05830,110,PVC,2024,2,2430.6,32.7,Loam,1221.5,1,1,1271.2,0.8,0,0,7.0,Low
P-05831,90,PVC,2019,7,2353.8,31.7,Clay,1211.7,0,0,908.8,0.5,1,0,6.8,Low
P-05832,32,HDPE,2013,13,1896.3,41.2,Rocky,912.8,0,0,1137.3,0.7,1,0,13.8,Low
P-05833,90,PVC,2016,10,831.5,27.3,Rocky,823.0,0,0,722.1,0.8,1,0,7.3,Low
P-05834,32,GI,2020,6,2181.7,37.4,Loam,800.6,0,0,1330.1,6.3,3,0,8.9,Low
P-05835,50,GI,2023,3,1875.0,60.1,Loam,1449.8,0,1,1506.8,0.2,0,0,17.7,Low
P-05836,160,PVC,2012,14,1389.5,30.2,Rocky,1273.8,1,3,1062.1,2.0,1,0,17.5,Low
P-05837,75,PVC,2020,6,1615.8,35.3,Loam,1208.6,2,2,1077.6,0.8,0,0,13.2,Low
P-05838,50,Ductile Iron,1996,30,93.9,25.3,Rocky,844.2,1,2,674.8,5.3,7,0,27.6,Moderate
P-05839,40,PVC,2018,8,1109.4,37.2,Loam,899.7,1,2,1253.4,3.4,2,0,12.7,Low
P-05840,160,PVC,2020,6,2446.2,8.0,Loam,911.2,1,1,1200.0,5.3,3,0,3.7,Low
P-05841,75,PVC,2015,11,1565.6,23.5,Rocky,1134.8,4,1,1305.3,7.4,4,0,13.8,Low
P-05842,160,PVC,2009,17,971.3,54.3,Loam,943.0,1,0,1025.1,5.0,3,0,27.9,Moderate
P-05843,32,PVC,2022,4,1656.9,47.2,Loam,1671.4,3,1,914.6,3.5,1,1,17.0,Low
P-05844,63,GI,2002,24,1571.2,43.3,Clay,1029.1,5,2,1378.3,2.5,4,1,56.7,High
P-05845,90,PVC,2024,2,2168.6,41.3,Clay,1724.0,0,0,1045.0,5.6,0,0,7.5,Low
P-05846,75,PVC,2021,5,2108.5,29.7,Sandy,1735.4,0,0,919.7,2.3,0,0,6.0,Low
P-05847,160,PVC,2016,10,362.5,29.1,Black Cotton,1703.8,1,2,897.8,5.8,1,0,16.6,Low
P-05848,25,PVC,2021,5,1861.1,38.5,Sandy,1136.8,1,2,1027.8,14.5,0,0,13.9,Low
P-05849,110,PVC,1996,30,869.1,24.6,Loam,920.9,2,3,657.8,8.4,4,0,38.9,Moderate
P-05850,40,PVC,2023,3,1629.0,28.9,Loam,1653.6,0,2,1044.0,1.8,1,0,6.1,Low
P-05851,90,GI,2010,16,1857.1,42.4,Sandy,967.1,1,1,1445.0,1.7,2,1,25.0,Low
P-05852,50,PVC,2019,7,262.6,25.5,Clay,1316.4,1,1,903.0,16.5,1,0,9.2,Low
P-05853,160,PVC,2023,3,879.0,26.4,Sandy,1731.4,0,0,1320.5,3.6,0,0,4.8,Low
P-05854,32,PVC,2010,16,1164.0,45.8,Loam,1639.4,3,0,736.9,7.8,1,0,31.0,Moderate
P-05855,63,PVC,1996,30,1443.6,35.5,Sandy,1765.7,7,5,1089.5,8.3,7,1,71.2,High
P-05856,50,PVC,2001,25,407.1,41.6,Black Cotton,1076.7,2,2,985.1,3.5,5,0,46.3,Moderate
P-05857,32,PVC,1995,31,1752.8,43.4,Black Cotton,856.7,2,6,824.5,6.7,5,1,71.8,High
P-05858,50,HDPE,2018,8,977.0,13.7,Loam,1287.6,2,0,705.3,2.8,3,0,5.2,Low
P-05859,90,HDPE,2016,10,808.6,22.0,Loam,933.7,0,1,1211.2,6.4,0,0,7.9,Low
P-05860,160,GI,2008,18,552.6,39.4,Clay,1726.5,0,0,792.5,1.7,1,1,21.3,Low
P-05861,63,PVC,2000,26,358.9,41.6,Loam,1228.0,3,1,942.3,9.4,5,1,42.9,Moderate
P-05862,160,Ductile Iron,2008,18,420.0,19.9,Loam,839.1,2,1,807.5,7.3,3,0,15.0,Low
P-05863,50,HDPE,2008,18,1550.9,41.5,Clay,1023.8,3,0,1290.0,0.9,4,0,25.3,Moderate
P-05864,110,Ductile Iron,2010,16,1200.0,20.3,Loam,927.3,1,1,1143.9,14.0,1,0,13.8,Low
P-05865,63,Ductile Iron,1998,28,1132.0,20.1,Clay,1582.9,5,5,989.5,5.9,6,0,47.1,Moderate
P-05866,40,PVC,2019,7,1678.9,32.0,Sandy,1361.8,1,1,1041.0,3.6,1,0,9.5,Low
P-05867,75,PVC,2007,19,96.6,30.6,Black Cotton,1460.2,1,2,829.2,2.2,0,0,29.3,Moderate
P-05868,90,HDPE,2021,5,336.8,33.6,Clay,1108.6,0,0,810.9,13.5,1,0,7.5,Low
P-05869,50,GI,2007,19,2019.1,27.1,Loam,1431.2,3,2,1380.9,6.4,3,0,28.7,Moderate
P-05870,160,PVC,2015,11,179.9,50.6,Sandy,1732.9,1,5,902.4,4.4,4,0,28.0,Moderate
P-05871,50,PVC,1997,29,2346.1,40.5,Loam,941.5,0,3,1213.2,3.4,7,0,35.7,Moderate
P-05872,25,GI,2007,19,1589.0,16.1,Black Cotton,811.8,2,2,910.7,1.4,5,1,21.1,Low
P-05873,75,PVC,2003,23,546.1,48.4,Clay,1302.5,2,5,570.7,0.7,2,0,53.0,High
P-05874,32,PVC,2020,6,1144.2,20.5,Sandy,1769.1,0,1,1420.4,6.2,0,0,5.7,Low
P-05875,25,GI,1998,28,931.8,41.5,Loam,1570.9,4,3,840.7,2.6,6,1,58.4,High
P-05876,90,Ductile Iron,1998,28,749.0,31.3,Clay,1302.6,5,1,890.8,4.6,4,0,46.4,Moderate
P-05877,63,PVC,2003,23,107.0,32.3,Clay,1469.2,1,4,1086.0,0.4,1,0,33.2,Moderate
P-05878,32,PVC,2009,17,2400.1,39.5,Clay,1484.0,1,1,1033.5,7.9,3,0,21.5,Low
P-05879,75,PVC,1995,31,690.2,8.0,Loam,1415.4,3,5,757.9,8.4,9,1,30.6,Moderate
P-05880,90,PVC,2020,6,1890.3,15.5,Loam,1106.1,1,0,1113.9,1.6,0,0,4.7,Low
P-05881,32,HDPE,2003,23,993.5,43.6,Loam,1159.4,4,0,819.1,8.4,5,1,40.0,Moderate
P-05882,50,PVC,2005,21,1213.4,28.0,Rocky,1593.0,3,0,1207.6,5.4,6,0,20.1,Low
P-05883,110,GI,1996,30,355.3,25.5,Sandy,1413.8,5,1,755.0,3.8,3,0,51.2,High
P-05884,160,GI,2002,24,81.9,37.8,Black Cotton,1326.7,2,3,968.9,1.0,3,1,51.5,High
P-05885,25,GI,1996,30,521.6,54.3,Sandy,1582.8,2,0,1040.8,4.6,3,1,59.9,High
P-05886,110,PVC,2010,16,2138.4,26.6,Clay,1068.5,7,3,1331.1,4.1,4,1,35.5,Moderate
P-05887,63,PVC,2001,25,398.1,39.7,Rocky,906.2,4,0,1425.8,5.5,8,0,35.2,Moderate
P-05888,32,GI,2007,19,1488.5,31.0,Sandy,1530.5,0,2,890.7,1.1,7,0,16.3,Low
P-05889,25,Ductile Iron,2002,24,2179.9,45.2,Loam,1793.0,2,2,1315.6,3.5,5,0,39.1,Moderate
P-05890,75,Ductile Iron,2002,24,1933.1,26.8,Clay,885.4,3,2,1124.8,4.8,4,0,30.3,Moderate
P-05891,63,Ductile Iron,2005,21,1327.8,27.4,Loam,1551.4,4,1,1084.0,1.0,3,0,27.3,Moderate
P-05892,50,HDPE,2009,17,792.9,26.8,Clay,1447.1,4,1,856.6,10.0,3,0,23.7,Low
P-05893,25,HDPE,2022,4,83.7,25.5,Loam,942.4,0,0,723.4,0.2,1,0,4.5,Low
P-05894,110,PVC,2002,24,826.6,33.1,Clay,1500.4,2,4,1094.0,3.2,3,0,37.9,Moderate
P-05895,25,GI,2017,9,298.5,26.0,Loam,1791.7,3,1,1297.2,4.6,1,1,15.0,Low
P-05896,90,Ductile Iron,2014,12,2118.5,18.2,Clay,1093.3,0,3,872.2,2.2,5,1,7.3,Low
P-05897,50,HDPE,2019,7,813.7,23.2,Loam,1118.9,0,1,1092.9,3.7,3,0,5.4,Low
P-05898,110,PVC,2001,25,1703.0,40.6,Rocky,1621.2,3,0,500.0,6.9,3,0,39.1,Moderate
P-05899,110,Ductile Iron,2019,7,1433.1,16.7,Loam,1529.8,0,1,1040.2,3.0,1,0,4.9,Low
P-05900,40,HDPE,1998,28,1014.4,25.1,Rocky,1698.8,4,1,963.1,0.5,5,0,34.0,Moderate
P-05901,110,PVC,2018,8,2364.6,22.9,Loam,1403.6,1,0,1213.1,2.9,3,1,6.0,Low
P-05902,40,HDPE,2004,22,1958.6,39.6,Sandy,940.5,4,6,1068.0,0.6,3,1,54.1,High
P-05903,50,PVC,2018,8,1095.2,26.3,Loam,966.5,0,1,1192.2,3.6,5,1,5.8,Low
P-05904,110,PVC,2003,23,537.6,20.5,Sandy,1554.9,2,2,1216.2,3.2,1,0,24.1,Low
P-05905,32,PVC,1998,28,2151.1,49.6,Loam,1317.5,1,2,1425.7,4.9,2,0,50.8,High
P-05906,75,GI,2018,8,345.0,12.8,Rocky,881.0,1,1,1333.8,5.5,3,0,6.1,Low
P-05907,75,HDPE,1999,27,637.3,51.7,Clay,1273.8,3,1,1306.4,1.0,11,0,41.6,Moderate
P-05908,40,Ductile Iron,2002,24,993.4,50.6,Black Cotton,1292.3,2,0,1513.8,2.5,5,0,45.4,Moderate
P-05909,40,PVC,2003,23,197.1,32.8,Clay,930.4,4,4,1230.7,0.6,2,0,45.0,Moderate
P-05910,160,PVC,2023,3,841.0,33.4,Rocky,1613.3,0,0,1111.8,3.7,2,0,5.4,Low
P-05911,63,HDPE,1997,29,1032.6,53.5,Clay,1470.3,2,4,1444.1,2.4,7,1,58.5,High
P-05912,75,PVC,2018,8,2167.4,52.6,Rocky,836.4,1,3,1213.3,5.1,1,0,23.7,Low
P-05913,110,GI,2009,17,984.1,21.7,Black Cotton,1065.1,1,2,937.5,0.7,5,0,18.8,Low
P-05914,50,PVC,2020,6,1417.9,48.3,Loam,1179.7,1,1,1281.3,2.6,0,0,15.3,Low
P-05915,50,Ductile Iron,2012,14,211.7,40.2,Loam,948.4,0,0,1409.0,4.3,1,0,14.9,Low
P-05916,50,GI,2017,9,521.0,31.7,Clay,1539.9,2,1,1345.3,2.8,0,0,15.7,Low
P-05917,25,HDPE,2008,18,750.2,25.6,Sandy,1680.0,1,1,1014.9,20.7,8,0,14.0,Low
P-05918,160,PVC,2008,18,1378.7,32.5,Loam,1609.0,1,3,1165.5,7.2,2,0,23.9,Low
P-05919,40,PVC,1999,27,343.8,57.1,Sandy,1245.4,1,2,1041.6,4.0,6,0,49.1,Moderate
P-05920,160,PVC,2004,22,1815.7,33.2,Sandy,914.7,1,5,1331.5,3.3,5,0,30.8,Moderate
P-05921,90,GI,2011,15,341.4,63.0,Loam,1015.0,0,3,630.0,1.3,0,1,43.5,Moderate
P-05922,90,GI,2013,13,2279.7,31.0,Loam,1330.1,3,5,1338.8,0.4,2,1,29.6,Moderate
P-05923,50,PVC,2003,23,363.9,38.5,Rocky,1202.4,2,1,859.7,2.7,5,0,29.0,Moderate
P-05924,110,PVC,2024,2,155.6,31.6,Sandy,921.6,0,0,766.9,2.5,0,0,5.2,Low
P-05925,75,GI,1999,27,776.4,49.1,Loam,1743.0,8,2,1129.6,10.0,6,1,77.5,Very High
P-05926,50,HDPE,2000,26,2296.4,34.9,Loam,1596.3,2,5,1237.8,0.2,8,1,37.8,Moderate
P-05927,90,PVC,2021,5,1575.9,40.2,Rocky,1685.3,0,1,500.0,6.2,1,0,9.5,Low
P-05928,63,PVC,2012,14,233.2,42.6,Sandy,1328.9,0,1,1237.4,1.9,1,1,17.4,Low
P-05929,40,PVC,2016,10,119.3,29.9,Black Cotton,1673.8,2,1,958.3,2.2,1,0,16.9,Low
P-05930,40,GI,2009,17,785.3,26.3,Loam,1345.2,0,1,1588.3,2.9,3,0,14.1,Low
P-05931,75,HDPE,2002,24,2434.3,20.7,Loam,1573.4,4,1,1336.2,14.0,2,1,32.4,Moderate
P-05932,90,GI,2010,16,116.1,21.3,Rocky,917.7,2,1,930.4,4.9,5,0,14.3,Low
P-05933,90,HDPE,2011,15,877.2,47.0,Loam,1624.2,0,2,757.4,2.8,4,1,20.3,Low
P-05934,90,GI,1999,27,1583.6,21.4,Loam,1191.7,7,0,1033.0,1.2,4,0,45.3,Moderate
P-05935,40,Ductile Iron,2014,12,2354.1,51.4,Loam,1400.8,1,4,789.7,2.9,2,1,29.4,Moderate
P-05936,75,Ductile Iron,1999,27,119.6,30.1,Sandy,898.1,3,4,1271.1,5.3,3,1,45.9,Moderate
P-05937,40,HDPE,2004,22,782.4,33.2,Sandy,1621.7,0,2,991.1,2.7,3,0,22.0,Low
P-05938,110,PVC,2022,4,527.1,33.5,Loam,1255.6,0,0,985.8,5.6,2,0,5.9,Low
P-05939,160,Ductile Iron,2007,19,640.4,41.3,Sandy,969.3,2,3,1305.9,6.9,1,1,36.9,Moderate
P-05940,110,PVC,1995,31,84.8,15.5,Sandy,940.6,5,3,1152.7,1.5,5,1,42.1,Moderate
P-05941,63,GI,2020,6,2271.1,38.4,Sandy,1449.7,3,0,534.9,16.6,3,0,16.8,Low
P-05942,110,PVC,2003,23,2226.6,32.0,Sandy,1681.5,3,4,1073.6,0.2,3,0,38.5,Moderate
P-05943,90,PVC,2021,5,116.7,8.0,Loam,1603.5,2,1,1112.1,3.3,1,0,4.5,Low
P-05944,90,PVC,2016,10,2484.9,37.5,Black Cotton,1664.2,0,4,996.3,14.5,1,1,24.8,Low
P-05945,40,PVC,1996,30,2176.3,41.3,Rocky,1195.4,5,3,845.8,1.2,6,0,60.9,High
P-05946,75,GI,2019,7,2118.4,29.9,Sandy,1490.1,1,0,1108.6,7.0,1,0,9.9,Low
P-05947,40,HDPE,2005,21,1887.7,28.1,Sandy,1168.0,2,0,986.5,9.5,6,0,18.2,Low
P-05948,110,PVC,2015,11,1348.0,29.2,Clay,977.3,3,2,988.2,8.7,4,0,15.9,Low
P-05949,160,GI,1999,27,177.7,19.6,Sandy,1740.7,5,3,1012.6,5.2,9,0,38.7,Moderate
P-05950,90,PVC,2014,12,536.4,52.2,Clay,953.8,1,1,1138.5,6.8,3,1,22.4,Low
P-05951,75,PVC,1995,31,839.5,48.9,Loam,979.5,4,6,1204.3,5.8,6,0,74.3,High
P-05952,32,HDPE,1999,27,122.8,21.3,Sandy,1573.7,2,3,968.7,4.1,7,0,26.2,Moderate
P-05953,25,PVC,2005,21,269.7,46.3,Clay,943.9,2,2,807.8,1.5,3,0,36.8,Moderate
P-05954,63,PVC,1996,30,745.5,53.1,Black Cotton,1480.6,3,1,767.8,5.3,10,1,60.1,High
P-05955,63,PVC,2006,20,364.3,48.3,Rocky,821.8,3,4,889.3,6.8,2,0,50.8,High
P-05956,110,PVC,2012,14,102.5,30.9,Clay,1690.3,0,1,1074.9,1.6,3,0,11.0,Low
P-05957,90,PVC,2012,14,858.6,55.5,Sandy,1535.5,3,1,1264.4,13.2,5,0,34.5,Moderate
P-05958,63,PVC,2024,2,1843.2,37.9,Clay,1671.6,0,0,804.2,9.0,1,0,6.6,Low
P-05959,50,GI,2013,13,2176.0,46.9,Clay,849.2,0,0,953.1,3.9,3,0,18.1,Low
P-05960,160,GI,2010,16,285.1,49.3,Black Cotton,1653.4,2,0,805.0,5.1,0,1,42.9,Moderate
P-05961,32,PVC,2019,7,2250.3,26.2,Loam,877.1,2,0,998.8,2.3,1,0,8.1,Low
P-05962,63,HDPE,2018,8,964.3,26.8,Clay,1519.5,1,1,876.0,4.3,0,0,9.2,Low
P-05963,160,HDPE,2015,11,582.7,40.0,Clay,865.4,0,3,859.9,8.8,3,0,16.3,Low
P-05964,25,Ductile Iron,2021,5,1454.7,53.9,Clay,1200.9,0,0,839.9,1.9,1,0,12.2,Low
P-05965,75,PVC,2019,7,1680.7,30.2,Rocky,1669.2,0,0,1100.4,4.4,3,1,6.1,Low
P-05966,32,HDPE,2018,8,372.2,56.8,Sandy,926.0,0,1,1058.3,3.7,2,0,17.6,Low
P-05967,75,PVC,2017,9,2304.1,30.6,Clay,1528.1,1,1,833.5,14.7,1,1,12.1,Low
P-05968,75,PVC,2005,21,2068.3,39.7,Black Cotton,1356.2,3,5,1177.3,4.2,9,0,45.7,Moderate
P-05969,25,Ductile Iron,2024,2,2201.3,50.6,Clay,1680.5,0,0,1296.0,5.2,2,0,8.9,Low
P-05970,50,HDPE,2018,8,1369.7,33.0,Black Cotton,895.4,0,1,1212.5,1.7,2,0,11.3,Low
P-05971,110,PVC,2021,5,550.5,34.7,Sandy,832.0,1,0,737.5,1.0,0,0,8.2,Low
P-05972,160,PVC,2003,23,2385.2,43.9,Loam,1361.7,1,4,1065.5,7.0,3,0,42.2,Moderate
P-05973,90,PVC,2010,16,493.8,14.2,Clay,1646.0,2,1,1369.9,5.2,2,0,11.4,Low
P-05974,90,PVC,1996,30,1839.2,35.4,Clay,1156.2,2,2,1358.2,5.4,5,0,42.3,Moderate
P-05975,32,Ductile Iron,2012,14,2116.6,54.4,Rocky,1787.5,2,4,879.6,7.5,5,0,36.5,Moderate
P-05976,75,HDPE,2007,19,186.5,31.7,Clay,1187.4,5,1,1329.9,0.5,4,0,29.6,Moderate
P-05977,50,PVC,1998,28,140.4,21.0,Rocky,1342.0,3,3,874.8,7.6,6,0,33.6,Moderate
P-05978,25,HDPE,2022,4,240.7,41.8,Sandy,1107.2,1,0,927.2,3.0,2,0,8.8,Low
P-05979,110,HDPE,1996,30,695.8,31.3,Loam,1366.4,2,5,850.1,2.1,7,0,44.2,Moderate
P-05980,75,GI,2010,16,1684.2,41.1,Loam,1590.5,2,0,918.5,7.6,3,0,25.6,Moderate
P-05981,32,HDPE,2008,18,1278.6,13.0,Sandy,1145.8,1,0,1003.2,8.3,4,0,8.9,Low
P-05982,160,PVC,2008,18,1420.4,34.2,Sandy,1620.8,1,3,1082.1,3.4,3,0,22.9,Low
P-05983,32,GI,2010,16,211.7,33.7,Loam,1068.8,2,1,1173.4,3.9,2,0,23.3,Low
P-05984,50,HDPE,2023,3,995.9,44.8,Black Cotton,1658.2,1,0,1741.4,3.0,1,0,13.1,Low
P-05985,25,Ductile Iron,2001,25,1506.4,45.6,Sandy,1295.1,3,1,1206.5,2.6,6,0,40.6,Moderate
P-05986,25,HDPE,2015,11,94.7,28.9,Loam,1458.1,1,0,1010.0,0.1,5,0,7.7,Low
P-05987,25,GI,2008,18,1568.5,16.6,Clay,876.1,2,0,1015.2,3.4,5,0,12.4,Low
P-05988,75,PVC,2010,16,2025.6,39.5,Sandy,1166.1,2,1,1535.7,3.6,1,0,24.4,Low
P-05989,75,PVC,2017,9,2403.7,31.4,Loam,1247.8,2,1,1066.6,0.6,1,0,12.1,Low
P-05990,32,PVC,2004,22,2335.1,41.8,Sandy,1451.3,1,4,910.5,2.3,3,1,37.0,Moderate
P-05991,90,PVC,2009,17,1989.2,32.2,Clay,1720.5,3,2,811.0,1.1,4,0,22.8,Low
P-05992,25,PVC,1996,30,935.3,32.2,Black Cotton,809.3,2,3,722.4,1.5,5,1,50.0,Moderate
P-05993,63,PVC,2019,7,1151.8,41.7,Rocky,1627.2,1,0,593.7,3.0,3,0,10.2,Low
P-05994,63,Ductile Iron,2011,15,1487.8,14.1,Sandy,1126.1,1,3,500.0,8.4,3,0,11.3,Low
P-05995,110,PVC,2018,8,1570.4,35.0,Clay,1676.5,1,1,547.4,0.5,0,0,11.3,Low
P-05996,50,PVC,1999,27,2298.5,39.8,Rocky,1572.2,2,3,1220.4,11.5,8,1,41.6,Moderate
P-05997,110,PVC,2017,9,1702.4,21.7,Black Cotton,1260.4,0,1,969.5,2.1,1,0,9.0,Low
P-05998,63,GI,1997,29,130.4,17.3,Sandy,1118.6,4,3,810.9,9.5,4,0,44.8,Moderate
P-05999,25,HDPE,2018,8,1122.2,25.2,Loam,1576.5,4,1,763.8,8.7,1,0,14.2,Low
P-06000,50,GI,2006,20,2304.4,33.9,Sandy,940.5,3,2,957.3,6.3,4,0,34.1,Moderate
